sim_id,eps,b,Rp_um,L_um,solver_ok,Q05_Ah,Q3_Ah,Q_ratio,dV_3C,dV_3C_v1def
0,0.3332292137358728,1.247170841170186,7.755707010400444,92.40361843869232,True,4.800580557788396,0.9556197814380725,0.19906337784243366,1.3570486208556285,1.207400161349323
1,0.32750699492542956,2.4377682832362724,7.781194301490049,81.68962710626255,True,4.276321282475506,0.17872009667865468,0.04179295353954228,1.354385690051716,0.26883643873503305
2,0.39507911034122256,1.5104122105465785,11.268146009878837,81.23329557550181,True,3.7314012964272956,2.3797299338480227,0.6377577067699854,0.969198508854165,0.9710977046145759
3,0.3006852714647932,1.041382928790047,7.272782929005863,77.66477425751968,True,4.242805673946792,3.7566028814056995,0.8854053591172816,0.45308856812898357,0.45468969457450426
4,0.3204978602931037,1.1529521370579219,8.330861844140037,88.8065751020395,True,4.688762243117707,3.874332896058147,0.8263018458112263,0.6753782948000144,0.6574562682759941
5,0.40378056254209277,2.106734105523903,7.085146509878026,135.9998095495405,True,6.058136085277677,0.19551516036894032,0.03227315425351308,1.3148723979553383,0.25785909320219913
6,0.28749883740274873,1.678604020969111,10.412666394981365,103.90802883053956,True,5.68398598178585,0.2088027245617923,0.0367352638150224,1.311033874497642,0.2607968332766917
7,0.42202188539317426,1.982737713285068,7.691276189220461,58.37146206204046,True,2.6139155649971313,2.1448203820456238,0.8205392747825723,0.4711672137914982,0.4657801906136787
8,0.2874523048445583,1.4497221552204738,2.812652220943621,89.3214737888412,True,5.040606850656382,0.2915562349904235,0.057841494809788105,1.3802949456837657,0.267322884605532
9,0.3561489566720465,2.4973932213053303,2.6388654532547458,112.47485837023928,True,5.712541665782972,0.1706883983284852,0.029879589211729684,1.3386735632054938,0.2639106813212595
10,0.3592678420868959,1.7906254913529565,6.586498674489989,129.4559435011378,True,6.058504938451224,0.20663864169806928,0.03410720034023669,1.3210914833025131,0.25635839936212923
11,0.3215792579168814,1.2333964267318773,10.28306260810485,90.08202523532314,True,4.69613240446024,1.385329475622622,0.2949937004133187,1.3021389652652506,1.2297719489979233
12,0.32397198788216214,1.766395185637293,5.374000458987625,76.5046686978612,True,4.074598187356291,0.2840005680958444,0.06970026369154982,1.3904364590447842,0.2728900299323147
13,0.3545631114279123,2.390001361857556,8.341474173106867,106.21486719360401,True,5.31783389970085,0.17736304058671595,0.033352497263348775,1.320135686454083,0.2687765799757518
14,0.2861659921590793,2.2145734441030354,2.8993010150093617,102.2398461466909,True,5.751561244689048,0.16794887727477784,0.029200571832536888,1.3321938211124076,0.2712599232381536
15,0.3119881857482478,2.1148966778453926,4.922173819467594,129.5255750514163,True,6.0590154368881395,0.16953610727275542,0.027980801342837935,1.3158043024845023,0.2718401713686993
16,0.3248260489428,1.0970848154495065,2.7572039641962727,70.77632224558718,True,3.801193328563258,3.657828582404529,0.9622842792337224,0.39748283241833304,0.43277058962535175
17,0.44192238048406174,1.5651724619580758,8.223927076635903,115.63661621103239,True,5.0156460314476305,0.3208868837926511,0.0639771789677183,1.3468581310825467,0.28025946768239907
18,0.2931874607387722,1.050074545385601,11.234708486291556,87.78733772485901,True,4.739931033577072,3.7185829496357248,0.7845225855173321,0.5088487746526043,0.49042236067414713
19,0.28864504453058987,1.676003562613955,4.077214839238294,136.63472458059022,True,6.059164620537947,0.18602678764923053,0.030701721986341184,1.3327761480639837,0.25504551084760196
20,0.3759935333490722,2.24619520985392,2.53592989807667,62.09748621860415,True,3.0887796018885396,0.29204850561031553,0.09455142264982307,1.4517433812060037,0.2734495261004186
21,0.30966306947378364,2.494682464104418,9.631388203247019,77.15921552463868,True,4.098756199717526,0.1711952775874011,0.041767616624574885,1.3460322747711402,0.2752191942367439
22,0.36609129189878215,1.2298742164186725,7.654238439486433,56.1336655831215,True,2.7608812614832607,2.3029105798236826,0.8341215581964082,0.4160947883454513,0.41693324598070847
23,0.4072070767165762,1.6739642340804277,6.063492439554261,118.77663728330965,True,5.514192774266231,0.26136339174723283,0.047398305145763105,1.3426815425581475,0.26313417794691096
24,0.35349424592810297,1.545934262560513,6.109409970489397,57.921714605095275,True,2.938626150038466,2.6162077329404587,0.8902826012441948,0.4344228709276723,0.45411486663945677
25,0.43938277064128983,1.101475219649642,6.788670650192702,95.58638706301936,True,4.196081210783572,3.7567166984856923,0.8952917042766593,0.45083331313047825,0.4586781076124491
26,0.3354388061731629,1.9722123323581309,11.807753192489281,81.03774912971697,True,4.081640371415961,0.22393308226938885,0.054863501409288605,1.352830121608008,0.25885685617075094
27,0.40188180676821694,2.242073048202592,8.367721118550833,59.12589364858422,True,2.726716278046881,0.376433134780036,0.13805365002979744,1.4166750203799454,0.30287663508730667
28,0.3388789936869472,1.0460655853232936,8.069116136085304,134.47145235721584,True,6.0590011802720305,0.344495435112172,0.05685680277367189,1.32434151198192,0.28926526812511755
29,0.34504552583996406,1.8807104027830368,6.882839534801125,66.9367711021684,True,3.4281179612006447,0.32123794474354117,0.09370679433418114,1.4028384598586645,0.28294547401845094
30,0.4273403516726424,1.634762615048834,9.8945777783943,131.79128866690232,True,5.80953927327663,0.25806530133779954,0.0444209582203665,1.3153439687006454,0.26275897553758476
31,0.43877646279522176,2.1816295068855664,8.498350693938336,82.93349641150103,True,3.604820053027498,0.2733985605150759,0.07584249879143423,1.386688271544939,0.26601426401579653
32,0.30158121074774363,1.2403092665708666,5.809147035157316,50.948369594673046,True,2.7966818979911525,2.5089767532571967,0.8971262534574942,0.40444663814209747,0.4238027242215572
33,0.3845856098031255,1.417489847646599,7.202045422542593,102.06397382580366,True,4.905631141856478,0.3748260036699126,0.07640729456231887,1.3561485692175133,0.29915178080630733
34,0.4349585224668745,2.0196382724222928,7.661086323863749,94.14127715000349,True,4.145765815979781,0.27721009561978316,0.06686583563193119,1.3737359200614856,0.2684993671008433
35,0.4474936340418788,1.7301319697542341,5.445310867725125,71.84427223764308,True,3.1274863156148225,2.8458668993295926,0.9099534297307174,0.44674864320597196,0.48166942024435855
36,0.37209975340091017,2.2500497682526808,11.793342155013287,82.06156974188877,True,3.899811424569286,0.21170570613852813,0.05428613927451888,1.3567863302057592,0.25765091422217745
37,0.4154526925258741,1.6772337909400896,5.300868540379028,76.23967276526722,True,3.51412030076802,2.833631287560552,0.8063558003239828,0.9367725426472902,0.9720092869254455
38,0.37782307882743515,1.7668344728923457,2.2644571212943228,63.06474919581321,True,3.1303001997469653,3.0141243175928834,0.9628866643002889,0.4536536008466996,0.502852810892398
39,0.4412210951283737,1.815505433023981,11.961365026928565,107.8804108628637,True,4.57782477572956,0.2710181361402141,0.05920238310061188,1.341131120736497,0.26413718478356163
40,0.37485084201959373,1.0788129911161468,4.603848930045526,64.03831643497207,True,3.167313655903145,2.9565529369746164,0.9334575789373688,0.38689048015380756,0.4300070033934347
41,0.4423878375401017,2.003971808287103,8.170851051284338,99.6436286837571,True,4.319091866313946,0.2719310094529025,0.06296022818449039,1.3653705701130336,0.266889854932308
42,0.3341180431941101,1.8685353254536976,5.588545410809299,75.22182242918457,True,3.9430563842704442,0.27135753929681095,0.06881908673162895,1.3926721100079158,0.26966817733169046
43,0.44402824296730176,1.8850479673224634,5.314176960912089,133.87797902212736,True,5.833762513947928,0.2323611735365016,0.039830413559165265,1.3362520598822183,0.2555680543803662
44,0.33402301674989976,1.2272557183269581,7.745541613668726,60.09131263912444,True,3.109206244048514,2.6297301570062093,0.8457882657478596,0.4277825488705571,0.43830934277054023
45,0.32165928263827537,1.8588299150202265,11.817405708198066,94.04078319266762,True,4.85352609487441,0.21400247446299597,0.04409216521757127,1.328931819045112,0.2594115193568811
46,0.3572843789432706,2.3742537540526243,3.1881317113556316,135.54074899993725,True,6.058958876586889,0.16815838286408047,0.027753676215542637,1.3245062479474075,0.2666190596502753
47,0.4478965228830354,1.7573031546130577,11.61531593424733,78.78915632412475,True,3.276934917573953,1.7055556010643789,0.5204728332923592,0.9757843232339534,0.9948331478719621
48,0.33736456557574507,2.4386266654959066,5.0342335784168775,69.9269329261329,True,3.655844091673559,0.19871360611659278,0.05435505484743645,1.3981161076247335,0.2641298511364343
49,0.3586590524627208,2.297594078469372,6.7540178266714275,115.1460354347195,True,5.7580904499614345,0.17996743830106532,0.03125470846021022,1.3173317973635759,0.2662941027967407
50,0.43106392058874954,1.9810211301804541,9.737496294068988,121.27352461238519,True,5.3191151973678465,0.22931764807098812,0.04311199129217309,1.3266014657070442,0.2580849897311954
51,0.4175288154155448,2.472077757977501,7.7093408889110675,133.39950535968742,True,6.019810292907627,0.1816367605162903,0.030173170196125563,1.3059275557713987,0.2642581701753155
52,0.3138196442371066,2.0278702525512844,3.9615286878217857,109.05884975258505,True,5.881474223972522,0.18455225802597278,0.03137857125578299,1.3326989025129419,0.2601683859926083
53,0.4103730190696089,2.1423969066053634,10.291422964351922,105.3617457198238,True,4.772349509861662,0.219792516581869,0.046055410679307136,1.337877331507432,0.25813003119938216
54,0.29834886009111766,1.9171571846472621,11.945362187244967,106.90710898127787,True,5.707607204085598,0.1855670228542098,0.03251222731679537,1.2992366862413367,0.26423039555798056
55,0.28762441936119865,2.4171335619659864,10.731685678936183,121.05699695343289,True,6.05847197116838,0.1510488528443571,0.024931839837368634,1.2627268098739335,0.311868311991752
56,0.375770652070715,1.028556393678016,5.099875702543069,108.9250160880953,True,5.346796782734967,4.395545678149393,0.822089534493399,0.8017875049380514,0.7822931642141917
57,0.33528111211550715,2.094920576947187,6.0792983020146805,124.00613985563076,True,6.058424658166032,0.17957506699557868,0.029640554620669078,1.314323063823858,0.2652357973087258
58,0.41081787028746786,1.1105529680850743,3.715334883891999,100.18380375879742,True,4.671203485964664,4.392289174242777,0.9402906954150195,0.45461855007295027,0.4483424387458568
59,0.4215702725638678,1.3579114274130608,11.004910816080114,79.06508852014554,True,3.472380494256985,2.572328316253671,0.7407967878255503,0.4571452997837757,0.4668815150877279
60,0.327529498567735,2.385402387183756,5.663836796290168,51.281115368423045,True,2.7112879347391563,0.23983507841108143,0.08845798903839223,1.4306140513918146,0.26683174171977164
61,0.3394484886552405,1.073599195784668,5.261984464213306,133.9964342793827,True,6.059055717680296,0.34135125524327825,0.056337368584879796,1.3386181547531546,0.2862245852597587
62,0.3090381943563104,2.4846805884352197,7.516740344872101,98.65096292157114,True,5.303170325588015,0.160329026946655,0.030232675381565786,1.3115937368166573,0.2873361889399644
63,0.44647641876502353,1.2173141203277864,2.8038166881850124,52.756429357389045,True,2.3307768426099718,2.2364075797952943,0.9595116696332867,0.35980245991589843,0.3934574341926216
64,0.364760591655109,1.2894210414401095,11.429667205715225,69.14325048513096,True,3.3165179760491332,2.372323110820063,0.7153053678443013,0.4447517832877841,0.45088062393658346
65,0.4124175752742436,1.9908815018571577,7.55344832663038,107.09852576301628,True,4.905826407648093,0.2366930300435385,0.048247330903217124,1.3491862105934644,0.25966269461058245
66,0.4408267175098386,1.7093758512079487,10.553576399588309,106.87308739721635,True,4.582448842841973,0.30029675606612943,0.06553193856931078,1.3477308312380858,0.2727283443866244
67,0.3078701833445885,2.4069841389877475,4.334723022954179,113.8471411338079,True,6.057260052744473,0.16041622362412733,0.026483298096380167,1.305533688736587,0.28681856103646686
68,0.41633546253572673,2.0585566421379164,4.121596427366002,107.58228662944256,True,4.9569733169097345,0.23019174108106064,0.046437962515514665,1.3693366577256687,0.25593673819911
69,0.2865179707567591,2.3556216053222334,8.680624975288827,53.696699076793,True,2.9506868072408134,0.1996256551238214,0.06765396267538516,1.3984627096742606,0.2668784688722874
70,0.3997613046197289,1.0066138761928025,2.613816275644478,59.84377755908755,True,2.864853837624433,2.766152996486272,0.9655476869912482,0.3645955749020353,0.41130312116474554
71,0.3178614452246019,1.8786878031807226,7.019753729400362,133.68318736376932,True,6.0590558302294095,0.1827533743778965,0.030162021855965806,1.3142057801390594,0.26345148247810757
72,0.309875480999359,2.499923746072822,5.530832707231058,89.05766171600906,True,4.826454673970941,0.1650900119884227,0.03420523409838546,1.3409496020666336,0.2812931242211594
73,0.4380213884411335,1.4656756651438152,11.600782125242011,135.09938060852326,True,5.79232797709831,0.2859023896852985,0.049358805443286115,1.3104452908991528,0.26923185347014966
74,0.4006167364921501,2.081648480589795,3.036102612296143,98.48108825258021,True,4.677836921352898,0.2313915293118796,0.049465497237761294,1.3869187640351113,0.2540219840968496
75,0.43412378530986084,1.0921490858436902,2.292319659820262,113.11185997084144,True,5.075359604783086,4.515361880147381,0.8896634389988928,0.6398298310883224,0.6212708044335407
76,0.31741210636774964,2.198152900475805,3.763074552519498,100.86621965279431,True,5.427023360533152,0.17973673323003472,0.03311884274114813,1.3449441080484625,0.26393508963051593
77,0.38384735061801245,2.0476451736917847,8.422610613629882,81.93123997841323,True,3.915538942194462,0.254394778359835,0.06497056525691443,1.3757142779023908,0.26369132159017283
78,0.3155952315550551,1.6034743661424136,9.47316803775087,139.17526269960143,True,6.0590901658045215,0.1998579992728106,0.03298482013037903,1.31050976308213,0.25856561471536077
79,0.43475274555322324,2.445485692490908,6.888515617627144,132.8023013932978,True,5.84840686721088,0.18871645604094764,0.03226801081487462,1.3176895438243275,0.2602692547451957
80,0.2850221104183393,1.3251393171787749,9.723358193974976,72.25090543445765,True,3.974705704178911,3.19534585079982,0.8039201109758415,0.5238631586446889,0.528545630148908
81,0.40215787235845424,2.46726055949458,8.905978040860266,69.82102749757703,True,3.2162841172180703,0.23064934834232148,0.07171298925600578,1.3942960403243125,0.2592488265597179
82,0.3304362020015123,1.9545338832893633,4.401325534188448,73.84089179330934,True,3.9103453008269806,0.25170906070222937,0.06437003418828424,1.4017686011311468,0.2649850497422399
83,0.38177094215905044,2.2031044606987553,3.974339485813492,70.53735291167561,True,3.456980837767595,0.2657639166178857,0.07687746304937788,1.4222620001986717,0.2675454640895967
84,0.4136119168614005,2.3419557132787965,3.849577533905882,94.14788270797847,True,4.3691480119004185,0.21727558995184643,0.04972951004636246,1.3880890683029605,0.2563515767949873
85,0.2948633203259468,1.8985308398155682,11.480995579119575,57.353284309799015,True,3.0399216557170408,0.31278250172925,0.10289163246724281,1.3897797422146478,0.2854379209773059
86,0.3549034769511065,1.1051536638707626,11.810269864685914,72.89359774907723,True,3.547998200180938,2.5400662270853913,0.7159153087946479,0.4401007742064622,0.4483527433574226
87,0.2917648435488946,2.460928713101827,6.59191917149988,131.71229189131583,True,6.0589647534432745,0.1483516887411379,0.02448465947203778,1.2740205018682,0.3194064880590828
88,0.3822069791980249,2.4583206771144743,3.887670074235094,114.5964815701019,True,5.574760773452407,0.17955097369640888,0.03220783473820964,1.3400371724140614,0.2621437374869795
89,0.34640506651184944,2.159650566462616,2.132539233922123,71.70801829513148,True,3.733385883178253,0.23450194821754877,0.06281213770967492,1.4286582570882795,0.25536450245534015
90,0.3636458449199664,2.3619101998086243,4.564414482170499,135.22605309446402,True,6.05884652764926,0.17043137359141358,0.02812934323615197,1.317840749484605,0.26961775570941393
91,0.42070408162077155,1.1129360437744071,9.11612839291929,55.054794586401115,True,2.4347009025374517,1.8258426786236992,0.7499248374700979,0.40310059472480786,0.39015242390660765
92,0.3889416407905421,1.9248262250894788,11.631187339264645,60.24782592765904,True,2.7493901126102767,1.593165307274279,0.5794613503435221,0.9536105390545004,0.9465783761540476
93,0.3475440436784894,1.0170141700148467,3.139211941756875,58.0933497482356,True,3.0167667992159544,2.89186183441567,0.9585964136065317,0.37034760682497847,0.4182798641728005
94,0.34299042916561306,1.220921571972101,10.793083400886113,115.21716414310951,True,5.801418924913148,0.3249034685826304,0.05600413843368405,1.314547863470397,0.2811685249902718
95,0.3985279955894535,1.797297895009871,10.906098492530454,79.76842836961438,True,3.6513357171978655,0.3741034035132937,0.10245658917399982,1.3749787576724892,0.2994247619121113
96,0.41299300944475414,2.1190100263413068,8.111411198819981,134.82719624029983,True,6.056643062650753,0.1987069205285803,0.032808094925378374,1.3096483530492011,0.2577437585014626
97,0.4108049293209366,2.125862099740607,2.776814630580044,102.50951352447493,True,4.7874460985713885,0.22642612933070966,0.0472958075493063,1.3851553654385644,0.2516066998826503
98,0.2921899980700026,2.369735427726171,7.679938486570556,97.09455569171712,True,5.342845159882691,0.16126744225321907,0.030183813572609675,1.310695074936914,0.28638562449897
99,0.28689984104154836,2.2950284807309917,4.097707259591007,52.90509586428195,True,2.9901463495396183,0.21760368281866463,0.07277358944393081,1.4314734681526522,0.2685006699733874
100,0.3129543361717274,2.2645611685783633,6.566093529822842,101.43002352150518,True,5.443336410916019,0.17364345213349244,0.031900187499943854,1.3231507070997974,0.27307964332961765
101,0.3566702520540838,1.9368405999817693,4.75858045781068,124.70733965391526,True,6.05812704595877,0.19689735609602638,0.03250135802737446,1.3282176239547372,0.25549205041018697
102,0.44293595433979094,2.1407506714521443,9.026671576319465,122.64574437429985,True,5.286013065494988,0.21872163485935214,0.041377429860527754,1.3293058826194324,0.25706150691568075
103,0.4406423125382064,1.7110772249508275,8.549855002483977,105.33916273738814,True,4.572129754303178,0.30930232384653833,0.06764950700610159,1.3575767976870772,0.27602391244671587
104,0.44777784314061087,2.178417424044481,5.764008978863935,101.2590212797791,True,4.396091038104969,0.2470130166480196,0.05618924051092899,1.375934561816814,0.2611394577027717
105,0.42571921713165717,1.969722877967129,9.099972850829356,57.01767539373435,True,2.5020157466458293,1.8832273944653897,0.752684069630665,0.4590942490498495,0.44667449513946966
106,0.35058349635989994,1.9023988886418555,11.748807235896864,97.66177660206846,True,4.827513347865798,0.22069248500283356,0.04571556184311739,1.3308056005482531,0.2588647082485651
107,0.29402013528508697,1.2191492771097687,7.715361022849139,69.94525512204031,True,3.8466338454199565,3.3328613614771143,0.8664358229586703,0.4621259370281745,0.47184916188228376
108,0.34275565973336186,2.155121514836009,5.324799243502264,86.44091980501764,True,4.472457345238553,0.20646465000904476,0.046163581689348074,1.371373722292474,0.2602752399883004
109,0.362694381487259,1.8883716017573553,5.961274059358356,130.34164946699406,True,6.058543224146961,0.1992086733315576,0.032880622611982116,1.3228220206208579,0.2564474653531317
110,0.3875376538565203,1.0006335902556691,3.4113268945403243,107.5013131329109,True,5.204866500336067,4.522849817092294,0.8689655761200146,0.4698625017216278,0.4487475754181207
111,0.362256985506138,2.037467571477039,5.220098976075507,118.28248053773103,True,5.908226694451306,0.19580784224762104,0.03314155877456656,1.3280375473882606,0.25742436988038486
112,0.31586536747322574,1.0617877682725543,10.5147882472421,63.415213442988495,True,3.302640359272675,2.4837041146584284,0.7520358999080975,0.4270996249256469,0.4343401571250691
113,0.34564468584576646,2.355120154115183,11.639541394970879,106.73674100470038,True,5.3219579920814635,0.17280392690769567,0.03246999077497614,1.304935065181326,0.2693867836638666
114,0.3355066976897379,1.3829060795181563,2.116079595258293,131.10636162460514,True,6.05905641458599,0.244810413677044,0.04040404923243674,1.3548052759357518,0.24090368294369124
115,0.42411134488225355,1.4821411523090011,6.52526987773221,128.19643958153682,True,5.766758627889267,0.2970125826039531,0.051504250787875405,1.3345778247348727,0.27301750776527633
116,0.32083586853665635,1.7269751680415582,9.516753834223772,55.2676732515637,True,2.869252872921097,2.181466431819603,0.7602907545749775,0.4826783671662862,0.4794208660847641
117,0.4278873826858568,1.659618735446165,4.2029798280462956,87.46366240717327,True,3.960832515779751,0.9610189557107042,0.24263054594761446,1.4069365882248515,1.3614376490073337
118,0.3320098665102732,2.3828994290425953,7.943609622271094,77.52628829283077,True,4.027297322215393,0.18897578520595176,0.046923723302851966,1.365042508139461,0.2649466594832801
119,0.29101362822683713,1.8575417593397225,3.8718268544129084,130.12646850965365,True,6.059117686654598,0.17739135985552792,0.02927676421374652,1.3284658561012157,0.26054975589733687
120,0.3489002534356986,1.7153367786049771,8.072058468757955,124.86573315899072,True,6.058121202372976,0.2133238430646382,0.03521287143959399,1.3139672030091272,0.2574023575590467
121,0.3759619349140864,2.3354361999668827,9.372629336624549,61.284848320930806,True,2.928483543612266,0.25516423978241004,0.0871318673922499,1.4027146912980974,0.26433259616866867
122,0.32857134107568464,1.7728256710746761,2.6314899890944483,122.19584231830095,True,6.05858517686627,0.2012878406885024,0.03322357197470583,1.343878007342366,0.2454166479825184
123,0.4008995431901957,1.592262839386132,6.51106283889007,59.20028850273802,True,2.7747820516884967,2.4236617019686313,0.8734602058182539,0.4323092097825705,0.44144603297621376
124,0.42675832945340975,1.1862804906392943,10.143196713327749,77.6069267339927,True,3.40024540457813,2.6227079687833132,0.771329023855769,0.43864606708927933,0.44788144828498444
125,0.30577738001647903,2.342585197834957,3.5253947140135242,132.05733651836675,True,6.059052821399144,0.1576305097715735,0.02601570153256624,1.3086223571290048,0.28799578165762485
126,0.42590077661524706,2.206900097191927,3.953427746541279,70.57231779369447,True,3.213338238727867,0.3338736082565087,0.10390241656872275,1.4333634539825009,0.28721013762454106
127,0.29636299796004606,1.5676631074567486,3.984639704264635,118.72211030550322,True,6.058697121080497,0.21164156549756147,0.03493186097076556,1.3371636777372613,0.2525185437655564
128,0.28416027672706295,2.2515395414228996,4.913329349797492,104.57721524996637,True,5.8634759942711,0.16401670124095313,0.02797260556727876,1.3118024458861623,0.2831922090168173
129,0.4137633190635669,2.183692980574956,6.904926585782199,80.96777719589657,True,3.7126588391013167,0.26458230282653533,0.07126491129214015,1.3913692932889141,0.2663523063190474
130,0.3041521934179962,2.188470803820106,3.454231935504697,133.13296218164248,True,6.059090668557923,0.16306598205943054,0.026912616261977905,1.3179740825605344,0.2755067630385195
131,0.3854748278327515,1.7744763104791912,5.235207854095495,105.66520409873374,True,5.106483676491361,0.2533598659972974,0.04961532867787011,1.3588738286033992,0.26170563553736237
132,0.3843993710842349,2.0902667788675595,4.271561674754169,89.07325671355322,True,4.334669709000112,0.23590835569384083,0.054423605841068416,1.387871604859166,0.25943140317430524
133,0.3713420334559111,1.0362693335240605,5.044946361775121,73.75059240536291,True,3.6601792921452745,3.399310760531462,0.9287279363134929,0.40173818789824445,0.4389754956039571
134,0.4197803674942478,1.1776271865218062,11.579170465660617,108.32736630692524,True,4.791019363557929,2.37163010908318,0.4950157636854026,1.1381481631538168,1.1372367291639462
135,0.3917759236947719,1.9790830229289786,6.960804651345591,84.24543552510531,True,4.007747268112998,0.27350707365958027,0.06824459112871106,1.3818872025689681,0.268498942742772
136,0.43426296434947165,1.2719138157900591,2.2080371364207902,50.53639778223592,True,2.287318709883112,2.215069809249414,0.9684132778167193,0.35586299176264724,0.3892275879032927
137,0.43506079693531247,2.4434246657295082,4.717653365329048,132.1182197161784,True,5.855994301391702,0.1892531634685955,0.03231785307981237,1.330565058777612,0.25754040614825113
138,0.3575896212345604,1.0383196722833827,3.7397767545551286,107.00452164717754,True,5.4246708327647415,3.944113525641795,0.7270696503499431,0.9504837930633685,0.9487514628841072
139,0.3651451749569233,1.0723823518431987,10.892067774134926,130.3928019510867,True,6.058213600812142,0.3629769823171572,0.05991485382233763,1.3100580988286996,0.29451237928884266
140,0.34212785019656267,1.6575672494094582,10.525782058076187,124.22130850847847,True,6.057934733050193,0.21706710354864922,0.035831865662797446,1.3039084952609632,0.25823630377120743
141,0.40888982233073856,1.0227473475584865,4.411185484904802,52.697385118322536,True,2.4671519156164963,2.2891624649241145,0.9278563068752474,0.37031838379829374,0.3971205738300072
142,0.35000883828728074,1.7855953544235537,11.628307717583514,100.00199845070208,True,4.953809527884811,0.2328784148424765,0.047009965468315346,1.328847556446226,0.2598352323508646
143,0.3236489813367701,1.8694235293079056,5.590739922415595,137.63728438326933,True,6.059107837489039,0.18334766092631902,0.030259844492601128,1.3223869102893877,0.260575182208425
144,0.33389768805927095,1.5065596570445972,6.365748628505831,56.77967341419838,True,2.9635528546946213,2.618406832014015,0.8835364039032224,0.43690891166466006,0.453673341488142
145,0.34676760055852485,1.1796014417192466,5.3294751014205195,84.40706513719843,True,4.34385995521712,4.004960634377501,0.9219819873721783,0.4557501766202843,0.46657782566593076
146,0.2871470262978331,1.9872768758197263,5.944112467087815,88.86475149639756,True,4.9689233326356,0.19239845149726392,0.03872035018805826,1.348636252229713,0.2643857476486535
147,0.3654087137441787,2.175231382651151,8.595362697707479,137.36983067022845,True,6.058806340725234,0.17870369012254542,0.029494867482619477,1.3032099278957658,0.2664841250863099
148,0.4010988595188443,1.7540511421063316,7.619963427718535,137.01748900520298,True,6.058324134576882,0.22191710646254262,0.0366301144562384,1.3178060594381358,0.2562754044106712
149,0.4212952421554156,1.290524672670198,4.5850909702622875,60.81708390306539,True,2.784819674884962,2.5859674070820184,0.9285942032095281,0.3871359894216404,0.4245833450896228
150,0.29347441200074165,2.054678925577612,2.6204833606401796,120.48256868239767,True,6.058835725945064,0.17075973712076703,0.028183589198423387,1.3298077382716684,0.26103229592193244
151,0.4052081270459983,1.2064134961219464,7.265665992808691,108.80986531679673,True,5.052388941317345,1.532626442697847,0.30334688411740424,1.285633572418495,1.2263397613947395
152,0.32634774485224555,2.3661699334753545,9.567234480987945,94.4755653915733,True,4.907276371542624,0.17270317760968018,0.03519328534483787,1.324575878141522,0.27095875320979435
153,0.36874256571508,2.240511566438926,3.1285588587725606,65.6719810926153,True,3.2968617812466166,0.2620387171950889,0.07948125659547858,1.436092404005859,0.2664068782449558
154,0.38321125139927553,1.9484901303540152,9.21438065112568,95.94315738678715,True,4.5741101857888165,0.24096788912923728,0.052680823010756085,1.350658637806423,0.26123337939456004
155,0.38516392583416004,2.4216327251936374,5.315072299152526,138.31407619447128,True,6.058732035632832,0.17276532279068704,0.028515095530651204,1.3149449389899188,0.26872708204894824
156,0.32505187705677874,1.6019413179983544,6.3610315892472,119.47618313274597,True,6.058121126629185,0.2205630214817507,0.03640782626683378,1.3235648106879165,0.25715889048068963
157,0.44349278575463835,2.036648455159761,8.1403764916639,138.07298376092223,True,5.954626780110248,0.21451867533252983,0.0360255450516343,1.314963451413382,0.2560895351755561
158,0.4307018574881879,2.32272047324402,6.894756507638431,59.175082296899845,True,2.6264491777709913,0.49607618222865224,0.18887712978693957,1.429296799952683,0.35285966612295505
159,0.3811775990215633,1.8814650563527662,2.916131396586242,127.2260544553375,True,6.057722093105819,0.20940104757476113,0.03456762201307924,1.3431515814298836,0.24665118824534726
160,0.42460714832517954,1.39314934630592,8.714755181450883,58.49444591823014,True,2.584000652570202,2.0136580849404266,0.7792792478351434,0.4180610953998256,0.40906409649912767
161,0.38067213868926314,1.8228564060215313,8.879977499375302,130.03184167960478,True,6.057722377877715,0.2121964882231056,0.03502908766470201,1.309622519743649,0.25712959670113245
162,0.3187874305710541,2.2172277945331533,11.352993222212232,121.14969643033773,True,6.057944973441618,0.16588819144315733,0.02738357515137902,1.2833178419348954,0.2767014725587513
163,0.2857229129112473,1.3620717562274796,9.530736094351841,95.47933858594658,True,5.2646308965690265,0.28498490358052486,0.05413198174372495,1.3323953631978087,0.27127723112594815
164,0.2880874657029528,2.031025792261661,10.972048398745583,134.71713769695134,True,6.059023197916065,0.16221015828446142,0.026771668136252036,1.2865207706123574,0.2820526399835721
165,0.3990616398706859,2.3433350818283714,4.349062031590302,93.15118347839439,True,4.422414398256605,0.21041999139224868,0.04758034242001383,1.3811330506289106,0.2574074479958264
166,0.4452959362102237,1.1689617706392688,7.045962841970119,109.130056548347,True,4.732582015615523,4.035880657603805,0.8527862051385696,0.6607571755388246,0.6496573876620442
167,0.3146548092251541,1.7834440435366516,2.8543158936098516,132.41413076316695,True,6.059129848508041,0.1888236387384505,0.031163491039054917,1.340129969999238,0.24785859009412414
168,0.3281102056968327,1.1742243392424094,6.022023935797933,56.91234339081852,True,3.002971708067589,2.691958091644414,0.8964313864204494,0.4066795479668621,0.4305348368017001
169,0.29437219960537575,1.3746273125529023,11.409328165433434,62.98855796915604,True,3.3582605315312293,2.4089379284607024,0.7173171663850408,0.464049619108756,0.46991541483534816
170,0.280674290833148,1.0140985157217335,10.149911656095,106.6346024037575,True,5.896400307970767,0.6376237533138854,0.10813779933698603,1.3159586352854893,0.793476438516389
171,0.3816910640774791,2.170492530653216,2.677898091142474,83.256835582722,True,4.090885807022115,0.23438344203395292,0.057294056370780985,1.4101165511729175,0.2557815162932653
172,0.43625108313466615,1.3835943575222913,4.51357729562444,96.80463514405523,True,4.3121911075200305,3.418540289739096,0.7927617780616224,0.9401777389204851,0.9671969901915323
173,0.37433001674506516,2.4637559929521125,10.450454675927885,50.83117060751217,True,2.390302695331645,0.2901527355437688,0.12138744440628733,1.411016026893365,0.2754860452901773
174,0.3494669029742995,1.4023069414043772,11.301732803954952,124.82152775188183,True,6.057561163440868,0.2597613019702133,0.04288215916629085,1.3042421028144435,0.2641530080392376
175,0.28890448337476177,1.4265081307396235,7.569222792179582,95.68065585356192,True,5.300949929559088,0.27477294410473496,0.05183466128826263,1.3403385155057097,0.26970217991948786
176,0.29553092401067377,2.166578882954189,8.881040127874293,121.4247279150781,True,6.058594186777807,0.16211356873186272,0.026757621278820285,1.2906936887043252,0.28236524362639503
177,0.32475773716802037,1.63189280701856,10.220026491255325,74.62964311353595,True,3.86118911348548,0.34716910278496643,0.08991248358503173,1.371210201955816,0.29123015115582973
178,0.439645755732335,1.6353230845230855,3.091062050818853,111.77666692947709,True,4.959089256234862,0.33167965260830445,0.06688317863835523,1.3823858704275929,0.2805248920329282
179,0.39801721548763236,2.086673579382014,4.63673538936718,74.97700927573155,True,3.5685551911676185,0.2977353895313483,0.08343303482268137,1.4138431832919651,0.27600364472935146
180,0.4025264177745345,2.1869252706303492,8.944820786242909,58.64181014649519,True,2.686756255770848,0.5466494148595826,0.20346073957600047,1.4152443788581786,0.38121602044091984
181,0.32138624477184896,2.4114691906800214,5.028769666942475,112.63705113047368,True,5.9771456656099,0.16431057204982313,0.027489805543003627,1.308514174054245,0.28148518654753474
182,0.380856314983395,1.2216129341490571,8.138437150254857,85.72770677828413,True,4.1266874612323745,3.548716397515326,0.8599430974245755,0.47756068029199694,0.47835097504710067
183,0.2900205139686988,1.0807116217165076,2.7296973577458674,112.65358146234756,True,6.0582869450126084,0.3952949084831693,0.06524862755280843,1.352917499504156,0.29926297093729604
184,0.4167474032539704,1.1122734463234123,7.45802937111411,52.096252566511886,True,2.3544629502642898,1.9278636134383318,0.8188124655866545,0.39942691877996683,0.38827829969094285
185,0.34128485883984766,2.418165947221751,2.1506861771812957,103.36994451218698,True,5.386769299403119,0.1740434230848889,0.03230942581932621,1.355058088008672,0.25817186989458873
186,0.4292168057747559,1.2741328734951196,9.358334529194947,79.63559028409341,True,3.498023044488874,2.814108188805911,0.8044853201409096,0.4487291654925101,0.4596418730930516
187,0.35719865060331024,1.7373690972203386,11.203698257282923,126.08048793015644,True,6.057445708230974,0.21351290068932813,0.03524800897500455,1.3003129620372356,0.25793960275406214
188,0.3924343889574926,1.8823901024495866,2.766583708211706,86.84472862060414,True,4.191433766064107,0.2942226566425046,0.07019618418515276,1.4093033328451825,0.2693976952192667
189,0.32655188746192537,1.6023022115368082,5.2147571535507655,92.63926536776422,True,4.909657369148479,0.273075150601592,0.05562000157435703,1.3655665951746436,0.26792103408480505
190,0.4124545175664643,1.3733871594913318,2.9497631298999725,54.853780758276265,True,2.5691380541712454,2.462579323834445,0.95852354833023,0.3730554086456701,0.4133415941100895
191,0.4263769000285499,1.5452430551636342,11.539058390125945,132.03359224191945,True,5.780061690007673,0.2703090380885537,0.04676577043387834,1.310273301639859,0.2655192875499277
192,0.4023905964952572,2.189784888035029,4.738791805456304,61.53938545773062,True,2.9072566574570398,0.3708246765122155,0.1275514067741696,1.4370357330875074,0.3005635446090906
193,0.3935948333924649,2.3486129235001827,8.11997629303544,136.8115983743296,True,6.058369262428959,0.1787948789289203,0.029512047084636887,1.3035941751694589,0.2662058388769415
194,0.3798223748776537,1.0898779423854212,10.841135313059324,72.14650288061942,True,3.3997443554561055,2.532038591737638,0.7447732320443673,0.43232385130523543,0.441590097101872
195,0.30386338760388093,1.272310904739323,10.577727712848507,131.242845899555,True,6.059025020069029,0.24655664214251605,0.040692461464651136,1.3110249523513144,0.2617696951089723
196,0.38327630478964253,1.4422288479410206,3.6759342032708995,119.28567203969773,True,5.7945123428036425,0.2946374545753704,0.050847670544923146,1.3518612829547103,0.2679319425242044
197,0.3866070668506095,1.720299449560853,2.953918221523873,104.88136882577948,True,5.092195246465419,0.2670118628552042,0.052435511588158706,1.3772847709763059,0.25924488493371456
198,0.3431280009710791,1.0801914187051898,6.534850826149502,94.98440846050667,True,4.887362847644717,4.37532859643003,0.8952330188740862,0.4894648208123482,0.4703506256159171
199,0.34230338209743555,1.1206258841818137,6.441374083395745,101.08813589439424,True,5.205998681003356,1.6406260354609836,0.31514146199222326,1.2715464172245636,1.0878855957457008
200,0.36281222066715113,1.8225121351216527,2.5105499027144114,73.68827762533871,True,3.7373067750720548,0.36656083811841467,0.09808154914212185,1.4294127423424934,0.29613829329832075
201,0.28202928776095154,1.3696422110039084,10.861534522865352,136.57221752286011,True,6.0591034839873466,0.2134414600086789,0.03522657445490902,1.308857045527625,0.2586239121334408
202,0.3779618801203656,1.0772561691430536,2.869979961976333,91.8942539089146,True,4.535705131557051,4.325015740585847,0.9535487019415487,0.43372033187592685,0.43274728980372634
203,0.33482558781053595,2.0960615208743993,8.889365450122408,58.824621401011065,True,3.0109080532223125,0.27788093132682223,0.09229140392694174,1.403501145469201,0.2714534494848979
204,0.32727016767448913,2.2850978496901666,4.816891039850696,134.09270657638245,True,6.059033601204243,0.1645369138003887,0.027155636464482838,1.311421471888759,0.2783465016544646
205,0.2964857058258084,2.1478040742933318,9.663526224033987,64.46013705290028,True,3.4797083801597504,0.20754005990142177,0.059642946255138135,1.3785839875563504,0.2623495705914536
206,0.38549891915996837,1.0427363795920643,10.457021431126572,65.82959237571409,True,3.0732751383794774,2.2740498657395345,0.7399434685625412,0.41868992529149907,0.42088769268811843
207,0.4313107194776782,2.4428097516200786,11.011946149333824,59.470090662195965,True,2.5325915926893687,0.3392122905218401,0.1339388046225129,1.406119613712498,0.2882756207592241
208,0.355021325847495,1.4479917844273003,11.196371151826423,126.69948779921063,True,6.057841764636731,0.25142115198618625,0.04150342015433333,1.304544838292414,0.2622686345657157
209,0.40140053410983934,2.005012437193005,5.827903638060496,51.91184376266515,True,2.4396117279799143,2.151319390951063,0.8818285984927743,0.44877147917774085,0.4504382005663823
210,0.426878940060375,2.055402978582767,3.36739884966477,82.47164173563377,True,3.752841250208606,0.3155757453721541,0.08408982004091232,1.419427142157276,0.27953095515273985
211,0.3805470038831374,2.1850827576837437,6.998024963799797,118.18928382808059,True,5.7066324556005,0.1925165854836344,0.033735585212728784,1.322439339586741,0.2599778956450387
212,0.3496873031967087,1.0825288377778441,8.18410779119089,102.64102061031953,True,5.1884648492233945,3.47003827577991,0.6687986478889422,0.990339907651427,0.9879299550670915
213,0.4345419864568526,1.1380655629418936,9.513939262962383,132.19385896003212,True,5.7670364256525035,0.45579399839676343,0.07903435400014718,1.3217388082139996,0.33183071822649124
214,0.30637265293311217,1.157591225699642,7.468104736524814,82.55673412309177,True,4.468845208413244,3.9287414043491475,0.879140185243545,0.49123255460141557,0.483196190278417
215,0.28452695410510587,1.8972016480175105,8.96608519934987,78.45935297816112,True,4.343041918587512,0.21135397170861955,0.04866496240896478,1.3550041087623037,0.26245226405443356
216,0.4490561077167716,1.6495720200318416,10.325672137303394,64.99408561538817,True,2.7104290601744085,1.941854183222706,0.716437929239791,0.43955304533336514,0.4306946002935286
217,0.4459115116894413,1.048596701974689,2.5462819981744618,89.28395869574382,True,3.935934406010805,3.793840355157486,0.963898267553362,0.3994832201440981,0.42925954992678417
218,0.2926667659061349,2.003217141489733,11.871403437331546,70.88505930101803,True,3.788539881979234,0.21101298834068846,0.0556977080654222,1.3591794948310354,0.26118642822805915
219,0.36012145645950727,1.3357606506335502,3.6669562943555087,139.61385547818134,True,6.059112555909403,0.2556802494940065,0.042197639858108205,1.3457300896032494,0.2537942575891057
220,0.28659522310190194,1.1817986689330993,2.9803230931521676,138.1339561884518,True,6.059216830140473,0.24477193540132863,0.040396629178833,1.3506797611269188,0.2466404487470033
221,0.3425432769146362,1.3267170955128378,10.958029465087035,120.77910010881382,True,6.051933181421087,0.2798731578523641,0.04624524915634405,1.3057026736599409,0.2690830008032776
222,0.3670261559224529,2.3194865784449545,9.063302611228956,113.13702957236649,True,5.53446162474907,0.18209243528510852,0.032901562542384515,1.313083014271219,0.2654833545031128
223,0.4162342942766445,1.3479258066211715,9.916232477184998,67.0153533776637,True,2.9837105814751363,2.2535827998246076,0.7552953740943747,0.43171799910691444,0.43290275038102877
224,0.3947263603646659,1.5360984339237658,2.3940711693256445,133.5415094464385,True,6.0584597696770235,0.25075449107707587,0.04138914849812456,1.3522343873489646,0.24610120347576991
225,0.39964018458549405,1.044055420120109,4.049774134415053,115.18333288968532,True,5.452029483243672,3.1734486164574696,0.5820673982433113,1.101330718937041,1.111449121842833
226,0.32615845675045096,1.9490106105994354,10.622522467216857,121.99501885666866,True,6.058021680410125,0.1863044881001263,0.030753354465960506,1.2963715434967158,0.2637775255253336
227,0.43399854291530326,2.319028919537819,5.626175982236964,68.5905480141231,True,3.0551874528406726,0.3048845247073225,0.09979241189402141,1.424020917354854,0.2761715232190767
228,0.37435836044244686,1.6330115735438118,4.305088166584477,62.33211503902544,True,3.0892232065808334,2.888574518546714,0.9350488214620795,0.42728925138804463,0.47257709396752645
229,0.4272138951180573,1.8181466548480543,5.92347766736762,110.2751195785671,True,4.957558698868926,0.26947122622139297,0.054355629976277076,1.3595074666950206,0.26573951211163926
230,0.34323175687946006,1.2078656522816484,11.126916219104613,123.0105936018964,True,6.057344513359567,0.3046402700223493,0.05029270984182268,1.307005672861894,0.27517569687005583
231,0.42236094853751377,1.8360600583942,5.209198439875089,86.45666300789924,True,3.9380802725499127,0.3480332459507717,0.08837637169986372,1.3982997993859358,0.29003558316148315
232,0.3736203406318948,1.5896986529293602,5.98351983568545,103.84829363133103,True,5.102667628730167,0.2907353422498642,0.05697712714285011,1.3558436317926188,0.2722968258289802
233,0.29144058732802375,1.837179988771192,10.986138235061627,105.83569339126187,True,5.737628544412296,0.1917870640632011,0.03342619038138618,1.303647983400496,0.2633122135850514
234,0.3998549691971773,1.6201595084969171,8.575519389587882,78.43548219594575,True,3.6449938256981893,2.0604738974798735,0.5652887209171595,1.1314681871611811,1.1393637913031922
235,0.4277925141160521,1.6308651410979491,5.859102539638269,51.19638944309105,True,2.298577592481373,2.0173068903930287,0.877632713810324,0.4100035630294494,0.4050099535917697
236,0.2986617619595048,1.5090660557702327,2.9064487739933202,51.5366899407769,True,2.8795863200599414,2.7621348583278165,0.959212383767096,0.3984999822999389,0.4452828540781244
237,0.39544066111311227,1.8052455083906975,7.222345748028561,55.928821711826046,True,2.6298757036621927,2.212302072622012,0.8412192521271272,0.450071353154875,0.44769290494650704
238,0.42702919229736824,1.4431290594528612,5.000299904945962,74.80004050271275,True,3.3843705048209802,3.1307061253716286,0.9250482832514907,0.4221239204790761,0.4630335189702235
239,0.41287392450936716,2.2116117538590343,7.262546960422441,134.3961614450218,True,6.056683047702265,0.19316905612967458,0.031893538857536465,1.31222212569851,0.25876469265655144
240,0.33783939171884597,1.9784240776864768,10.52434122583554,121.40934512662092,True,6.057068985699409,0.18874091717860358,0.031160437106497588,1.2964229061054886,0.26258272439844843
241,0.36253905877415316,1.0183884769303102,3.4302339723754742,122.93763904050306,True,6.0574451914336205,0.6480592226887129,0.1069855693626732,1.349099588875673,0.809901063889142
242,0.3341828745930766,1.0313442120599863,11.298734076969367,50.71864754395575,True,2.5202731844569883,1.6598882420120478,0.6586144122188416,0.4016291265944205,0.3922133946002626
243,0.3014948889685871,2.020812363694278,9.968392335042587,53.21263418546384,True,2.8274685993993565,0.3160097357576056,0.11176418929099197,1.4036119905924842,0.2882516784574416
244,0.28914047379878094,2.020449661566066,4.50234056954327,68.57657424749232,True,3.8539223612249938,0.21859595168222087,0.056720382818697665,1.3990718678354708,0.26347741339508746
245,0.40163596866862583,1.5941362690984722,9.666291926836342,109.64890583163438,True,5.061254495964279,0.28951593260257025,0.057202405615726926,1.337821348687132,0.2709687230813196
246,0.4329870054446193,2.122809500606295,6.263293064663092,67.18774519896364,True,2.9868807905943675,0.5107954983560837,0.17101301798336557,1.4230892194529163,0.35689853491655876
247,0.3901308956874711,1.1914041572271281,2.166886456275059,78.85621226368647,True,3.8308703250553218,3.7054165913736363,0.9672518976011348,0.4005221881630776,0.4343120717167177
248,0.29591254099237174,1.4910910340416896,5.285381083419534,68.65529046786858,True,3.811244807914818,1.5231798980654,0.3996541746418939,1.247144417173757,1.2283682845658372
249,0.3331556838398126,1.04124826842056,9.445033157507943,115.10235966263161,True,5.91956429126636,0.5778470771032177,0.09761648808439584,1.3183058188461918,0.3859246323562604
250,0.4368197246359441,2.4471563034688475,5.12435484971409,92.0231452980429,True,4.086244299608818,0.22394535826568246,0.054804691507828115,1.3881217480967138,0.2585063230458111
251,0.31309625596089247,2.233455304456322,6.345390737749225,137.82563795774263,True,6.059060925248509,0.16134930402987685,0.026629424265652058,1.3013395320158576,0.2851773056665814
252,0.3623882746890874,1.3521541754273838,7.641700243494354,83.67801370894779,True,4.159524848525103,3.319765974553361,0.7981118265780991,0.8219570412610402,0.827135203412876
253,0.3195698133623155,1.4470374541790316,6.193286431786226,112.22702440244379,True,5.962391019624441,0.25424359548451037,0.042641214681777895,1.3290189072464815,0.26246969188449
254,0.3839823620048252,1.256615494329019,9.1947987313003,139.12476652902097,True,6.058702121255954,0.29301540414616717,0.04836273483691682,1.3166236382268064,0.27229489892915915
255,0.3210641385463766,1.913687786035808,7.470040961417513,99.25108637847812,True,5.250900318707981,0.20485312802158046,0.03901295312952845,1.335543482012962,0.2603640057149734
256,0.3552539003639019,1.7790231397891465,2.75026232200167,94.80351490301496,True,4.844792460814798,0.2524311098554122,0.052103596159608925,1.3856302632969957,0.25632712774944233
257,0.39332722658942165,2.1764476448469106,10.237190905349685,126.82760978592403,True,5.906108056900838,0.19237366005293544,0.032571984494621876,1.3019175183529006,0.26033861636549815
258,0.4097517405971012,1.9240696852548178,9.277903495060361,125.21088176908356,True,5.706731615180591,0.22008995455715064,0.03856672599981484,1.3171760736768978,0.25730724317479936
259,0.3223008991931695,1.6446938824988269,4.167799749458832,90.22433868417595,True,4.828911299219926,0.2647986567495509,0.054836098727331584,1.375118820977224,0.2647512692405427
260,0.32334220348728,1.83199938255764,2.4617224113082847,74.72016906286055,True,4.021279011470483,0.27157874486447353,0.06753541450115988,1.4169934619902294,0.2637179693753966
261,0.2929183198521459,1.900505089867996,8.149010950763705,129.20998318598552,True,6.059027889178931,0.17564038571195428,0.028988212123208366,1.3049608021398318,0.27001971147131343
262,0.33466684641588135,1.7468149897170804,3.72666075420576,90.04417867384439,True,4.738509480425965,0.2530160428888725,0.053395702579902365,1.380673438672396,0.2611918770101789
263,0.3157616120353239,2.456396009127825,6.333582396167003,67.83463685536928,True,3.639410872034465,0.18674767812695336,0.05131261203892586,1.385980289085782,0.26799075779031956
264,0.3273526222126343,1.3028481081940568,3.5372896048252462,105.27343740044404,True,5.5860421630305375,0.3444262912022819,0.061658376566105955,1.35981518929752,0.2857925796076777
265,0.44073900159017876,1.5792924546378346,6.198724465344863,65.40685348293887,True,2.8685039598377546,2.542201686528156,0.8862465320326577,0.42903562345429824,0.445011733613228
266,0.43339775825125737,2.0627679037069813,3.153001619324182,92.22415575256576,True,4.147158498745178,0.2773376066814231,0.06687412761420579,1.40657218940847,0.26568625993952066
267,0.29266302565550056,1.520199953915399,5.905624461933387,52.042539765000505,True,2.891952653739086,2.5878673156733853,0.8948512045408005,0.43191629286295585,0.45341179484292127
268,0.3811122648546564,2.232298046875423,10.250730078119265,119.37550029467796,True,5.675059470767798,0.18862200020480038,0.03323700855936247,1.3068758321858804,0.26194910956275086
269,0.3088537133858265,1.2898826318079306,2.196838987499426,139.71496499298686,True,6.059213278008373,0.23472107838128833,0.038737880251417674,1.354541378744218,0.23765218377136899
270,0.3732242425749349,1.1650654961235585,8.405380627502508,74.48705047014072,True,3.6191670793144097,3.046246606747348,0.8416982526610537,0.4439242112909434,0.45525609937331923
271,0.307626852623385,2.2316912563556652,5.52617666385719,98.83568344586168,True,5.3667371686879,0.17549225779795138,0.032699991127170674,1.3322927650716982,0.2713143918584211
272,0.2984041483513699,2.2634076608541145,8.363798868619256,100.95598313625382,True,5.489706013456399,0.16620748575129934,0.030276208843222317,1.3090593698627226,0.27811741273036006
273,0.33684040778843133,1.4513066436927233,5.07207019312952,63.03155079252987,True,3.299716456087469,3.0428941820928057,0.922168381007142,0.42711975805012425,0.46794514779595886
274,0.3498513971882525,1.9751379579874353,9.840697150403528,77.0374535216145,True,3.847378612382694,0.24438958575727593,0.06352106469862727,1.3703288941130976,0.26143866203675215
275,0.376729361902212,2.096997902523603,6.341012445821596,112.91723717601946,True,5.504248950731504,0.20107243420471607,0.03653040333104736,1.3341019831799428,0.2582155556046253
276,0.37722824202904015,1.1599192480741127,7.809421479163453,77.34244718344296,True,3.749379383629919,3.2358098264279604,0.8630254491065259,0.44632730821455047,0.4575735244811483
277,0.363470118191224,2.0093555568825767,9.179230182087112,73.47097398503539,True,3.6049864839943577,0.26210465486530254,0.07270614079387289,1.3823937264681478,0.2647898718527073
278,0.3763373281752926,1.84455032441319,3.230095894272335,93.60186617135338,True,4.625186758977887,0.26103521513277056,0.056437767540106064,1.3890638942918527,0.26094924422454824
279,0.40901827021102544,2.161906946519578,7.163646839238646,93.16018179232222,True,4.301601483123132,0.23590279155108515,0.054840689560998204,1.368938085519963,0.26050413271916595
280,0.35567860647313554,1.1026661163982145,9.18583735357538,101.20206396289964,True,5.044064036231828,3.3680465653262925,0.6677247832567952,0.9891535436696768,0.9807183053177484
281,0.34872900289145226,1.1518358613035806,9.702496169254598,97.98412266879733,True,4.922236155248331,2.5598185043795416,0.5200519486758344,1.143972588902141,1.147909520521146
282,0.37879952162753616,1.257255968495854,8.970002890453879,62.8917593268814,True,3.0049099985566574,2.3905360566315084,0.7955433133703671,0.426953744636426,0.43129505257622736
283,0.4153119080776083,2.358454117525773,5.280116679608917,123.69567531255669,True,5.671499670415928,0.19131485686715088,0.033732675303694504,1.3330623558625252,0.25832971418984485
284,0.3984507972447038,1.0859314173063883,4.539742904227215,108.64974810059493,True,5.151812398314448,4.3213387630510605,0.8387997133717255,0.8001624056587633,0.785434317923623
285,0.3809499662959192,1.4839094020940264,10.60083939962359,105.40304461460309,True,5.006556394703895,0.3066942063795996,0.06125851427620612,1.3359824478346485,0.2751974986111212
286,0.3233995833901666,1.4115088407383194,9.556255896101664,90.86893747547708,True,4.744956172987874,0.3371115375347475,0.07104629110250983,1.3482043278940083,0.2863230876602536
287,0.36453324311705676,1.5693302267353477,2.279280456519607,108.50544190491534,True,5.457201219755342,0.2722933304710011,0.049896149968831204,1.3717471001714685,0.2546580770057649
288,0.33932183190519744,1.951634855858459,10.58733079993363,62.86696166839157,True,3.1539524515127897,0.31317235318341285,0.09929520435008464,1.3910733546927698,0.2808486582630043
289,0.36848051139638105,1.4522496109418759,11.762818416701528,85.47014192534185,True,4.093867114237371,0.7094309229420883,0.17329114579095106,1.3587134112703967,0.7930028648975247
290,0.43988203874022624,1.9310108067951506,3.5758843634129187,132.702439961814,True,5.852201909984644,0.22677809460117593,0.038750900616443526,1.3467917575955322,0.25084073693779496
291,0.30701751658254023,1.2093543992697846,2.8458843769502495,54.07074762051811,True,2.9853331413417323,2.8718137023946464,0.9619742810693263,0.377687029359977,0.4260568869184631
292,0.29880036801026005,1.6239304329419317,9.458027592410305,61.84679910997521,True,3.3306086160035506,1.8494728988077191,0.5552957768502175,1.122946721023352,1.1245773137637922
293,0.3718631165834575,1.7981857533141747,5.182479106978046,52.39623803054233,True,2.595305593335175,2.3543572144059817,0.9071599199924832,0.42829454398333944,0.4491089075269583
294,0.39063050223078216,2.2739740717448336,6.673904053917607,94.45062292963541,True,4.5059588316476695,0.21062388824296602,0.04674341158282361,1.362525045162379,0.2590195101177861
295,0.37199112328110145,1.0869108172389745,2.2895700882494454,66.867066888574,True,3.3484939548166963,3.244420431999122,0.9689193039551802,0.3760636548525915,0.4230466772465924
296,0.3025100955465264,1.4291326692828947,9.728007466882628,61.74543251941878,True,3.299863886884334,2.572091633589848,0.7794538568129747,0.4654106819618389,0.47362429895497105
297,0.3949933370430878,1.91600984513073,8.377756352463994,74.55231868204862,True,3.4947675049631672,0.34412946577405984,0.09846991689299422,1.3924280814105554,0.288945355657777
298,0.39323061784308044,1.9337683032656288,10.34563570520613,126.58134646944342,True,5.894599625313266,0.21039923935444785,0.035693558974035706,1.3060915753532272,0.2575303629519823
299,0.44879123217669725,2.4087579445906786,11.34855458209181,120.39193736911487,True,5.066547972481255,0.20248895060174515,0.03996586072046598,1.3222249768432848,0.25758406680437496
300,0.3871368542446812,2.412586818423632,6.255857265375806,96.90302602527157,True,4.656027017468484,0.19548356434527234,0.04198505799297492,1.3572677972167417,0.26079007982376057
301,0.32904274088997526,1.0239629056471404,10.17699220773772,91.828121356597,True,4.738331105061438,3.869313825994675,0.8165984478926583,0.49706327913707105,0.4743328893790424
302,0.33871288430429586,1.097936007934514,5.291210448406336,53.517802483190394,True,2.7899597668821916,2.543998116016917,0.9118404308961993,0.38893930435372326,0.41643178201873443
303,0.39453229603922935,2.140460972889357,11.613646516192524,72.02651366881538,True,3.2851327205991683,0.27406721308359866,0.08342652683865148,1.3815185290012075,0.2670471983243341
304,0.4067932462824221,1.7503269286472145,2.6166167380874517,53.68702643550863,True,2.5418772380101715,2.4456120363053895,0.9621283041268586,0.391752692526413,0.4318092755615073
305,0.3428999092654731,1.0073407921458695,11.645527442511407,128.81091691565473,True,6.058449102600779,0.39109138707137364,0.0645530531738701,1.3082438468524789,0.30538279008341673
306,0.3623503833700854,2.4138323020286325,4.172650220298563,53.75857587094946,True,2.717024734280378,0.27274244135577363,0.10038275983086008,1.445695608418741,0.2728862445794831
307,0.4015554789347734,1.5422053849808626,11.308924108626858,113.28864029036805,True,5.180851609138624,0.28532246752218077,0.05507250333495248,1.3274210831746078,0.2688048271316412
308,0.4050183836466855,2.2009903547430936,9.468929538553315,112.45553793632305,True,5.164801799457881,0.20533057774478353,0.039755751666276117,1.32824281945642,0.2583618331950057
309,0.31185740626143055,1.691182949474296,10.859119308504134,101.78893885887845,True,5.366447536814076,0.22250907053886504,0.04146301049482784,1.3199205457947096,0.26023118253267086
310,0.3894068760396714,1.712259702097302,9.14319620656741,60.21251283157245,True,2.8184218607995652,2.1829368332972536,0.7745245180144787,0.45828316658161494,0.45482978355815273
311,0.4309296235820023,2.316801394617009,9.22694757466329,90.85075743660474,True,3.9902861669921963,0.23368926281609687,0.05856453723775092,1.3675961237446272,0.25947629387415505
312,0.33508948893648965,2.3493027500343104,10.879500844714116,136.71016686696703,True,6.058912930740684,0.16002648113407228,0.02641174794279632,1.281914565737162,0.28543963849193776
313,0.43885519725276056,2.285785323057767,11.169390155178952,124.52664279569314,True,5.34278747889686,0.2039056892011098,0.03816466404596927,1.3159739210445967,0.25753625769025446
314,0.42443588692123024,2.315635143356322,2.2223696973655698,103.55014952548163,True,4.730637883931752,0.21409567928196638,0.04525725378583111,1.3904465607262795,0.24706115413219365
315,0.40987624511624976,1.3154490512768604,10.318380316655311,68.67731095255793,True,3.083193020283143,2.2977129893277235,0.7452381262580553,0.4340773587394753,0.4367433576579871
316,0.3046009668185277,1.1336453567759164,2.7841482940317075,133.7009614635245,True,6.059188063295467,0.277872252888726,0.04585965148894835,1.3529640556999705,0.25411119628504064
317,0.31718761563851555,1.4961297459427971,8.615145576357271,74.19286704374522,True,3.9254399295313394,0.7943861277258091,0.20236868783791356,1.3782588858945641,1.1943461975298613
318,0.36080121037291285,1.7180614354728962,10.719359736947261,80.90055114681147,True,3.9495615394121386,0.3155642406982158,0.07989855014265332,1.3659364875049107,0.2790716768020096
319,0.3168735772925922,2.46992253739067,4.880669276968345,60.458480097524266,True,3.261374763552651,0.1984088518267663,0.060835956064931765,1.4125568802144923,0.2665388638934525
320,0.37159951281272013,1.693443497966975,10.397842404981564,122.6015082868035,True,5.911730227046147,0.22925812944962606,0.03878020827147539,1.3081322101395623,0.2587091812634763
321,0.39441622460172343,2.488800415285257,3.5630425401023467,87.56018318931811,True,4.2014235052430635,0.20238252121688247,0.04816998832998486,1.3931883202344704,0.25759049948548407
322,0.3538266610474843,1.8065740493271787,11.787690910442752,105.63535609655824,True,5.199498630166898,0.22499808154204878,0.04327303410306439,1.321046163146411,0.25904975284754217
323,0.29771787608301276,1.6050094633399794,3.5432713459711866,113.2529633245598,True,6.058042560704142,0.21328307082264558,0.035206598284092464,1.3391463411537767,0.2517434290331657
324,0.2904469556196988,2.0603754530256895,8.481384430989273,57.49749064798151,True,3.1523459878807563,0.23816031762080844,0.07555018343050526,1.398462589313744,0.26584732226538943
325,0.3081167641873324,1.2673279956920689,6.246222302287633,59.52841599369446,True,3.23169149056898,2.8909250405400573,0.8945547707683796,0.4228160644135266,0.4481551081572954
326,0.4486547228600365,1.6585543713552813,9.257013027354631,74.35989735534538,True,3.1495014845352065,2.485415785136779,0.7891457734948706,0.46817583403086216,0.4751092164790327
327,0.33210053104082254,1.7912908600817334,11.043037576328675,89.60342448197545,True,4.573325296325789,0.236757403691103,0.05176920257155422,1.342332200283617,0.2607336984031896
328,0.32024078691039626,1.7604965359008675,3.4598072900033827,117.87438115374486,True,6.058216422489077,0.20237694327744335,0.033405367052617575,1.337849348330404,0.2512890939545738
329,0.28624217321882434,2.4602301006720957,3.8012827001938883,110.3966534598319,True,6.057232123875017,0.1519522758128822,0.025086090924921197,1.2962965621153746,0.3018213923455737
330,0.41604280451399267,1.712900681919732,7.929972634455827,132.9446007629378,True,6.016086298934591,0.2384224219643564,0.03963081812948385,1.3174396026832293,0.2584696777312514
331,0.3517968891343266,1.2985909272851632,10.518134697062209,59.87457149402162,True,2.9418709876824813,2.1391974257661377,0.7271554173255347,0.4290899068890033,0.42636186673877763
332,0.3045420209480031,2.3041295587655615,7.766125460483094,105.77765342845193,True,5.7112334209444375,0.16398296767878887,0.02871235608711504,1.3039145375606975,0.2802343289059377
333,0.3477843985264811,1.7530259380348887,3.2751821004388892,125.74149610452339,True,6.058557512679806,0.2082908355927606,0.03437960853830864,1.3411242202988922,0.24856493197925023
334,0.434514053210115,1.3715542954792739,7.505609262876723,126.9331491228598,True,5.590239947597347,0.34142558751477864,0.06107530100948912,1.3349784300895289,0.2877508788634211
335,0.2918914059758955,1.73139177782332,8.19259118224319,95.15460232938383,True,5.234340321227453,0.2154653765098549,0.041163807335196013,1.3341511892342486,0.26105369015576674
336,0.425351517734813,2.3832945914271297,9.337875103071669,71.76335070344687,True,3.1656715310944614,0.25944033889466334,0.08195428247887977,1.3955630106877313,0.2634002111890785
337,0.32390950236012445,1.034411200687616,7.751026247207912,110.98230274138157,True,5.8329248633365065,0.9818269487783798,0.1683249779111268,1.3289260485344006,1.2210782984019661
338,0.44394082624356124,1.5382721525361926,8.100628328718326,139.86392133400125,True,6.022351050129267,0.2727381962317594,0.04528766157295084,1.3182412054996697,0.26582291108773015
339,0.3516957611172798,2.365402243213989,7.441549366152108,124.46764737349326,True,6.057900929987767,0.1702233791008872,0.02809939962178136,1.3003221951117645,0.2742269905584087
340,0.34607319188703245,2.491467449494094,3.391906426109152,54.948195724555724,True,2.8567868269316734,0.2318251504267975,0.08114891466220771,1.446057233085182,0.2652178764408184
341,0.31863575318823933,1.0903583118295133,7.168928367985725,127.21371693556193,True,6.058884266592018,0.3324905787619013,0.05487653570067605,1.3275401673537837,0.2853209272862993
342,0.345348979684244,1.1077418941914525,6.644515949253475,100.22237060919218,True,5.134410735992564,2.871293118253827,0.5592254429755433,1.1167395448083077,1.1362378888493838
343,0.3253555755047729,2.26164327279812,8.240127914384455,113.94136691239987,True,5.948574229876468,0.1707173113559948,0.02869886207329719,1.2992399629154776,0.2739539186444504
344,0.35431960809522556,2.279596443184944,5.346828827830166,73.33569382453892,True,3.7313796932091776,0.22009118529584126,0.058983862107731946,1.3973616028311118,0.2615902986906158
345,0.41944835850960077,1.2152230758354945,5.157326996243554,119.7052905651446,True,5.461137461011,0.5121250908576295,0.09377626813349277,1.3537486203652223,0.354012523535002
346,0.4078435098602924,1.0959697005783684,8.601471014981854,123.87642058099864,True,5.685050088844998,0.9392718851604287,0.16521787327844908,1.328518279069134,1.356567368760604
347,0.42399824592196045,1.349466163940718,6.755320629489945,118.54231359152955,True,5.337804808286222,0.3676501837034524,0.06887666314300686,1.3467269648091933,0.29589426466045543
348,0.3913400121275086,2.2052051317470123,7.245826461678366,110.38299090480615,True,5.240178233879591,0.20098128853384153,0.03835390316200067,1.3362754311820284,0.25880568691013117
349,0.33307953365699705,2.338813191356591,5.007162759432253,63.302124501433724,True,3.3323242414055896,0.2184003450661984,0.06553994426847135,1.4131419006162624,0.26358599348006084
350,0.4261621736353374,1.8444526621219721,9.245156238393193,137.10602056167136,True,6.048815658541678,0.22439345234661698,0.03709708892016664,1.3088983864395125,0.25691108866168344
351,0.3008089041032078,1.4235354645236198,8.900178134025541,69.70575712759305,True,3.7676381500716905,2.868798329112324,0.7614314896608998,0.8173504535981269,0.8229123805011884
352,0.2814562792415574,2.2729691170791986,5.725849904104205,115.29608461068345,True,6.05840349514892,0.15624498302639347,0.02578979481170276,1.2958996337225157,0.2931293794371399
353,0.38906841685428106,2.0425424632365416,2.5693653237160454,76.06418951456749,True,3.6984582872345366,0.2930017238801275,0.07922266553375538,1.42891204819818,0.2702814909063207
354,0.4020986175660031,1.5335923783036902,5.830505392118397,56.4362688281609,True,2.6507335595049084,2.362992732439088,0.891448604468733,0.41566634888655196,0.42847605673985045
355,0.3850850887425413,1.6746377962078962,8.502717980710491,95.83761463442497,True,4.573945782870573,0.2949634758120972,0.06448775079860707,1.357244205474303,0.2727309281409145
356,0.28379426408248637,1.2269563698687367,3.219551233823744,91.62151537616327,True,5.189563206044459,0.4455493755461962,0.08585488948804976,1.3748805919763658,0.3248824962363508
357,0.2811237110632709,2.2109154453303095,3.900346577557277,86.60245005461329,True,4.914657967813755,0.17503465557446668,0.035614819326344575,1.3554992001248705,0.2717801696006239
358,0.35318201004151434,1.758131857494012,4.393970901034935,77.72109187890246,True,3.9761309915444785,0.32997756239656517,0.08298961052799458,1.402658473306757,0.28606299758969733
359,0.3328514101407771,1.438363183242784,6.905319115341799,103.19102632715385,True,5.377556225995161,0.29468943089015887,0.05479987907251015,1.342758163978079,0.2740446965215475
360,0.43756990936299245,1.2924631617671873,9.08423199083731,120.64715021845839,True,5.250831211279902,0.43820541743823954,0.08345448554828445,1.3374730847128435,0.3245043904121818
361,0.3909084144395072,1.2313235727139722,7.410437756018522,102.08582515023375,True,4.852426877924308,1.54597450419551,0.3185982072658912,1.2788062539840523,1.2213868154556184
362,0.3356217908876806,1.833848599561293,9.085997081896629,91.05719949911725,True,4.6799244342211495,0.23412371002778565,0.050027241533174324,1.3475907367926845,0.2613810400803387
363,0.28604654836951865,1.9757883676697456,8.853260496121216,113.8059239423659,True,6.057936750669662,0.1750504324587941,0.02889604821962585,1.2978418490514212,0.2716296039142958
364,0.40459079603857706,1.9566716188257431,7.420271531740878,75.7229760579932,True,3.5150912151204596,0.3336198161673658,0.09491071376249703,1.3971389254161428,0.28521024236665005
365,0.4427094842768384,1.359594642480872,5.684085956147845,114.9205669646471,True,5.030944578302515,0.4723224822131895,0.0938834596290773,1.3624627848517465,0.3379498027684775
366,0.40735947868977307,2.4574953599539864,5.607826201265954,81.1747109478802,True,3.7865095221865985,0.22138315702145933,0.0584662882066693,1.3939671506433489,0.2599738261544817
367,0.38814363792374146,1.2466233452187905,6.910316651540675,136.88654433894337,True,6.05861325328183,0.3077628019901731,0.05079756523878861,1.3271920792218195,0.2763070022310732
368,0.4245758784491592,1.6131267642232259,10.127402252009452,82.42213131883497,True,3.631532514806442,1.969053281098907,0.5422100099808292,1.117912766064212,1.1212815292670957
369,0.37762788326340624,2.3567538888303776,5.917568596936647,125.3984924038667,True,6.054831856116966,0.178216608708457,0.029433783289689798,1.3128612793073011,0.26571685203687156
370,0.36632414988466927,2.150449880683974,3.8170352168442516,111.36974145024996,True,5.560398828281929,0.19405961577406539,0.03490030513405215,1.3469911760448983,0.2557119376058461
371,0.33664080323668055,1.5377118749035388,10.050093064493735,106.45389477144442,True,5.4354007468217524,0.25829398238951357,0.047520687879462446,1.324336595678734,0.264596753446777
372,0.4048737757934148,1.7511433291200753,9.12969834590713,92.03800039042578,True,4.233957292917557,0.3070836139853793,0.07252874621552277,1.3646515154749785,0.2756318346001563
373,0.2984749043829783,2.32316368221432,8.322859150682456,90.92129284650889,True,4.949350388771439,0.16815263156384527,0.03397468725296397,1.3256189554618132,0.2769181840774051
374,0.2952272205346773,1.479526700917846,9.80826163182582,100.50518616825352,True,5.458727741246152,0.2515519167705575,0.046082517519573464,1.324126487676903,0.26424123132945576
375,0.3298378923939678,2.33952955977812,8.623145438392292,131.29587132046186,True,6.058826857561746,0.16056577698651067,0.02650113310072821,1.2907364641220163,0.2837957153665007
376,0.37139096954829914,1.3138706782639429,11.921317134534421,57.04431307409959,True,2.6647187999449176,1.7189124499314983,0.6450633552654899,0.4193802803368176,0.41049244783660344
377,0.34704668291294594,1.2281910971179142,6.1193442241540765,58.45106373514109,True,2.9954495350961983,2.675846119295137,0.8933036887931423,0.41102249794885237,0.43291771383509925
378,0.40532171987646337,1.468939547649856,10.045526560565662,76.04273360761628,True,3.4605631957668246,2.6837030050967403,0.7755104742429244,0.47131896657553973,0.4810200475452473
379,0.336430588438019,1.287282965005358,4.074227884559889,64.43610498579854,True,3.389498542515606,3.1975775834719564,0.9433777720697262,0.40489749644762707,0.4500069852245434
380,0.29051523699644755,2.16510295648448,8.295585872169829,73.86077542897715,True,4.067348377663708,0.19008325699448642,0.046733950314743034,1.3623518085830688,0.26573341421876195
381,0.3748848066079234,2.352118614574108,5.86821158684237,57.2684717783261,True,2.8120107814408684,0.2717901800732094,0.09665332077210055,1.4286194482760006,0.26919042131653415
382,0.30115246879395374,1.9935449277234052,11.863458333980237,130.49927257107518,True,6.058929385272466,0.16864434045633672,0.027834016495762955,1.2878643970260568,0.2731893255657636
383,0.3964032296261878,2.4004712288526067,2.354650341842616,52.36334946042066,True,2.5246618565441645,0.3886566535317005,0.1539440430504645,1.475708019637863,0.30888552748599185
384,0.37802351204840223,1.1374390074032856,9.770924634518906,135.3448291715073,True,6.058510508621016,0.32959100464667446,0.05440132589977021,1.3148455191182915,0.2832485606078303
385,0.4177152526479756,1.6148194351965892,4.008195947192913,73.6620639990612,True,3.400781959343986,3.200674339316862,0.9411583505148549,0.4417618419635425,0.48758562360227753
386,0.3227152638141486,1.4924559549831884,7.968795364417929,120.25616986808461,True,6.058181716262243,0.2340811717026114,0.03863884952051819,1.3170522613131452,0.25942110651292305
387,0.3665883230243705,2.2350453967523904,11.889345548345748,62.17525302341891,True,2.9428954988205205,0.26215346573982595,0.08908011373319036,1.3894823517599981,0.2657614088531357
388,0.36820424800654883,1.7159730453689943,7.988820013686897,125.2956580029581,True,6.056817825635721,0.22188739134869945,0.03663431817439717,1.3147037918329616,0.25742268155575454
389,0.31213594971547487,2.332376551110408,10.896785007883295,125.11097724755271,True,6.05851201181239,0.15839698023129764,0.026144535146991242,1.277576975568742,0.2897847220377403
390,0.40750009948082666,1.4877898626364527,5.600551102667301,77.859112628905,True,3.6326362786703594,3.31535265508516,0.9126574753855254,0.45449526229986326,0.4885717057022849
391,0.2818027266235364,1.1279043014566952,6.46459422999788,130.4592887500052,True,6.059138127737176,0.26866653142045044,0.044340717401797486,1.3312768574078735,0.26452017095986413
392,0.4139194379461709,2.169629264099849,2.332963188060685,88.67443246919188,True,4.13313758363252,0.24828661484944708,0.060072187248902,1.413513083487512,0.2550638456153149
393,0.3413230661702191,1.0023725402192254,7.134456714483689,130.58486700502525,True,6.05883217802775,0.3836306793166042,0.06331759455358976,1.3284937127362908,0.30167635974109697
394,0.41117259457678845,2.1213641223495823,4.470025878931896,88.25571895926258,True,4.107679764161064,0.2549108436085757,0.06205713644784031,1.3951192193836723,0.2631614725744491
395,0.34341935858439887,2.4225142390430277,3.062991691829953,104.25793617028307,True,5.404470247984985,0.17405714214686285,0.032206143092703435,1.3473773484002614,0.26481460504387355
396,0.38364846455115365,1.1177958959843448,9.153276795567443,94.52493491981534,True,4.50599402227715,3.783414164193108,0.839640298120307,0.49312733702239653,0.4783200933279561
397,0.4435998145314115,1.2668726500196705,9.384024072350908,107.28239245949578,True,4.611036807606678,2.4901301259433306,0.5400369222460866,1.134412975993436,1.1409073798087008
398,0.4105643100505442,1.2801978402936194,7.57582939553999,103.02434017372897,True,4.735871669346274,1.5189535933131904,0.3207336894588747,1.2810406959444522,1.2224746803720024
399,0.39439368670128006,1.7821184033150657,11.050940058992447,118.34308797302211,True,5.4853059975014045,0.23558420392909327,0.04294823370590511,1.3174732221537955,0.25928902909972296
400,0.31477237075938536,1.8413949584464828,3.346611456927728,83.62334867557861,True,4.539432160319161,0.23371904565668705,0.05148640565657327,1.3883742527356118,0.25832224152600824
401,0.4449650032069847,1.5990428444774074,10.275177405569305,97.05809310775942,True,4.131951505534318,0.531399445311666,0.12860737707107933,1.3638622565742549,0.36390525433791376
402,0.3800084536507585,2.024175613305068,5.643734826250352,52.620089401110334,True,2.5651096584140225,2.2831056608373697,0.8900616210883504,0.47133355397867227,0.48254202364735743
403,0.3574543928058255,1.0679662614893322,7.2958243710445965,138.37041162795205,True,6.059022302530846,0.34468161131358477,0.05688733166894132,1.328044511035574,0.2894436602146673
404,0.30192963400906825,1.5320716244784582,11.085029611137738,69.48326100605779,True,3.687120870618384,0.6663386266607192,0.18072058119129805,1.3735759386941777,0.8732135962243559
405,0.3267323201637348,1.5501108140181348,6.210950296317775,96.16599310977162,True,5.074826840250614,0.2765461441572824,0.05449371039891984,1.354601564419105,0.2692243380559347
406,0.3457564050544305,1.6961896931495275,10.193142283957968,65.2915023610786,True,3.258948561273229,1.7444709509552923,0.5352864330800453,1.124703111933068,1.1246826351142585
407,0.4193833828546713,1.9634424634098138,2.3726029146259706,66.20621835119829,True,3.06618856855802,1.7299838053816228,0.5642131156320913,1.2181715548075336,1.224270100775517
408,0.3383404085444217,1.6257321985341133,6.850085064142321,106.77146704518645,True,5.516418401545003,0.2429897547405325,0.04404846352344802,1.3366407182627107,0.2611494798067544
409,0.37457071487572385,1.6038074897742056,8.998770622064974,110.94215831391637,True,5.369878301209057,0.2658168521464379,0.049501466743964724,1.3311711486857498,0.2658124972285498
410,0.3325508612832515,1.316426659001916,8.977658842971532,70.19597468879053,True,3.6177912931247116,2.9709039458447632,0.8211927403028196,0.46482488697728863,0.4753999970156997
411,0.4128392431018118,1.322152128917153,11.68855285146246,117.95917727985683,True,5.28162158592183,0.3676742510334937,0.0696138950987193,1.3249011112218656,0.2964285453739848
412,0.3107778535842318,2.2271479595460337,6.473669845636891,55.65766395228401,True,3.003181334546263,0.2336531637434264,0.07780188330809801,1.4151828812647067,0.2653892005768177
413,0.36327834809024007,1.6756487214279578,6.435281008159482,120.67690784908294,True,5.991013024798978,0.22961401938848836,0.03832640964692158,1.3249355755059313,0.2575545099251202
414,0.4004259013946636,1.8093649967121188,10.66300402348671,100.62341974350007,True,4.623115241841736,0.26247340676671554,0.056774143199197546,1.3442276610619852,0.2638707830112823
415,0.3427162349665288,1.7592705622447329,8.73608547362914,134.77050795251802,True,6.0589312006326494,0.19922560814568144,0.032881312156982256,1.3110854981743536,0.25835056466540474
416,0.2907170213749124,2.090611752159961,6.450758096229695,123.65475524839404,True,6.0588976992379875,0.16667053046887909,0.02750839158248881,1.3045219782447854,0.2788303668440535
417,0.42271070444096476,1.5888494323453881,10.153470998856308,103.9721487628472,True,4.614718146712902,0.33420209534449724,0.072420911682884,1.349237414289322,0.2842745740563495
418,0.36459540281488545,1.0261537800561167,10.951095808227404,90.27776698434675,True,4.384648741514869,3.441967360335953,0.7850041276389165,0.47552069751852466,0.4703546745463001
419,0.37029308812791156,2.33316908293864,2.8806166093062417,98.53126440664673,True,4.912993151641092,0.19256899551868206,0.03919586076653863,1.3732631356030014,0.25476316512907893
420,0.35082669447113557,2.306634620542106,11.866253235691506,126.39704653057784,True,6.057699026779469,0.16846492959265963,0.027810052768868377,1.2832636718021329,0.27256487012081543
421,0.363884983268423,1.0095712461029784,7.387485625315098,81.79226253849681,True,4.061752985672682,3.578718214579157,0.881077265703412,0.44221072320482646,0.4491996328355503
422,0.3039204752303083,2.475703673621839,10.31106554309275,117.36890808123437,True,6.057687011697387,0.1535428563919347,0.025346779405314872,1.2683778744800112,0.3031211791266295
423,0.28567402837045425,1.4569476075867236,7.591610140737275,86.15646092753244,True,4.798291936547606,0.2921940918222603,0.06089543856151765,1.3551096627717305,0.2743665553388648
424,0.2866989749301207,2.011903575806063,2.4551968685718557,89.8825173650495,True,5.077833858581897,0.18918674406343503,0.03725737181095362,1.369501644615204,0.255274785567686
425,0.29369198190028684,2.299761861051289,3.748239746628804,113.6912799401183,True,6.058095840338927,0.16155465540474262,0.02666756348240675,1.3108680674508633,0.2832958612366143
426,0.3915647157173008,2.4032600284398526,10.689530960879962,74.32644312885662,True,3.440563366918747,0.2205750638449635,0.06411015880881832,1.377169518369362,0.2581089532504759
427,0.43972557918121524,1.5390369615171051,6.796061035746806,51.782774757674886,True,2.2593064674705423,1.8973650555107815,0.8397997716684357,0.40932058274595473,0.3967420228444487
428,0.40597170182410935,1.5280873526226821,8.568493398211686,54.0153413098908,True,2.4635296967446556,1.9125897046128981,0.7763615381378282,0.4203976108462908,0.4083514643158974
429,0.3547713671937742,1.2087952278698384,6.286707596158034,63.73266820659114,True,3.225906624210297,2.8835508883563934,0.893873017500092,0.41723928130450894,0.4417645652270701
430,0.38752292167852503,2.317584881581636,6.736440410947057,53.48464145433637,True,2.5559725804560665,0.3864718481198187,0.15120344055133014,1.4314212465050842,0.3097115562658437
431,0.4140878735683529,2.014708592532469,10.083258620582694,135.551070489564,True,6.055411049937335,0.20588336034164156,0.03399989837911535,1.3024164676242567,0.2571760414564497
432,0.412342374108852,2.1359526728234766,9.775274258561646,105.25771036694547,True,4.766383422018121,0.2219605428488827,0.046567916005989925,1.3404740796961652,0.25832797279230757
433,0.30875127501116123,2.2763067905378636,2.6906669558392315,67.51642694094683,True,3.7118021695863055,0.20175924291731812,0.0543561412217734,1.4176560714847812,0.26032972483166983
434,0.42790971506047704,2.2493380564071765,8.122343536225907,54.73493285253913,True,2.4127209862990697,1.6949817629989312,0.7025187630994598,0.8793468584390776,0.9320908851051164
435,0.32307411552184545,1.6268269402710496,11.424864089332512,101.7968668117711,True,5.261829342109134,0.23832817898886238,0.04529378729210776,1.3219716156738395,0.261156525406649
436,0.44942964856519535,1.6392733297344924,11.726280026386526,71.3060774186587,True,2.939250147369876,1.982917439857695,0.6746337808750525,0.45322181159658337,0.44844072159115855
437,0.29695952862520736,1.0994128508191574,10.831797803939482,69.25093092610734,True,3.709788047473948,2.8248138689185764,0.7614488571232623,0.4478282492718666,0.45803826147847015
438,0.39662951501092375,2.0891411857215854,9.11325218194274,100.82396258164343,True,4.705164309487243,0.2240513719512548,0.047618182323514086,1.3456233112372398,0.25896542817962986
439,0.3905730126795043,1.0367707403140498,2.2654855365618487,115.74851461220754,True,5.581074143029731,3.373620477020077,0.6044751226309063,1.093515920853735,1.09885138963742
440,0.3069167661409452,1.6126231489694627,8.938941139182669,85.27594993740297,True,4.57601584186126,0.2660500090915998,0.05814009791176466,1.3534927043482043,0.2670736869069845
441,0.2824547905964414,2.3611965215993616,6.930050884653976,89.5966674042484,True,5.01813312855653,0.16221388751830138,0.0323255448515696,1.3245435680428872,0.28597700919830205
442,0.41879373392311914,2.436379559053307,9.782098798916284,127.09515122579438,True,5.687158546046253,0.1862849141276916,0.032755357991065326,1.3074653863853718,0.2623552260567785
443,0.3058713724793394,1.0203383686972534,5.846807662361176,134.03650437081936,True,6.059144978604949,0.32644624196893895,0.05387661842085508,1.336332587364892,0.2813989382316513
444,0.3859344162760303,1.111414455436156,4.678269680885476,84.58395563963974,True,4.103759635779867,3.8382128252700993,0.9352918216275344,0.42453689672268613,0.4474883695607135
445,0.40595557430106666,1.278402571202648,3.2586964810933203,72.85309108041483,True,3.4403085693089226,3.2895063752923575,0.9561660848210317,0.3985660387377816,0.4442976945214374
446,0.41045406005944846,1.578368447386171,10.59334899352201,99.96412775587223,True,4.517114969375318,0.34450752486128616,0.07626715883853824,1.3501630902586284,0.28812427856927236
447,0.3016022051813943,1.4589416914998061,3.5211748779741097,133.37115505401295,True,6.059165836077267,0.21365626310900385,0.03526166289043608,1.3428223105681023,0.24781348785261548
448,0.38036658709904436,2.1252333239106607,9.155451016886333,81.08172413560794,True,3.8779799602236507,0.23941219307069211,0.06173631517602911,1.37221188709974,0.26103846756867455
449,0.35364664912654237,1.8435326244146129,2.527228572071368,56.632016208620556,True,2.9193904433446622,2.801879562986493,0.9597481451561031,0.4559099239713622,0.5039675627731786
450,0.3510081214919528,1.128532340222768,10.094324601038913,127.5937906788686,True,6.058291202707139,0.32792226559099513,0.05412784803815035,1.3127497888007231,0.28227724883157723
451,0.3114776462197077,1.7719880589083372,8.639629647236307,116.62489225209137,True,6.057625287651963,0.19864325371733937,0.0327922650023037,1.3075716963824102,0.26033381146973866
452,0.3190652320137761,1.0509349663872676,3.4738881603605156,57.99015668156909,True,3.138479234942963,2.9933580115731147,0.9537606552389741,0.37670101439379566,0.4244173008457417
453,0.2890318529636621,1.8300722034422616,11.505851250449375,123.32543907714172,True,6.058720324060948,0.18049513058700972,0.029790965902520842,1.293373502757066,0.2670691779468011
454,0.30424536415675935,1.6663955830124975,6.702504028872888,85.38711262747792,True,4.65072294113433,0.25564832289224293,0.05496958776690518,1.3626098536279034,0.265876936483584
455,0.3921211224983059,1.1451311405639404,6.847356712309459,103.61291013664126,True,4.926884935382964,3.531834950916712,0.71684948953292,0.9605394599578627,0.9665820529832541
456,0.4496823112133297,1.2841961122483854,4.727421562807391,138.89832837848573,True,5.993440220105719,0.3640467540844768,0.06074086680021234,1.3403089002421669,0.2952390032406025
457,0.32012665677633984,1.2553798700646728,3.0776583973265286,106.11670100051595,True,5.694273473284515,0.35804149604501145,0.06287746763916653,1.360251231079237,0.2885553357581072
458,0.34150170100059396,1.2976143366772583,8.203915419385972,90.00071656077483,True,4.607711009904266,1.3814730429732829,0.2998176404735039,1.302948375188687,1.232768389436023
459,0.418549951709013,2.3541760407542496,5.756153787093508,90.421994010074,True,4.134518054238658,0.22442150853741202,0.0542799682075007,1.3819034920545352,0.2591318241046947
460,0.34162226732753675,2.0345725128223044,11.029228584372932,72.72765156718559,True,3.6393125495718115,0.2380419668277504,0.06540849778229615,1.3711274535451472,0.2609162865824164
461,0.31424077397503025,1.3175300205867269,11.598368808189178,55.956129740331605,True,2.8736380321015287,1.9431096431272732,0.6761845512276479,0.42910214053111906,0.42333008738900624
462,0.38128495801930057,1.0099302677107702,7.90884660437336,57.65423936661886,True,2.7622409123149945,2.278934773009827,0.8250311415089006,0.40720520914945224,0.4071866594277753
463,0.3454074821798084,2.150682930139215,8.795751349042993,111.38005271250704,True,5.640774762928642,0.18600596339448713,0.03297525095611412,1.31295199413811,0.2640782530463479
464,0.35155096461842456,1.3305348306898275,7.773747834566341,101.6481707900528,True,5.133104618705971,0.366056130361598,0.071312813112677,1.346689149864717,0.2959336195710849
465,0.2949104921969692,1.1845048581076405,2.6650486095645363,95.2462952045887,True,5.315186588119833,0.49906628902475475,0.09389440629238417,1.3759638613118828,0.3416755926629178
466,0.3162406826871275,1.489105022092224,8.260335332707731,95.98082627177017,True,5.098985135385165,0.2810221154593344,0.05511334275307839,1.3428747404081816,0.2706771902012277
467,0.36691007395303993,2.446125372209004,7.098483989616827,133.18520859308836,True,6.058561941100248,0.1681667371488829,0.027756873460031584,1.3014915818459802,0.2762585472767851
468,0.3903312222063715,1.2287612149774594,7.665469465946175,129.92906982448272,True,6.057114059816702,0.33830166360486674,0.0558519552816716,1.3222509605685544,0.28711206055414085
469,0.44181712390743855,2.0662593624444496,9.262263585793976,133.8997650181447,True,5.770083341422513,0.21464096344080752,0.03719893643475374,1.31463685710483,0.25656857846374237
470,0.35688203226035464,1.8537724972900627,5.1429583848868345,62.3862871629208,True,3.165802926541096,0.8581574844344634,0.2710710376947159,1.3995486830815556,1.2062502360494252
471,0.35978664825624934,1.2690019922522904,4.944363870190541,108.1315079505487,True,5.443835328507221,0.39653318539044663,0.0728407752001532,1.3548882243909306,0.3069222795890254
472,0.4325877057252917,1.6836652882460648,2.4188606610672356,55.770829650498996,True,2.5275820765577053,2.440060864878557,0.965373543161715,0.3831494400061186,0.4230416399937491
473,0.2840329116043056,1.8167341329914326,3.1134181927133167,92.74203493649955,True,5.2486434711880126,0.20393316247993576,0.03885445136432104,1.3633268476383558,0.254996962169888
474,0.4195142508068165,1.7032937267195272,10.38967526610395,81.7675279254861,True,3.6267325843859464,0.6939075390175836,0.19133132175364712,1.3794732434739556,0.7857153056459447
475,0.3752355531796735,1.848233707408222,6.800756039434319,112.76800712963342,True,5.502064014895186,0.22438455877919627,0.040781888064504966,1.3356212062640695,0.2579463615174711
476,0.3818634418615084,1.136916483978992,2.3177857423938404,70.1117691285938,True,3.4545613819332743,3.344321503760902,0.9680886034479206,0.38273246505546954,0.427843257254263
477,0.329401766058732,1.798830210636435,4.0599449166630786,112.40696281209364,True,5.923249531051831,0.20740036325811984,0.035014625362455455,1.3378791845299811,0.25404928203552046
478,0.41065316814395236,1.4833378797904,8.749249802108759,109.8858744296326,True,5.020291332246412,0.3270938716984815,0.06515436058411334,1.344238343084931,0.28167731439778754
479,0.31011890116923985,1.5679563873833149,5.7370028659571,108.41210832290393,True,5.853456536825631,0.23153657149309592,0.039555529290503585,1.3327369886296228,0.25875407721425425
480,0.28582300459368876,2.172774796065893,4.382613835450121,117.078815016785,True,6.058593328403945,0.16395560577584722,0.02706166215302639,1.3112571605359271,0.28049431416577875
481,0.3516359246491227,1.4972155275629948,10.668238937532175,87.90298657935307,True,4.3638323663702625,0.37327006512592675,0.08553721449121666,1.3545250041540338,0.2991738747636181
482,0.4154034327867556,2.4239206161150957,10.41677995299275,117.11253181508715,True,5.256302559575063,0.1907612574967441,0.0362919096331787,1.3179336452473036,0.26078218134841524
483,0.2839289848829495,2.2766421102132552,2.696441470895403,130.8153741036735,True,6.059072263720788,0.15534988100666353,0.025639219049562123,1.3088680893397466,0.2886170790333411
484,0.34863962309225965,1.8275474455318843,2.8887721698059527,82.98308516820589,True,4.290944439226787,0.2699232267820219,0.06290531853883922,1.4035261674149249,0.26350543641116797
485,0.30718099482272554,1.2809088291987005,9.017930348404727,118.66204998584027,True,6.058263047464988,0.27146527912969454,0.0448090941253015,1.3150358352096707,0.2675626919342866
486,0.37954992467887194,2.0718057349984473,11.258993258404738,70.29816921879947,True,3.2971266865214544,0.2809471880603063,0.08520970371226837,1.3826428214599078,0.26919899113658063
487,0.31178848181847013,1.7823062781454697,11.045240356049595,98.3294576661643,True,5.177887538184063,0.21443419739428082,0.04141345207151507,1.322907334917962,0.2600781226264566
488,0.349125143359774,1.2617723488205725,10.055470488905911,78.03631804274617,True,3.8977275753318876,3.0988981692239417,0.7950525297961784,0.47706693136864686,0.4838653918666793
489,0.34353322250201573,1.396691382895086,2.465751054010975,86.55737772848859,True,4.512967239306051,1.0785378233950458,0.23898640654898487,1.403913632709628,1.3655651986666886
490,0.316752747376744,1.3776870597926059,10.477140790117394,86.93808890994111,True,4.557014042744003,0.4030249974925389,0.08844058712837709,1.3499800840751113,0.3113117617287595
491,0.3884821195477419,1.2684437370194863,5.471351096164781,66.79179597098188,True,3.2181076847167644,2.941669195676173,0.9140990556800086,0.40820664533836704,0.44356907800884926
492,0.337589840162407,1.6521176272254572,9.43343892863539,131.04637436373235,True,6.058773971984664,0.20961711619416953,0.03459728274456582,1.3095788685218448,0.25779960540486435
493,0.34632268441966246,1.5127232585850248,3.319125963068835,124.42011891835091,True,6.058482639856479,0.2387795585269505,0.03941243587232711,1.3447305785239427,0.25104877323589525
494,0.39258556660568067,1.5250430736997642,4.431329268271195,85.99031403133193,True,4.129791528117081,1.0275385835773516,0.24881124787571132,1.3995043480420453,1.2168236767670617
495,0.4150769373036594,1.7197163496077428,8.035741389086237,109.38912351809086,True,4.977173272006405,0.28042300731438174,0.056341821348995805,1.3472530179508277,0.269301007157257
496,0.3682624138479854,1.264804997133939,2.603710529954261,54.69381830342364,True,2.7564414027148545,2.659308913314798,0.9647616345827669,0.3718756093740576,0.41700060055185606
497,0.35837107842730365,1.0201370512845678,4.064557988546497,127.54966121633998,True,6.058537012701599,0.4632670677340836,0.07646517084287076,1.3454040078079963,0.33036351421652066
498,0.34831112244444135,1.8939465666419748,9.012623471910581,102.70608031941603,True,5.1793804445009295,0.21677231432345687,0.04185294296224352,1.332054197360638,0.25931910000714353
499,0.4413907645959647,1.4669987148418713,7.005771502996765,126.47659676394822,True,5.514534656580799,0.3254358777720113,0.05901420483116389,1.339265106894076,0.28291467476020715
500,0.4056433677826515,2.2716652078808925,3.9152351241921997,105.1407142434627,True,4.935624309454825,0.20685863295096543,0.04191134089251911,1.368072447274058,0.2550612631004343
501,0.44013014859644783,1.2955861802588298,2.172553674045846,138.01362624644122,True,6.055662798931311,0.34801654126446474,0.057469603711402466,1.3566285873132324,0.27577139004310114
502,0.28304702133862353,1.8259843495486676,3.609763137466352,110.33210328057888,True,6.0577965324990135,0.18742919356875834,0.030940159934925788,1.331514451443888,0.25743955634165294
503,0.38640811805481007,2.146419191927787,3.757928231140028,123.551515560439,True,5.9577880152526355,0.19389018818170506,0.03254398909214686,1.3357531814138057,0.2537406841750216
504,0.4357812309120263,1.8197259673079664,4.386928069467324,122.34318268987029,True,5.436014880195485,0.25115605010742753,0.0462022374188931,1.3551460952083323,0.25836848258225675
505,0.31207463652510714,1.6014184997718968,7.39493111322353,138.05382675884516,True,6.059114974862127,0.19947338013203395,0.03292120729836009,1.3194194253238112,0.25754564585626216
506,0.37125119347754554,1.8059544460193737,6.240948487223633,97.41299730601132,True,4.802763938238864,0.2544315655821563,0.05297607145677336,1.3610312164941405,0.26354839802873453
507,0.2870949124997338,1.3048048633056684,11.844890843041771,86.20181899804192,True,4.673273267220811,0.4062558093835799,0.08693174701191392,1.3407903892006652,0.3137394556485269
508,0.2911906893429511,1.0514340399042377,9.629498563007523,120.79477307454582,True,6.058677139539584,0.327859796408577,0.05411408940557806,1.3159841116276865,0.28296303471348816
509,0.3519998956386813,2.271233298384528,7.701993136185943,114.81062701697202,True,5.778990910784045,0.17930269139554506,0.031026643606750157,1.311561088076719,0.26728052880060105
510,0.4030557913549648,1.6564093333113525,8.516838224746168,96.5781876815478,True,4.4740560030728425,0.3158442396169202,0.07059461021498034,1.3607434307596113,0.27831624947681144
511,0.32054661459103495,2.2164682404145006,5.487775311194865,136.28538554955898,True,6.059065188933975,0.1650434117502985,0.027239088308824756,1.3090075646128003,0.27870930379921033
512,0.4002625268251774,1.2779977856271794,4.260061762761218,104.08926962946458,True,4.92823537507192,1.0865358443570852,0.22047158093402322,1.3760546199183263,1.2144263428201252
513,0.3773715368258205,1.9803680090337115,8.133380493686403,85.07840906737601,True,4.117404328895874,0.254784160916858,0.061879801099150526,1.3708259320734202,0.26415194098713
514,0.31816686611160805,2.254393842372643,4.004345393439268,54.45267253287501,True,2.9443715333572125,0.2512580283214104,0.08533502836679127,1.4380977232038767,0.2699338478005129
515,0.41345463959134265,2.3768006429400437,9.107479680467177,87.88591842052595,True,3.981305792986682,0.22079757764301758,0.05545858296842364,1.3667508386614537,0.25888464033433056
516,0.41783398931475324,1.4440524208605625,5.4924879350318445,129.87629891816889,True,5.920271067141077,0.29663814841313335,0.050105501090912226,1.336157339869704,0.27181132243227246
517,0.4437729989708349,2.024871591070222,11.365702346040955,58.30482864404508,True,2.412257787803986,1.547206555368184,0.6413935372871956,0.4573392675327339,0.448086936870129
518,0.28125124357324655,1.1906083934774365,5.083050552655637,121.5261174519023,True,6.058994739318523,0.26957534624892154,0.0444917610671571,1.337020231326548,0.2635178440678341
519,0.39857699519935474,1.462610137528933,2.498492996816399,64.80360186799686,True,3.107609770357931,2.999618747414074,0.9652494904688698,0.3942788084711242,0.4428988900429425
520,0.38341169379465767,1.9620998624270611,2.2365998253229606,66.55184053435553,True,3.272603829932932,0.4348727641824639,0.13288280121317836,1.4510292176728243,0.3222765170714008
521,0.3489626409160455,1.860052393428858,2.388223910829394,93.3643012706579,True,4.821828994246481,0.23629311219604884,0.04900487190192753,1.3882237353702696,0.2513750366526426
522,0.28826907610123614,1.2104001180526462,5.173193505505736,112.87163197764323,True,6.058176075480089,0.29522814968190053,0.0487321837469877,1.335202522598173,0.2718925332987179
523,0.4496113841968205,1.4288396268840415,3.6154995436092814,89.7195807366785,True,3.91685217636218,3.7101701258979354,0.9472326140589246,0.4491348497512724,0.4814596614382678
524,0.30490168675290935,2.2963790498320193,7.529380309727795,117.2192690100328,True,6.058075725991533,0.16036350471030472,0.026471030070205636,1.2928139251315791,0.28510044101022247
525,0.37513649557582157,2.2434019361399677,3.94096527887823,82.7178391720341,True,4.092391888995293,0.22146586564839055,0.05411648533561183,1.396874056472213,0.2586690470693602
526,0.4371984447714653,2.158967230605983,2.091432066950463,134.5103236419228,True,5.970862998118304,0.20546387164797045,0.034411084580691545,1.3507518355202524,0.23986266611391294
527,0.4258309692477129,2.329627857586568,3.507404163825428,129.40100375855758,True,5.848488056183901,0.19356080719257213,0.033095871160737096,1.3406053731133238,0.25265603323234487
528,0.41496487743849486,2.392290167935754,10.934929376332615,64.62825492188956,True,2.849559854681498,0.2767105192332381,0.0971064070749855,1.3974138270643732,0.2680745311770072
529,0.37857751118638516,1.3127203298437073,7.369458752792626,72.98418879732742,True,3.5378212365679405,3.0764415000565264,0.8695864755001016,0.4483955616065294,0.4641700519293739
530,0.30437171797566853,2.282475392500377,4.998603225939032,97.96131762185779,True,5.352872272079864,0.17204415278111845,0.03214053017451704,1.333430962111429,0.27411642045751616
531,0.43279781722116806,1.771461124196983,5.1533049612969855,71.27024342524112,True,3.189749431062391,2.920679473949623,0.915645425157063,0.46490425954113546,0.5045843839417548
532,0.316032372841392,1.4229810962896554,8.958989428499219,85.51595077576626,True,4.528343077595864,0.36647819442353635,0.08092986510600313,1.3575096745506245,0.29736670569360557
533,0.3349107811699282,1.5070536053687071,2.4924789032223114,131.38106792649,True,6.059054459039054,0.22490422618688577,0.03711870023735599,1.350260639865335,0.241996435362962
534,0.303178260566632,1.2941695454210218,8.441176216560336,98.20200774390878,True,5.311085483080861,0.3199294738027678,0.06023805770438904,1.3375975382552059,0.2802772691529176
535,0.44516388211093827,1.475924238063831,2.251165622159464,100.6787120572042,True,4.43990022341437,1.18021257107077,0.2658196156856794,1.3911422900178514,1.3573207554097029
536,0.3000337809320877,1.6480530683169954,8.759528292486802,93.51525788693765,True,5.0727075467891805,0.2360632275008982,0.04653594265459216,1.3382907050492916,0.2623277479650743
537,0.4470445422889565,1.9884300468210068,2.746718851759475,80.86846192650823,True,3.5587317406139283,0.4176671077439733,0.11736403252241773,1.4344888043326702,0.31555953183605157
538,0.4169545341092973,2.2474005828087558,6.596987948734543,134.24644128236375,True,6.055390375149906,0.1925816282388689,0.03180333823384614,1.3153389478824122,0.25849704696700204
539,0.37289667992118175,1.9650430571184694,5.3579291123920365,57.60308939212273,True,2.846385332830031,1.9681794628040095,0.6914662748234227,1.0920642349238885,1.101634356651898
540,0.2913519016325565,1.3103010899079155,2.383036324939491,94.84587038156035,True,5.322158998676962,0.34390500633380494,0.06461757463828052,1.3765464661929374,0.28045880299661086
541,0.33152025000265356,2.409797244272104,4.490531284356418,100.78583130658342,True,5.3015911904050785,0.1726566009760039,0.032566939768664385,1.3389895070968159,0.27179544469571537
542,0.34295713634374103,1.4548731159629988,6.387911283568186,99.17341824591252,True,5.103947666085366,0.31796546232454187,0.06229794722178559,1.3539731121453773,0.2812017230942092
543,0.33971227225739237,2.3986361487001906,5.678240350284885,120.57953944012816,True,6.0576623865297545,0.16715417130046079,0.027593840764740637,1.306320389336646,0.2773382086705469
544,0.34592486029922687,1.408132065729212,9.928716391192324,127.8963602789526,True,6.05841985374593,0.25152662934451214,0.04151686997872768,1.310713402290868,0.2622274837790335
545,0.33118829862822763,1.7965243052305018,7.055809317225849,107.77360532333668,True,5.620759296398452,0.21320411817623627,0.03793155104735557,1.3292958847420864,0.2586541341543742
546,0.39300525089229604,2.385122516109103,3.3759088632368632,50.10871270328675,True,2.4208159145074624,0.7949425029348858,0.32837792339803923,1.391888936166795,1.2113199493956448
547,0.34032760680827967,1.1890528007709946,11.854424069733428,111.0846261918438,True,5.583989316974087,0.3721655551486285,0.06664868681201232,1.3163908810447364,0.2983086939704087
548,0.44415871155285336,1.9472058635970007,9.072010719833969,134.92328444530415,True,5.794949790324366,0.22512930733620137,0.03884922483920262,1.316413287598972,0.256943872715345
549,0.2960592601782745,1.74811581777167,7.973707214109256,97.85016839968085,True,5.354907667500536,0.21219115707318162,0.039625549168847626,1.3314218226918784,0.2607047414306263
550,0.2843249124237983,1.748547211426997,2.1255263570914265,100.34663115110558,True,5.676889903314945,0.20343354666428073,0.03583538700398054,1.35792421099561,0.245510341018071
551,0.331822522399829,1.2163092737690102,11.006409688316829,57.45008047931779,True,2.893651491933571,2.0347311609248684,0.7031707745721782,0.42293282975682533,0.41754080817736305
552,0.3938867152376333,1.2399218863796477,8.860001173315428,86.06950915453504,True,4.0378003043958595,3.38287373576921,0.8378011493253774,0.47724404215173655,0.4799502372672011
553,0.43054583480132236,1.4151382179965282,5.55038821180727,79.24605082777528,True,3.5544547560063338,3.251569660548467,0.9147871850257623,0.4340697503769331,0.46931193863045584
554,0.3675403083687366,1.6225527758592069,4.785262534774776,132.47083771486405,True,6.058693152319731,0.22507861425884548,0.03714969690661231,1.3346016044390052,0.25348933328708956
555,0.41928481098460557,2.402160662323874,7.322919191599663,101.47144796528181,True,4.599042043995024,0.20658489055447768,0.04491911328017013,1.355312971080036,0.2585614046443574
556,0.2849386380923652,1.9185600192994707,8.381473637952611,58.771977994501924,True,3.2517800331711015,0.26558972896115246,0.08167518290041044,1.3975297196959713,0.27131292129151774
557,0.3296367061368201,2.378759702145567,2.453304920712134,115.58050432732759,True,6.055492837839936,0.16718322172543998,0.02760852439304943,1.3262730169956405,0.26564513068508466
558,0.3627820081978157,2.026037611465063,4.926257427665535,72.46056797451384,True,3.6459435139995353,0.2770460669329777,0.07598748194238014,1.4079252026674571,0.2708682663644466
559,0.37663340000290624,2.4832598792733305,6.2681582791789685,103.9308272308253,True,5.0732057367232635,0.18205555066460505,0.035885702278298105,1.3401460096087914,0.26554987570346844
560,0.3184797661787319,2.403204526943358,5.653155608096313,71.18354528084177,True,3.816485707436758,0.19007938461855192,0.049804820242917595,1.3853747311124351,0.2670409329801702
561,0.3284171966902256,2.2613522803430346,4.7536905181271765,114.45678714468055,True,6.013975826457587,0.17280972709634904,0.02873468934412714,1.3170556310682189,0.2699553261462784
562,0.32178700692406087,1.2014909624551229,6.0823304718363875,71.02526627566202,True,3.7847332247086793,3.431460822313744,0.9066585723694891,0.43424030294851423,0.46024421347809286
563,0.41834779622371043,1.5733093603805832,7.645168986873159,93.89651089486469,True,4.257811499250707,0.4687120256654005,0.1100828502501543,1.3732014679413007,0.33683769225839333
564,0.324037667205996,1.0294047455318076,4.534706406591749,121.30569055078388,True,6.058533063956132,0.43107703158924365,0.07115204737493944,1.3420326065686687,0.31895160352678165
565,0.3296656429353312,1.1342599660656638,9.692708118544193,73.30582465456429,True,3.7784920488571903,3.0406623150014007,0.8047290494950368,0.45284303996618425,0.46139345454925484
566,0.31242222922014945,1.468655077155907,2.861242402198603,66.67215453511422,True,3.646594072491491,3.4865286955842483,0.956105512781169,0.4518334621384832,0.4927059173603934
567,0.44381850833368797,1.4980979786298412,2.061855259914186,110.04744023018361,True,4.859242370860056,0.47417719515482054,0.09758253632261074,1.3961572767804906,0.33370979926761946
568,0.34462086152488763,1.8753681587489106,9.345654731068615,136.26336064119425,True,6.05894492690086,0.19032140638872055,0.03141164157867162,1.3058707771820397,0.2608980566514534
569,0.42819272382477225,1.083837798017652,9.910698270546092,96.95082210416585,True,4.265253745915866,3.4700483219395246,0.8135619891928401,0.4747849501355139,0.4710587786267908
570,0.4209792810892823,2.0258589218289087,5.418304881870401,50.46333000374569,True,2.299652191667076,2.048736006400948,0.890889506606548,0.4305114830684724,0.4326024987087873
571,0.408417629438657,2.1181798127909963,8.690559856208862,109.5006105342689,True,5.021374388580089,0.21702919059744089,0.04322107331630593,1.3379743047680774,0.257957257990892
572,0.34551801743089405,2.193030766342427,4.2801396491143455,81.37813169809584,True,4.210825892536376,0.21096081428069505,0.05009962882925647,1.3883562766638313,0.2596386678344067
573,0.4385581056296418,2.302519278635932,4.293504374279168,93.24322143715894,True,4.140003721685011,0.23933201517695807,0.05780961353328161,1.3944196552526091,0.25940817434519436
574,0.4248630790413134,1.9974676185812072,9.689975713311114,59.05717272104626,True,2.582797412600073,1.8891010657010283,0.731416663376355,0.4751910362991807,0.46490368410417604
575,0.4375943457306423,2.4049326227142043,3.252641799046878,129.13312796376977,True,5.724842082708099,0.1936923852257804,0.03383366430505197,1.3461770331439915,0.25177406464409513
576,0.37244292840407484,2.3955065172496672,8.01739142892907,82.20059820692865,True,4.010512784015325,0.2041847725804422,0.05091238541721152,1.368841717943658,0.2608555359711997
577,0.3860291557301965,2.275076409939624,10.67502495291338,100.44145655195527,True,4.724746084454897,0.20031701926152162,0.04239741473527939,1.3342957604173118,0.2593408471737013
578,0.3957373019048238,2.352864470353175,9.673239397630372,109.34206371416533,True,5.093731532845357,0.1928469073567424,0.037859652813115215,1.3263201129615534,0.26074384093363934
579,0.37076516434381174,1.174926942959934,6.012518556285853,71.19863394880022,True,3.5209327580665524,3.1895783048858,0.905890150153646,0.4185733517000685,0.44846209659145364
580,0.373922229642324,2.050699766490151,8.227983632085348,129.06138752058183,True,6.057912821963976,0.19245560279481877,0.03176929223825058,1.3081568117039106,0.25992535236414804
581,0.36854766798430477,2.2382604776926924,4.778955201962576,94.27108470163645,True,4.692575409853233,0.2029241007895283,0.043243652592867984,1.3678352002781557,0.25870665076390775
582,0.4252162405431524,2.191376501281905,5.817097808513986,126.03304691248061,True,5.672201286402253,0.20418182702572338,0.03599692900800268,1.3332999653202875,0.2559756932026618
583,0.4141447251994089,2.112896064586418,4.9528580367707935,106.17396071682,True,4.898662194138801,0.22479146463609548,0.045888337616963294,1.3643170433448808,0.25693738635797514
584,0.30168619990257595,2.3647228212952323,2.3121612720045315,58.27688870247467,True,3.2438186158813256,0.20459386366609766,0.06307191859138855,1.4396506090922627,0.2617900994737288
585,0.4324755228775105,2.2509481463781507,10.351360595540008,57.2320373014075,True,2.4468845856859684,1.3557294723359707,0.5540635141791539,1.1103397368131849,1.1069368161969777
586,0.4181484816503337,1.0119502012907176,11.825687260997958,56.667401141085,True,2.4403490852380667,1.532976575981941,0.6281792163486284,0.39889398413683663,0.3930693160031522
587,0.38734744105684077,1.776982182620157,6.7097185559350905,59.5915866422084,True,2.8532274357265015,2.4752568240651165,0.8675287476460339,0.46274243883468014,0.4719397088287858
588,0.4131750502034306,2.171088795011606,2.1828687789840995,61.03420135131971,True,2.8598183217548825,0.5637837897373226,0.19713972228535326,1.4678091809423561,0.38195055554893775
589,0.407798443644375,1.087374504369504,8.7400545403025,79.33324416994628,True,3.6341357344281593,3.023338899872929,0.8319278972524836,0.4399482264794723,0.4506387671495884
590,0.3305893901652066,1.440211187690797,8.912611756152135,130.735114932923,True,6.05886863727768,0.2329494873359554,0.03844768739541815,1.3152011309572158,0.2587971809393741
591,0.28325845681292366,1.4389860890354753,10.028683413588718,87.33116413438873,True,4.81761756217389,0.2796402835478287,0.05804534709094769,1.342564175626427,0.26950879333418865
592,0.38689884060960256,2.2678589175923816,7.762688860349282,73.97028957416553,True,3.5278852462460852,0.24186379981174125,0.06855772876090602,1.3909127054501669,0.26220000825762213
593,0.42914903414794847,1.3275618603312587,5.258174763765576,122.71325263349297,True,5.501967690558483,0.38922512401429676,0.07074289525222349,1.3511267538344987,0.30521784885540226
594,0.43071587113432974,2.007548410456125,11.77433106787203,94.33877632996058,True,4.071665872270339,0.26185133495068647,0.0643106146636437,1.3560138613749952,0.26249448329932346
595,0.2970129483502202,2.237321848245961,10.204246997028314,62.46461222342898,True,3.3512714434342614,0.2012877420139133,0.060063097069702275,1.3789996528275568,0.2634599176897603
596,0.3466359837211972,1.9474283114887723,2.3550640683397916,58.99798038548857,True,3.0746406267213917,0.5126472877844075,0.16673405123481477,1.4566814521837825,0.36408689898572
597,0.3855914139684782,1.5331961033756194,10.087039335875481,104.01097661229073,True,4.9176918814835835,0.3006589390134582,0.061138222210610424,1.3404396056295997,0.2733156562036938
598,0.41256946762623226,1.502491798959167,10.102024053239374,139.28039399173372,True,6.058048555332958,0.25849051067445733,0.0426689400577527,1.309385504189993,0.26272638996066444
599,0.31278810251905875,1.5938578815421096,2.024380370536232,98.9800134971045,True,5.387446447312808,0.24556965755332721,0.045581828043193696,1.373980813966142,0.2474102253474828
600,0.3312893021665544,1.2506557968721221,6.896234633631897,54.18983563273422,True,2.8283503248848225,2.4439363896638238,0.8640854593439895,0.4168701326373747,0.42412163303479744
601,0.30866150932064096,1.3455645496876905,10.112220612975621,113.57161646184079,True,6.024633921990622,0.26605777415705084,0.0441616499196588,1.3091434983650978,0.26655324102582334
602,0.40951196824273817,2.4198010417230775,5.431590520474664,64.67114343140369,True,3.008038795070808,0.2728110168649313,0.09069398217602093,1.4256211380080877,0.2694223988696596
603,0.44843456243437896,2.1890969218199845,2.832564422900418,115.51517208241142,True,5.04470017343268,0.22473890419848425,0.04454950670449063,1.376648544251231,0.2499841083922658
604,0.35129488033046524,1.2613542727295466,5.299663128474335,118.0430842131811,True,5.994079496058564,0.3332478907698577,0.05559617469020664,1.3360886192579042,0.28470167238653143
605,0.3771444732870348,1.8931015144401873,10.406173393880307,107.86563794561948,True,5.160297848393314,0.22578486905441245,0.043754231962542973,1.327674099936683,0.2589578050602639
606,0.3072934763615327,1.5259557242719581,3.339656895714456,135.37886688224216,True,6.059168330653112,0.20683787889660551,0.03413634802819724,1.3428249081140153,0.24679840605861436
607,0.33740631157391543,2.056181987925445,7.405859010737553,52.57767422465721,True,2.7067362068941736,0.6486759571359676,0.23965244765402777,1.4231610207193555,0.9719848830856814
608,0.295760175014902,1.5480081525110636,5.77651363169085,103.68693627869162,True,5.718568671125773,0.23324158785130875,0.04078670752508288,1.3363028174929883,0.25969806509468274
609,0.425555060648655,1.5740017413486744,5.507814359789001,90.24097456356156,True,4.082314582927304,0.9770825849123451,0.2393452452191249,1.3928247905743913,1.2118290019124895
610,0.28892519827165125,1.0696297080069492,2.823987973602481,53.8007253008601,True,3.0478670732115285,2.9348682497642233,0.9629252783231657,0.37157451629081883,0.41938256750014924
611,0.3958140830912328,2.02182132266162,4.6597546297613786,84.22680755946513,True,4.020481119656968,0.2715310595200749,0.06753695675686751,1.3973557183528063,0.26772867240684617
612,0.35551544684772446,1.1435611064865212,6.421713330191158,136.9075902786949,True,6.059010986008795,0.31325222750336235,0.05170022438096098,1.3316514168476883,0.27759338874984607
613,0.33375046848771606,2.480657317633458,7.891876196826576,97.27081215518582,True,5.03859626561167,0.16793251429909045,0.033329226126972485,1.3254777671896907,0.2752322916884573
614,0.42895347330354455,1.136424104974935,10.598634217296372,98.57626700987038,True,4.311795102568371,3.4167575013070834,0.7924211192855273,0.48599626834987486,0.48242927236358435
615,0.31970579608669086,1.899490711332784,5.41454795960764,106.31334762723,True,5.670099553140414,0.19894221820353303,0.03508619493168296,1.334315641038713,0.2589653080977872
616,0.35605615227105086,1.3054494875801586,8.790862795737457,92.49829446773344,True,4.616475757538225,0.9003965647328226,0.19503981219062366,1.357125154580329,1.0973590079533193
617,0.3977597341781711,1.461746056417592,8.587768749894192,99.91111512407831,True,4.668552780961662,0.4008971116658127,0.08587181734362508,1.3555826662243575,0.30941806819228024
618,0.3736935177718678,1.0888601847552282,10.918158838068758,56.432732911777016,True,2.6563354218613897,1.826682355135552,0.687670066100135,0.4079358426830111,0.3982189856083127
619,0.41904784437088727,1.3771052311078456,2.3981330822837066,64.85251353588157,True,3.005754009809896,2.9069382184239156,0.967124458267884,0.38281409663094346,0.4313094982047203
620,0.446812061961437,1.5803238698775557,10.749471249312693,131.43477625139286,True,5.574938486746795,0.279923295293999,0.05021101057158851,1.318699994245954,0.2679268095312972
621,0.3809956628959782,2.2192124929049424,8.706137470969889,67.8738782760743,True,3.243014840401402,0.2574552109613341,0.07938761418972347,1.3963098039492983,0.2640419549758213
622,0.3176455802345756,1.4772935051855298,4.185204519683144,100.29190378662933,True,5.393592766607771,0.27536129283132976,0.0510534081356896,1.3587089457224644,0.2659004553355695
623,0.33830566975243476,1.8505575229823066,7.490581668592139,92.95150363487559,True,4.796662800154597,0.23092872739007084,0.04814362339221093,1.351926466650657,0.26086459362637493
624,0.3040930584847708,2.2875911941729177,6.860902746222277,66.71756299827236,True,3.630772090774602,0.19678660715628107,0.05419965842975782,1.3861102178953746,0.26536202005303133
625,0.3257271203874129,1.0122377387826633,4.3102475186509865,117.14768822793445,True,6.057750813372405,0.5380425126451976,0.08881885855348752,1.3429770820304543,0.3613415799243014
626,0.44836143815808216,2.1489600061863,5.465298242937308,56.30283217738042,True,2.4443022065135493,2.182613480466818,0.8929392914880221,0.45293414397879905,0.46125042724358645
627,0.2920247446978244,2.255018261941246,6.402686999696447,136.47111055848055,True,6.059048477523714,0.15398186223459306,0.025413538578837096,1.292221822449171,0.29761199492140156
628,0.28678984688294606,1.3644274353262291,10.42383633926662,112.6923511664117,True,6.057213406568107,0.24678560850461018,0.04074243252466712,1.3064089637306955,0.2630652364142074
629,0.4012826042544375,1.205329976011064,9.39225692970339,82.16531909518648,True,3.7908815599495442,3.0887976740178593,0.8147966706875882,0.4582456783505253,0.46657034994033353
630,0.349346127431799,1.5403275128187266,4.9931595336450165,60.771822832137175,True,3.1225028881359718,2.877747378022435,0.9216156016881548,0.4265665236477094,0.4665657921520161
631,0.3027874625460653,1.9058867551514236,5.375432831700935,123.12938795146597,True,6.058826538296033,0.18120656142031294,0.029907864216768772,1.3203096822573674,0.26339380652235
632,0.35413452755541647,1.3910265355620204,2.0968992667126725,53.03123543030286,True,2.736825961332074,2.6563367999347847,0.9705903252400772,0.37424290483416467,0.42002526820175534
633,0.30739630787814654,1.977237638349553,3.3402095371041964,54.15864783073405,True,2.982765794567717,0.3619540658421029,0.12134847010157555,1.446828770054697,0.30498905474061777
634,0.3172485754036508,2.217717038620704,9.59493801393042,114.95706194030556,True,6.026635886398525,0.16807762690549988,0.027889129204708245,1.2907475451656194,0.27451009968761
635,0.3391168888398582,1.7024222580337665,4.65330141472919,80.76875782604856,True,4.21599433402391,0.3095853008181703,0.07343114726691058,1.3921586126116408,0.27941117348302047
636,0.3505051586856678,1.1624685413952298,5.360150340584751,128.42721827115048,True,6.05865092518109,0.3334494133642496,0.05503690796549447,1.3363018454671574,0.28402470186319606
637,0.2992678284267517,2.437529529646807,3.7822834541188204,133.09253238843615,True,6.05903086461494,0.1502760414647369,0.024801993061688614,1.2955084386569165,0.30368384506869317
638,0.33077528206043894,2.111537498672069,9.218573894572529,91.50382527938353,True,4.732528591022305,0.19777408566044327,0.04179036256339252,1.3397442868523024,0.2618969464145935
639,0.3474028715827446,2.48855320864545,10.607681401360017,104.44860523451834,True,5.224521368196058,0.1682118464490354,0.03219660416608004,1.3083870237407451,0.27420010305127596
640,0.29167749809585297,1.0587412670436986,9.79126634142581,66.08675414728206,True,3.592979407158961,2.8540657885728056,0.7943451562472414,0.4382891720505091,0.44858963576695476
641,0.34854366470347686,2.206452951061541,6.239793734837467,66.15050216649014,True,3.381162143501965,0.24245742097975018,0.07170830935916908,1.4050790162710132,0.2644979113476147
642,0.3400393253464429,1.7470033335253106,4.549920983804183,71.9799087426428,True,3.7564882700235858,0.34450347567257306,0.0917089182526344,1.409192903987584,0.29056271946357226
643,0.352186164256005,1.9736299188789896,8.177273975493886,53.887103780891714,True,2.695335941143179,1.9124481908220934,0.7095398245648601,0.9654969204007742,0.9498523140055952
644,0.4443307783796517,2.46560577531273,5.4543885523139854,73.76332180116762,True,3.228864478307794,0.2717881487049011,0.08417452963134016,1.4179734581759327,0.2685796195061654
645,0.33754278852069813,2.486622850186782,4.684616297867201,97.19624173047778,True,5.068164804659764,0.17255312472089365,0.03404647073872679,1.344463447410226,0.2727843084644803
646,0.3521646689975576,1.571916057470848,6.628328203866413,99.58253031898309,True,5.0488004939449755,0.2863028944470629,0.0567071118754694,1.3532661944283197,0.2716960127475274
647,0.39598665733633165,1.913198221837621,6.686161694836507,69.84980913622685,True,3.3020928268457013,0.45609743122907426,0.13812374610460537,1.4095721165017454,0.3335861997960392
648,0.37420953178359984,1.9306566922084551,7.0935230460264505,62.51390067664255,True,3.0517100311620444,0.7268171281233028,0.23816716552409206,1.4153052212243882,1.0376518364499536
649,0.29826745756809436,1.004944858120457,5.575287476903833,122.49722008213386,True,6.058886653206428,0.38867627183887465,0.06414978428969009,1.3365666984984315,0.3043881983960208
650,0.32875504772995084,2.449249452333926,6.03271627200823,75.34609427572536,True,3.97143341326137,0.1867531808113229,0.04702412488843917,1.3767789732151097,0.26735874472545396
651,0.4485523155868911,1.363641882138309,5.391929005982282,55.88453514819006,True,2.426613833928572,2.1806841092914393,0.8986531267568914,0.3955058531601954,0.40436136590300986
652,0.4297983855545622,2.122486582804404,4.435566772209361,135.64313332764982,True,6.049037499750697,0.2043258881656286,0.03377824789051971,1.3314427537912668,0.2528264481569207
653,0.30401310878699417,2.496420328684679,3.8686443105688246,69.28275831004346,True,3.819088372622784,0.1791643099548228,0.04691284737980036,1.3939983113334895,0.27218923057621325
654,0.3795182140255916,2.0171043353736096,10.215884661917158,78.35440326492159,True,3.7217077334406974,0.2596928130510077,0.06977786318833887,1.3735827599453354,0.2635842261020014
655,0.39875541445659596,1.3060303028034554,6.17385831884184,57.74306790691421,True,2.7218625765260525,2.4057431510389837,0.883859152841384,0.40987486345560287,0.420683410148913
656,0.3125914468787351,2.1906831286870614,7.792198130520161,96.37958289395074,True,5.154109666300298,0.18058201824934414,0.03503651065674138,1.328706268989278,0.26846337712979107
657,0.36140547299440834,1.616319014246517,9.814587860052715,135.16265457962837,True,6.058713207912326,0.2202710269275418,0.03635607419738579,1.3094145704130935,0.25737994029598354
658,0.4381945402575643,2.330027386023044,7.112395121836222,110.59571331867872,True,4.852933078506347,0.2124315761600811,0.04377385237413248,1.350274853944208,0.25738302482065567
659,0.35790552586176305,1.597593041989321,4.970885320614034,64.34607276665233,True,3.2629776982011185,3.008898143714797,0.9221326107664187,0.4457968755184498,0.48723423887994954
660,0.3402040870656782,1.862680011241378,2.4821256547898614,95.63616831312703,True,5.000880202091693,0.2260624398622144,0.04520453014804481,1.3805517201578699,0.2503223602168543
661,0.41155526072004167,1.527338787084068,4.041352947702004,55.99405625775072,True,2.6141329826826616,2.4510113087862573,0.9376000857733693,0.3892296038981504,0.4257378243491763
662,0.2967735107246902,2.1753652427372576,9.230034505686412,111.1360926715464,True,6.013372310530944,0.16569347962159905,0.02755416945187772,1.2909512748389629,0.27789015993790445
663,0.36425081716688473,1.8724415651803614,6.112735649171439,114.75828729501204,True,5.706679066726534,0.21388703463314887,0.03748012322617588,1.3324547537267328,0.2569024017073116
664,0.32442147379598635,1.0108259005627929,7.979470288215046,62.13984011626702,True,3.2587374676487677,2.7518529917199293,0.8444537244988428,0.4195972939345758,0.4317499696158196
665,0.4060685408255047,2.130702585457878,4.628029579552924,110.91893085418141,True,5.188147264398286,0.21330571951307217,0.04111404488781624,1.3565532835534424,0.25539572550964973
666,0.33342321312158474,1.163645637278987,3.2205241794111314,60.93184485055801,True,3.230441380355935,3.092378879783829,0.9572620319280042,0.384126620658082,0.4323334834932808
667,0.3747261402378446,1.9821495449740807,3.0219285907476423,86.33987259408913,True,4.284150818627158,0.2518691895870891,0.05879092502812488,1.401612376499009,0.25946864157315686
668,0.36964111519022746,1.6693960894656779,4.557090004356217,100.91745575550357,True,5.015208238294425,0.2738541571882048,0.054604743048782614,1.3673159591858237,0.2663146947611357
669,0.28471986772166324,1.8513866235175316,5.841271760043811,118.51963796776184,True,6.058707185877044,0.18128835840898858,0.029921954114497402,1.3172890720393102,0.2649834511532907
670,0.3277869509450112,1.4141097619982466,2.234232538973129,75.66877928922212,True,4.048200037665637,3.412404517609117,0.8429436504765345,0.9281947715370786,0.9611411818450777
671,0.42337074848054407,2.119945620758555,4.133806073353206,54.469786841412215,True,2.4908614124401662,2.316047371861857,0.9298178374335756,0.43990960304904636,0.47158375080412007
672,0.3047983144042351,1.7428666421774275,10.270256767660419,109.47284116076946,True,5.844250037803362,0.2044443757389019,0.03498214046566443,1.3066266320478457,0.260413977010185
673,0.39748056222869316,1.455259791564097,10.005625745755975,111.91253602866246,True,5.1923145511266355,0.30962867952186307,0.05963211135863859,1.3335817578359928,0.2758472986032232
674,0.39782532905133955,1.8114758879536748,3.6380334905815035,129.79081699820068,True,6.057073220846488,0.22127129612752286,0.036531058493065365,1.3398098500234732,0.2503411689641881
675,0.3694464560619154,1.3761004446794967,2.308060679874587,126.86844663740884,True,6.05830765386427,0.2787525353916346,0.04601161765263493,1.354187278203277,0.2529674780488649
676,0.32260968753566444,1.3813986960102882,8.470537578313952,110.01965233919816,True,5.7762168807865315,0.27880788526380956,0.04826825083234151,1.3233926113510144,0.2696246937743805
677,0.29545551672172155,1.8770178971767497,6.540140028286491,83.01887345420118,True,4.581618354381994,0.2159862184142284,0.04714190526315944,1.3616809679375885,0.2618472126170417
678,0.39914877801779064,1.1941453758640284,7.345697182223632,123.11481211068148,True,5.761432822478457,0.3941127255072044,0.06840533208502546,1.3320601106127121,0.30606552888882854
679,0.31336222982522843,1.6240068456414984,2.22993929549539,99.87995812592702,True,5.428505806963315,0.2384437156364005,0.04392437332028663,1.3703733299007244,0.24818125779095768
680,0.3590914554313701,1.4801444144676923,2.6732235923022363,81.52653463884954,True,4.152681654712927,1.1279202323821855,0.27161249673499427,1.3898926693133902,1.2159244656404566
681,0.35682572527164913,1.7561943885762732,8.871076455454059,93.10385015056495,True,4.638200769364022,0.259838422191654,0.05602138309922327,1.3516898644249595,0.26509792549908706
682,0.338106556148711,1.213830321253478,4.369986463631621,51.11155584182198,True,2.6797558077859462,2.498026234073417,0.9321842784389086,0.37940212144133634,0.415523593686014
683,0.3677578214057705,1.460999429605255,9.988639774054112,132.37429831317934,True,6.058418057062758,0.24848160091341262,0.04101427114686131,1.3103211125245218,0.2612139643971405
684,0.37263457053581067,2.41635278106928,9.266466520393434,124.58411172713171,True,6.0143423852217985,0.1730320482267652,0.028769903198715897,1.2946034975703515,0.27077843761285303
685,0.42143208570687707,2.467866693539376,10.944125110812562,92.4455834599725,True,4.080088161449655,0.2082997323227116,0.051052752803435186,1.353563126345894,0.2574659097846723
686,0.3642043519655841,1.738162928988958,7.658968635482974,119.4266002053337,True,5.899479691165624,0.22370517337603296,0.03791947512100565,1.3203094627356702,0.2578787711410042
687,0.4349127528030715,2.205975297988976,2.488873513306088,129.9774194486517,True,5.797680392611321,0.20435993781772988,0.035248569079139,1.3527084584224291,0.24463565602353476
688,0.43190882240434403,1.9959394109770465,9.23558961145281,91.72411172581761,True,4.02249074760404,0.2760244545081062,0.06862028325920144,1.3696569536635268,0.2666175308958554
689,0.42765607683486495,2.2264761785840657,11.241629234663531,97.90137080449948,True,4.270073913454111,0.2278771371610453,0.05336608728084356,1.3494964246263383,0.25786302957996554
690,0.38228451308591826,1.826560667751575,9.294497389992916,88.55079059849692,True,4.2235265767177745,0.2739205229174063,0.06485587765148572,1.3630690747536116,0.2668011345761645
691,0.3709438413272444,1.270791396121042,11.397773672670002,58.51960949881957,True,2.7570697365589076,1.8616075153510028,0.6752123425338058,0.41981087746117884,0.41315480027305096
692,0.41584350479451715,1.2625067498139426,11.959191087711039,68.99902193274268,True,3.0142428657620437,2.028319839724391,0.6729118820396056,0.4281335205300518,0.42584698050550474
693,0.3565095690536584,1.8564633434673619,6.066229547199073,89.17903736054615,True,4.505330989828526,0.25215658416344716,0.055968492599706716,1.370869386236854,0.26381940478173105
694,0.448924869272725,2.1088644638529708,7.638701288739567,94.72391503870982,True,4.068453101175499,0.27254986142803833,0.066991029428185,1.3760529269933515,0.2672078091256136
695,0.3618450594851874,1.1251725078567185,6.321811049799327,70.23418651168703,True,3.516873934337125,3.1604651059942555,0.8986574909998738,0.4192796981725988,0.44538668662414516
696,0.3659165861577525,1.6774810861804705,7.5815657521711675,64.96073742684393,True,3.204920200134254,2.719768115907241,0.8486227257057164,0.4981895130365923,0.510824695048981
697,0.2955605285855664,2.208710939326419,11.640820685143654,63.13661872664305,True,3.3513682610904723,0.20234567622383756,0.06037703423198204,1.3724568576381784,0.26316881022663186
698,0.29277211435700673,1.4192586644396261,4.360767008918561,52.22391508763105,True,2.9253585168899634,2.7329909538308184,0.9342413718016154,0.4020532852384071,0.44418288217100965
699,0.4028567248845322,1.0709850328379222,4.84660257390871,50.73033220775684,True,2.3934028936287075,2.1886286678297173,0.9144422251915447,0.37677323757235914,0.39331541710533147
700,0.388545150579105,2.4628806528122498,4.119693479671133,60.548186392217104,True,2.9347289959444134,0.26066950513448334,0.08882234287892,1.4385725742773352,0.26816387692235333
701,0.32996988294725155,1.932816426217333,11.318356100443472,96.99210365570832,True,4.961966078193901,0.20758221536597726,0.0418346703896724,1.326717319891086,0.2596781635220644
702,0.38784937630947036,1.7701256852898684,3.034775178787506,74.84570420286408,True,3.642599018403222,0.4848967892694426,0.13311835500411545,1.4286127054208282,0.3419917446580416
703,0.2859760520389298,2.0889700401507865,8.83485853847181,123.27985965665862,True,6.058832485288647,0.16255774277379897,0.026829879051533903,1.2922948279744744,0.2816284750844926
704,0.3421959845758906,2.065302455237176,3.3078269791215953,68.04845093469604,True,3.555925067732783,0.26095305784350054,0.0733854209166115,1.4246295020832878,0.26623496358318244
705,0.35834553623372833,2.305990640973671,10.394729728441908,106.4769862759615,True,5.2452603597324,0.18206472797891302,0.034710331898224686,1.3156221758550455,0.26487349952018757
706,0.2863766356152278,1.7134456940282377,7.612673937642182,51.385100295230274,True,2.847180172975654,2.3779405290307016,0.8351914471733135,0.4761414198002418,0.47977620066347093
707,0.41805593611107894,1.5079477344271397,11.798890229802197,120.44969531176292,True,5.341566267691719,0.2878372844955815,0.05388630788623844,1.321464470027371,0.2691199068428718
708,0.3502556620902856,1.1456301920875205,10.181580776578329,91.9560574605407,True,4.593205252315411,3.721976423901179,0.8103222519884017,0.5161560528226623,0.5002618193570596
709,0.33842476466908217,1.585547147440463,8.508141443700852,124.92294519715534,True,6.058358780202499,0.2233660623298937,0.036869071382799115,1.3140178594744527,0.2580762401350736
710,0.289198110003456,2.4134252513386225,8.052808808214563,122.12395896807799,True,6.058682984475783,0.1512590888075701,0.02496567144957784,1.274583540228027,0.30983070508182253
711,0.38138719868107596,2.4508091335528235,4.2088372349239815,81.45211060167955,True,3.9864084393260972,0.20612947020279335,0.05170806587938078,1.3956030030348718,0.259507312188211
712,0.31444476186964165,1.8779676479241951,4.843098822080503,56.82059067733179,True,3.0778832151656323,0.8207289554025747,0.2666537025701959,1.4107024394585008,1.3626294559797136
713,0.31342072119001035,2.187759372328045,8.836209818943711,69.62272048216492,True,3.694165335039692,0.20526701187332339,0.05556519355707665,1.3755133736350391,0.26171768664618744
714,0.4320088262033464,1.0274262391891171,7.546261051384266,120.04439461836118,True,5.313980848393007,3.631406363253144,0.6833683573307029,0.9710054130454715,0.9700597194673017
715,0.32433477368195585,1.8201060376273204,7.128411388325953,66.3753087402674,True,3.502377276899547,0.3142075277890966,0.08971264456901869,1.3984076329887625,0.28133924397507215
716,0.4211497375795303,1.056157107339153,4.7679477926322225,126.1149379825454,True,5.736471660232969,1.103815264429141,0.1924205905314824,1.3491522203038997,1.2112954575021675
717,0.31247588954959754,1.348722833251716,8.416892707967492,67.21440191660075,True,3.5813428047346525,3.000408555146446,0.8377887062863146,0.4680903568252823,0.47949134835580365
718,0.31544327780410264,2.340812838868046,5.949407573738226,124.2852442634421,True,6.058669253985646,0.16091461283408368,0.026559398786825558,1.3005876455855483,0.2856983976246976
719,0.37840666152930585,1.3986990202484635,11.057354803032556,103.68495545027332,True,4.9308755193392795,0.35820600674005,0.07264551809007103,1.3365704544732058,0.2931258645674566
720,0.3303062411043466,1.9351798252107935,8.027251633003686,138.77019163083196,True,6.059066021731875,0.1808805474820069,0.029852876141842316,1.3090103371798683,0.2647673388393117
721,0.4394983861924371,1.463333632523369,3.359878853229562,68.27263848944284,True,3.0430041975259066,2.901597347399406,0.9535305109859952,0.39577512475402,0.44352923004343525
722,0.408000793809699,1.3666548559390286,2.079267265867449,67.3708425564203,True,3.183271240837597,3.088421600674814,0.9702037203283295,0.3856858207162075,0.4342792568046283
723,0.2819024988795856,1.495292282536222,2.1100665089924076,114.03102025538264,True,6.058602756162686,0.21899806741349692,0.03614662921921009,1.3505146855730072,0.2408970405092692
724,0.31383216742413395,1.1730969901400845,10.72688464248219,81.88609623956137,True,4.299730216447488,3.3815437935828854,0.7864548758542288,0.49864935526596765,0.495714477084388
725,0.28634236409585445,1.9083015675036403,11.779253861357798,108.05013189450156,True,5.8701230800658495,0.18053872801524087,0.03075552685229483,1.2935355299044846,0.26657038653160203
726,0.4170727743698072,1.7937634188220835,9.880160466342584,113.62740795273295,True,5.103154000569185,0.25641266944324625,0.05024592034938531,1.3339708809743427,0.2629875324324096
727,0.3710415565291514,1.6325741414609842,2.7214780156051126,117.04328671172512,True,5.8095239701761,0.24604701025328962,0.04235235305274614,1.3559919894170505,0.25053872212739847
728,0.4117046620683794,1.6107448647139562,11.562718763463062,121.81302566698523,True,5.4690804493131795,0.26590521771870895,0.04861973053479255,1.3180111293991015,0.2645623971202915
729,0.34066924987861774,1.971359205406755,11.384827645035838,127.27810120647017,True,6.058295383324449,0.18676207681893858,0.030827496020250856,1.2943625095160494,0.2629858381306587
730,0.44566505184689625,2.25399438775292,10.4341947715859,70.4896635064598,True,2.964619153104048,0.34224358000691835,0.11544267993026312,1.3984914294645185,0.2879223865962408
731,0.3949149007790603,1.765307657512108,9.546579999482194,77.55853341433487,True,3.608449041226965,0.4437121337759361,0.12296477758351898,1.3832701024060494,0.3271516137318442
732,0.3381939593002432,1.79972703827801,2.732028527859931,79.69065632725577,True,4.18978710019501,0.2783356209660004,0.066431924656278,1.408784097602196,0.26566980683399555
733,0.43439713347879527,1.109588569587146,11.081665833571547,89.44376938216728,True,3.8512718446032093,2.9231355631003346,0.7590052536012297,0.4552948038396458,0.4643534289034186
734,0.31499266535125614,2.370935585342922,7.698776864336205,109.1294965961111,True,5.802033586160398,0.16259637229481055,0.028024031553807616,1.3000559957071753,0.281845723673404
735,0.3680611367970104,1.7355831383109035,10.065925620286574,115.06241098031877,True,5.59450582542242,0.23139861451233304,0.041361761294593166,1.3178375403775107,0.25928758994107204
736,0.35452089390228353,1.2696862920105787,11.768377971679293,119.0390742134258,True,5.855909457118564,0.3003641981464616,0.05129249356499744,1.3086178529845376,0.2730869805911822
737,0.44320359606031867,2.068093529137262,4.689232110665261,63.96004900956428,True,2.816081692656857,2.3292440803405756,0.8271223403831832,0.9257888745136738,0.9523228436058044
738,0.3094824245123691,2.2293149641700785,9.242410607121656,96.64986285103745,True,5.154982921726274,0.1739641201406779,0.03374678884143067,1.3197577634433602,0.2706665151087244
739,0.3303916528327266,1.8617411431838657,11.678760265041696,117.50386909715235,True,5.989370274156746,0.19717876601489753,0.03292145200401033,1.29557345802391,0.2605036812424939
740,0.42562223271365685,1.207022654719187,9.839496192394394,65.90335195654225,True,2.8858529307264944,2.171577079937383,0.7524905572338723,0.4209153124076188,0.4180324513087528
741,0.4020381422097074,2.117092793720671,7.738397725572182,81.84724405023906,True,3.8107276161227057,0.2604441741973468,0.06834499875967007,1.3831342400539,0.26506273771436817
742,0.4491012231493279,1.016362511378598,4.03265433281514,96.72571344807301,True,4.218343914530064,3.9859063895411087,0.9448983938487505,0.4205264819774124,0.43751757086746057
743,0.3417841045237795,1.5025520542968422,6.712471376502729,137.4431212412652,True,6.059073309914584,0.22261526881094884,0.03674081124694084,1.3256163910686674,0.2557888592364477
744,0.37939441803839724,1.222967499294083,4.811419345295036,111.20562050463224,True,5.429748499313327,0.46772416530249566,0.08614103680154733,1.3567603956841574,0.333975041399341
745,0.390022843538021,1.6987913371362091,6.229502451785673,74.67771872212475,True,3.5757272216791867,1.3875538812817185,0.38804802359339746,1.2671322950355361,1.2357902801299159
746,0.3169693600116795,1.9733190299112329,8.994696464076991,55.105300058494706,True,2.890768552944527,0.3852704602320387,0.13327613510933053,1.4076551537306643,0.31397699907427334
747,0.40340637125937984,1.834292194510425,3.766045674345684,98.74301536756528,True,4.660319017898691,0.2751837759757591,0.05904827006882413,1.3842446339986751,0.2655536137765555
748,0.4033086888018083,1.409838284100479,11.387184946199568,124.36372007680306,True,5.669398606621874,0.293248052174643,0.0517247194141771,1.314442980962213,0.2712361191147994
749,0.3277143153192289,2.4765924346571326,11.355103783802065,111.33058640778091,True,5.708045866682971,0.160851199058638,0.028179731350356334,1.284993814678364,0.28538445281552427
750,0.3697745162029977,1.1263044280097867,7.313775726264031,110.22144462497027,True,5.417473017313661,1.001576296772191,0.18487887130609806,1.3424617023905245,1.2101456518758962
751,0.3802928191238675,2.0854191866241636,11.902050073888786,129.37501623567215,True,6.05517354295241,0.1917516436893681,0.03166740677689527,1.2919558063867105,0.26054693805546414
752,0.35887324202713716,1.1186868727499226,11.823535320467482,63.324981416715474,True,3.0419576995123845,2.0719029491700804,0.6811084024942883,0.42208678388922793,0.41939646153102217
753,0.31980022379321243,2.1529763573164615,3.9686069697368325,87.58809749664402,True,4.707579286451822,0.1941323691829612,0.041238258002720095,1.370948122109986,0.2607329617113052
754,0.36245440744681623,2.322181330124222,6.823369186789982,76.31443974805423,True,3.806831843881829,0.21477920365719255,0.05641940922669756,1.3840716123636572,0.2612107130619097
755,0.33674657373857597,2.0134432505088595,3.4426287870928727,137.1393171227246,True,6.059109814206543,0.17900843776975664,0.029543685996586987,1.3320416822579748,0.25639317142112406
756,0.41010829683451333,2.2928940330496848,11.13366533175531,138.79131438644413,True,6.057825515629713,0.18537991169065393,0.030601725192044196,1.293414340580422,0.26257005388218646
757,0.375063794558217,2.067716508495102,10.531050470091323,104.94209941553953,True,5.032313867480962,0.20937139648389122,0.041605393065177944,1.3280720432447608,0.25871325635275344
758,0.2993584192575266,1.149077422634457,9.31007317718916,84.34822556379233,True,4.566897705796354,3.8058623012069277,0.8333583422235379,0.5188501492236499,0.5020003435826541
759,0.419687488195407,1.167996261276029,4.094078449989551,111.03640064181621,True,5.08670480708731,3.0410007676971795,0.5978331519179471,1.1050258198895433,1.1223227303768026
760,0.3469477238572491,1.6795567897122408,2.1761763789042914,88.49986771672381,True,4.591349354183565,0.28981174332103116,0.06312125716527305,1.4009652342854224,0.26297833036885887
761,0.36187629122690923,1.6487684467571304,4.742695095876493,139.97108633504502,True,6.0590770780159335,0.21301553572351128,0.035156432734020276,1.334729356261584,0.25193395879761704
762,0.4493269135077198,2.164563494003473,6.165567210431669,55.84561048819521,True,2.4083258568745607,2.0910086925822404,0.8682415988739484,0.4608611404482241,0.457452088610252
763,0.2960948819055001,2.3029128713837084,6.181926968903738,70.00270093381313,True,3.866829771396869,0.1878674912420537,0.04858437075035442,1.3794621711307498,0.2684260936808802
764,0.33851252549650634,2.174386252218415,7.608922146448348,139.35785452952197,True,6.05904052210416,0.1705167184317822,0.0281425281461174,1.3038522845862612,0.27351739162380984
765,0.2885341887560465,2.1156685741946912,2.653777620787571,67.9602735800535,True,3.844623809434785,0.2066449669210372,0.05374907329396605,1.4139854312682916,0.25969894903993795
766,0.32629321664357513,2.3691654762105774,8.312951494617256,132.61181256701252,True,6.0589088438680205,0.15835379612628667,0.02613569542089253,1.289352349425735,0.28823548071627725
767,0.30016781170368845,2.0879136563032983,8.849918714450537,91.26661938339382,True,4.945300102772093,0.18596275135467077,0.037603936564017455,1.3319967163922644,0.2661848335014776
768,0.3876256600930144,1.5724573304844311,10.975654540647408,111.47419367358775,True,5.227181774954999,0.2755351698234269,0.05271199313243684,1.3271278549475665,0.2670332862276332
769,0.3951463133749573,1.4592917809911874,9.316955960953972,63.66797151490352,True,2.951721446551929,2.2947171436829645,0.7774165636000484,0.4386683677916241,0.43982811069896677
770,0.301826134058627,1.1956645695588857,6.601703429020418,109.9048586454036,True,5.982348478605797,0.33246113899468227,0.05557368317536782,1.3286864182739042,0.28577617461396354
771,0.3573703189967411,1.7842627934671114,10.673973700747675,124.18458736196953,True,6.056005197088938,0.2106021098492619,0.0347757478726234,1.300715652849171,0.25810602323284115
772,0.3819535208558796,1.5235606846540235,6.18562588422863,81.18877737509142,True,3.9402344655318213,1.507343261462107,0.3825516665690751,1.255464090013208,1.2256471904734632
773,0.34053272769726345,2.3942765640966726,9.427672500014156,111.87286369261551,True,5.686869763746298,0.1673252646240266,0.029423087142020105,1.3001108700245632,0.2746476035760179
774,0.4210928972272674,1.3867072928936708,2.743711564543635,95.53235267338874,True,4.391461452336532,2.950075040981021,0.6717752331428063,1.083432481370647,1.1122927099944397
775,0.4080989776791668,1.334353435308692,8.205203103638425,70.35076225218555,True,3.2265433453105192,2.6907199176739414,0.8339326733622384,0.43919441835424156,0.45000035251990056
776,0.44000051961786935,2.028492985779933,7.9383426283817045,75.08091078328738,True,3.2641670951263846,0.4190876228474962,0.12839037053992164,1.403192599665522,0.3171536999777409
777,0.42048913116994613,1.606046720925598,5.078491033300197,58.17851660694679,True,2.6605064580300493,2.428883339497375,0.9129402156369213,0.40777040350149507,0.433512674533866
778,0.3035695511621535,2.2827576634614504,7.1427435054082835,92.09153991943892,True,5.004089103067952,0.17338602811114895,0.03464886906287258,1.3327401887518615,0.2734314882001523
779,0.40621144308890034,2.4229950037694485,2.993646946524024,138.23272238104954,True,6.058532126477195,0.17865558787117405,0.02948826285667572,1.3328099506315514,0.2555270808101895
780,0.42023621470552974,2.0535007171487227,6.553343744698443,130.6645619444734,True,5.908754929589962,0.20892767862619666,0.03535900221211157,1.3235317478205362,0.25585190721001405
781,0.3201038143421034,1.3171052443478808,4.257291307141684,82.12420051678984,True,4.414506069848164,2.7802565444634597,0.6298001408250609,1.101487338877834,1.1342917068527134
782,0.38262144375432094,1.933042039655603,9.832866021891679,115.38945026090822,True,5.487898619946513,0.2158429765637402,0.0393307149988576,1.3200602419875804,0.2580139491477915
783,0.29393164308975434,1.749967781779468,8.55639315561243,125.07075402921583,True,6.058910819093265,0.18827645828730952,0.031074307562672737,1.3083328428706102,0.26288925521924966
784,0.43692334004951794,1.6074573867412,5.611115464725216,79.41305575702415,True,3.520915489836854,3.2034178501152377,0.9098252597547213,0.4676269884409252,0.5026936295864775
785,0.441559216301222,1.8721202320589925,7.370019921224488,56.20713513848065,True,2.4353465147714144,2.0098739820800535,0.8252928155764739,0.43719961987249034,0.42802851080927296
786,0.42289970431875834,2.424520379173382,2.5813245977786905,109.41297272960352,True,5.001989823301375,0.1996608081184546,0.03991627635633133,1.3754018614337475,0.24963864158356053
787,0.3558320330687688,2.387362155947608,10.209995876915826,71.43806621799305,True,3.5168971108637743,0.20518986691171276,0.0583440062201071,1.3747658682896486,0.2596324113173374
788,0.3829049220156575,1.6891571595016621,10.584069306229479,55.745071280939335,True,2.591685907147308,1.7994979344539677,0.6943348842895439,0.4420615922673772,0.43130447531314875
789,0.40086403016347466,2.1347073150984035,2.0554198687258376,106.28095537627908,True,5.049719605938819,0.21527194673272537,0.04263047526035915,1.3816153553944894,0.2442699600881486
790,0.37843151039071476,1.741026724743752,5.669287143588365,128.76282840636966,True,6.058000808043516,0.22052143160636037,0.03640168408587249,1.3273360360211748,0.2551711382657107
791,0.44807893158442424,2.4904820146951714,10.039519044999928,86.71151479646144,True,3.666765330542189,0.22964628287024647,0.06262911917417133,1.3738083641428016,0.25795326302532695
792,0.3921084857137767,1.9422968993460872,3.6700670446207546,65.0447606958054,True,3.139858745509069,0.9300070178979873,0.2961939033812186,1.38959340113869,1.2192818296238466
793,0.30033958526952315,1.5565115612188425,2.901609942229141,91.26319182923172,True,5.055431051458618,0.2629119920654828,0.052005850616759206,1.3781111423780295,0.2598095812017993
794,0.31707130452392723,1.223976491282216,10.359978181892426,82.60217446200977,True,4.328094342250115,3.4459224298869304,0.7961754429076157,0.5227140916737802,0.5178872872163165
795,0.39475535372492554,2.051307001984604,2.4225424341347357,73.93218004004979,True,3.5640407772646636,0.3136362662683182,0.08800019019676546,1.4361848290033299,0.27659581870564276
796,0.4201600961229084,2.151939591289965,5.1613649454701935,66.2511166488166,True,3.0305740597360096,0.3857285771262894,0.12727904665028705,1.429535977377391,0.3052526619560907
797,0.3037028195986636,1.1257837610741421,9.034024852661776,128.07379149003833,True,6.0589836454703105,0.2944125585597232,0.04859107992143628,1.3188650700296929,0.27356347888854415
798,0.3941929583335596,1.7082250583723968,4.191760612595575,62.9425375903714,True,3.0221640026971497,2.8298704036435045,0.9363722157758376,0.42988833970121476,0.4745177431552281
799,0.35985282412909514,1.944929425520023,10.299228481406386,136.31306924212012,True,6.058755842392108,0.19065929602925422,0.0314683907041183,1.30120376158186,0.2608754935115405
800,0.3919652718414353,2.116057945678131,6.945416598577503,84.30577733223015,True,4.009419812414028,0.24808875101239944,0.06187647156435532,1.3804661852852984,0.2632583788527465
801,0.32582109971491047,2.2446874719226884,9.464981918776076,109.21718429978692,True,5.67606048413368,0.1727012810957466,0.030426258067280876,1.3034005542314246,0.2712701689882917
802,0.35963569357731545,1.5496784849101128,4.903241488045749,105.90344281368007,True,5.335081567402673,0.28034022845911283,0.052546568392129275,1.355833892110144,0.26802996097563936
803,0.36161779485143897,1.6175573400442416,8.894267819127215,122.23634442790333,True,6.021322160628992,0.23465568158738892,0.0389707900237772,1.3122462308336207,0.2591996773999199
804,0.35519484183687333,1.617240254988496,6.698597056897336,134.67512297506363,True,6.0588936859553755,0.21784097586845966,0.03595391950405384,1.3237918458036195,0.2557127871850309
805,0.3472966891295065,1.9256410973851095,3.436200368012029,124.66870015863142,True,6.058447994631189,0.19426073386362577,0.0320644386212069,1.3362849520704065,0.2516084171883777
806,0.3133081845683265,1.5948941245677202,11.121614120191683,108.89623230410834,True,5.719726807219873,0.2277894320744211,0.039825229377544395,1.3100639429550505,0.26014859523963274
807,0.3691949120159261,1.3446373662692472,5.3078032496907195,78.74995445764375,True,3.916164404860007,3.606649435676006,0.9209647662391576,0.45172960543098384,0.48117374263143864
808,0.35849594413655317,1.1431750511432708,6.134178733063728,80.81903541585763,True,4.0722709998953315,3.6984895504925097,0.9082130218218707,0.440125192565322,0.4581835801384546
809,0.44813390079627907,1.793286351482167,9.48822397838202,96.33550637271668,True,4.098684822981062,0.3393446889777306,0.08279355540466218,1.3675191451742377,0.2862301939413281
810,0.3599936487121599,1.9408277755664987,9.600404200505334,102.99650337923774,True,5.08541210878581,0.21722729572248373,0.04271577033986903,1.3319665260358473,0.25910101187443013
811,0.36363023905267333,2.3503328361604567,7.033272315041049,118.67891419249293,True,5.877682561089468,0.17709910161493936,0.030130770039767652,1.310920158273115,0.26819645800791525
812,0.4322452490102425,1.5606455698668198,4.515143204879573,84.85011441471451,True,3.8100667148468594,3.1216438328572123,0.8193147434119622,0.9262599326082102,0.9641480493337649
813,0.3064969717665622,1.2411332683634917,11.174813448537986,67.64881994778816,True,3.5599123306037974,2.6328500809877906,0.7395828426317544,0.4560099463342282,0.4658336246981394
814,0.4244063780206774,2.268768438633623,6.972173417264975,116.8230661193459,True,5.250636636832505,0.20524688375545766,0.03908990432049298,1.3385563507531355,0.2573578490179931
815,0.3641432580635696,1.9152279127317902,2.9396411145346963,129.67353127101887,True,6.058612673691151,0.19812430772229644,0.03270126650984459,1.341256823389922,0.24723906914953053
816,0.3801012108711593,1.6508289404440326,10.684056105510683,64.72564649178203,True,3.04022015716874,2.2015419012442736,0.7241389726507502,0.47293606914506237,0.47173244527502245
817,0.30703411891358223,1.4363948651933476,8.185201593904129,83.72323568734362,True,4.510661647315407,0.35023146967339513,0.07764525407970714,1.3617050870752445,0.29178977781616666
818,0.29023045886554416,1.937717555216393,4.1364794055482275,103.37810850013165,True,5.769010007538611,0.18609220921605477,0.032257217264813225,1.3352207244977228,0.2612901750207861
819,0.3083489051646355,1.454099981059364,2.978380864987683,83.25026340827975,True,4.566511462713506,0.3930730863782108,0.08607732392390394,1.3958914461320315,0.30657750540033524
820,0.4292885055837713,1.6652247925231103,8.293621824744584,54.90075965609992,True,2.410501330686085,1.8907106953162167,0.7843640952390912,0.42393132372192355,0.41190727160264284
821,0.44454378819162754,1.064020951815327,5.821857616848975,54.526052528915194,True,2.3777363420862314,2.1006599848035443,0.8834705293524766,0.3921436917066199,0.39185181682043035
822,0.3853923353819984,2.4321749695626553,6.833236275640709,110.85257933812147,True,5.32003672374833,0.18389311283202253,0.03456613598382405,1.3308343877604059,0.264111369596999
823,0.4132307827383031,1.4728813256744973,6.692565089588475,73.22151664007328,True,3.363346521602497,2.972166309393712,0.8836931580804217,0.4485886232737277,0.4694530578645906
824,0.3334857149911552,1.736127265329655,6.872603886935555,124.33880844044128,True,6.058479583301243,0.2050375318403793,0.03384306722853642,1.3191035829567732,0.2574077696780197
825,0.38497988671261785,1.8622606195211744,4.488720304590596,91.40002659835756,True,4.4398795938596995,0.27244966259003583,0.06136420072445894,1.3852189450425563,0.2669498328327471
826,0.3105389113779221,2.0597144771700258,11.744690572614873,57.73885242962179,True,2.98123248335381,0.26110946592171846,0.08758440255151688,1.3889038279255113,0.2686529264480564
827,0.2936340323935414,1.2459463266249535,11.680333058215776,59.40783920569898,True,3.1541103568699627,2.1901601536327817,0.6943828546970138,0.43631949597182107,0.4376855815784837
828,0.43541858540432643,1.178787520801453,9.888540527992374,94.68212123559164,True,4.1110233942376615,3.3250906063334935,0.8088230806456139,0.4763061091408165,0.4776917012567119
829,0.30679731586215875,2.0874236605084384,10.969572211794908,100.1159949600858,True,5.310570544910169,0.17977536580302195,0.03385236374937619,1.3114076795764862,0.26646272824671113
830,0.4295139404189138,1.9889244732881828,2.7064615954495994,53.33893929808601,True,2.4286630091372596,2.3295194658729885,0.9591777274610486,0.403423375476772,0.43976673118341836
831,0.3289086338791771,2.0463648443476643,10.837967488981164,127.49680525617227,True,6.058529467951665,0.1777753448243381,0.029342985911801196,1.2932687162423244,0.26783934499556183
832,0.3849319497686077,1.3470827229040014,5.930279271766698,61.46262631067733,True,2.9701163925654352,2.665751344269376,0.8975242017255881,0.4142794821515787,0.43750104600052353
833,0.2958927728738441,2.2470679944677836,3.9881665621937126,73.60918926425198,True,4.101571086870495,0.18964432307638024,0.046236995302470586,1.3882653686835855,0.2660192488930493
834,0.3970004032616973,1.2745876548384731,2.348538308864452,138.44656532264185,True,6.05877722048756,0.302341775334608,0.04990145112321493,1.3555380285811447,0.25937833844833236
835,0.3548560881889365,1.52213367020547,5.134211992433558,63.85534203792605,True,3.251040368603939,2.990187582615378,0.9197632891588557,0.43314690413334755,0.4727876877582933
836,0.3199072454034748,2.266996084310676,5.136022373994546,67.43346688161927,True,3.617231203153438,0.20962120983732005,0.05795073581544249,1.4008991428732545,0.26352703819866496
837,0.3605142227702879,1.1504554674560792,5.904835661648668,50.17477553114443,True,2.518563545865783,2.2315101986375336,0.8860249733625157,0.3963372383672512,0.4014280006587576
838,0.38216670857889556,1.1467532922621426,2.4375225432936567,101.55396571323544,True,4.975521219347554,4.2764694292301915,0.8595017970380538,0.8082633291604471,0.807207906801382
839,0.3739623490446194,2.4531395431386303,2.71661028599068,126.19998670263965,True,6.057789838663512,0.17242637731972774,0.028463578617274873,1.3297912693009577,0.26024242815351295
840,0.2921279645474958,1.6462403391584792,10.757074260891793,98.93316053894492,True,5.368521164132332,0.22126949727229347,0.04121609853205364,1.3200144614530385,0.26079698556630726
841,0.3060682505073409,2.4555022615856688,5.7515297749340695,93.66586651297058,True,5.095867385394383,0.16337050832853878,0.03205941127839909,1.3303507154841396,0.2827031503648261
842,0.30761352068160225,1.8036692185902434,3.555536469606447,72.9483662445753,True,4.00530353032526,0.2681994194368092,0.06696107233976084,1.4066345991857254,0.26775007158040687
843,0.37172731106454887,1.8496276163822019,7.597463756837691,95.34090486069846,True,4.669961646251745,0.2511138945100388,0.05377215350614079,1.3568615208039065,0.26334421994552093
844,0.411834139006326,1.3345634522971828,8.347725373863328,127.71705792754578,True,5.824496867642518,0.3256380089872665,0.055908349920543346,1.324383464355587,0.2825472427772153
845,0.3300406267684168,2.1348502931699382,3.1003880521300218,81.65494254126332,True,4.33865028694749,0.20789136433148184,0.047916137642369495,1.393452901607922,0.25704353633834565
846,0.36022277238803124,2.2572360644259204,3.027255109667353,138.47249616503663,True,6.059045894590168,0.17301429388099543,0.02855470925471477,1.330184553032296,0.2593729488317371
847,0.35187266187474614,2.2882986147642703,3.1243085649925293,61.6685614894091,True,3.1792606462231157,0.2488529037913365,0.07827382888124247,1.4394583575095776,0.2649434554597767
848,0.3349972006823867,1.8212287421720714,8.77129777322611,77.67828813368482,True,3.9990231387168325,0.2631002663938377,0.06579113380130598,1.371911679939819,0.2656605457622443
849,0.3207936435695907,1.4004173724661704,4.4965402145077515,79.8508416480847,True,4.285796305336131,1.0309575022099422,0.24055214684989215,1.393555769221249,1.2186716127087478
850,0.3003091496696981,1.8873741829358868,9.982382880760776,69.57917611819985,True,3.733361885280828,0.23891073823452028,0.06399345832946197,1.3726089513800557,0.2626577231674636
851,0.29157037077511566,1.4351406191732123,4.632420505518779,127.43367302112128,True,6.059107046561099,0.21768125998057908,0.035926293809931294,1.3360851109380874,0.253193362427953
852,0.41264199208216756,1.4934243914666487,6.466705769257633,121.9489710251347,True,5.6002322105512246,0.3015305898746317,0.053842515549002996,1.3395345389074729,0.27485748417883427
853,0.39377155029818744,1.2497092135193748,8.923502437548628,56.51455637926986,True,2.6264886689393783,2.031926167694117,0.7736283775839187,0.41359546850062623,0.40535226690612003
854,0.35440729731886955,2.182909909965983,2.6097134852272976,65.531737234168,True,3.369287029470166,0.25843988991196604,0.0767046225659815,1.438902197792816,0.26409360083075883
855,0.35192183474592886,1.379993298194284,11.376704979670148,62.04188241357335,True,3.0255335170239706,2.108357912197064,0.6968549184247427,0.4401795438866474,0.43736395649566884
856,0.3110118937750139,2.1606035031860777,6.384568201627491,88.39046875300718,True,4.7705397071517135,0.18881079541024443,0.03957849782220455,1.350678608609011,0.26543852360510245
857,0.4203414353704502,1.0241337901472414,2.00218735939622,72.06990806339935,True,3.33380185463809,3.240154986905127,0.9719098879248992,0.3708555523395147,0.4175922279522002
858,0.32377630837298893,1.8923140737326265,10.994620258170475,125.70971265843795,True,6.058473544171879,0.18741801705617453,0.03093485771452557,1.2964408917507955,0.263156320244641
859,0.28558205322418617,2.0625082459203936,4.06996457322915,74.94816922657034,True,4.235436748551008,0.20006362461292773,0.047235653957380386,1.3863139515972547,0.2630372270473291
860,0.4460675571353066,2.3888591060888555,8.034797840343035,94.3986037290586,True,4.065996098179795,0.2317606176153986,0.05699971471176516,1.3710517324496956,0.2594013470355305
861,0.4027502876458472,1.019247496894302,11.096604628949402,55.23095538664691,True,2.4648631438260797,1.631638631458142,0.6619591175051746,0.3995601991938127,0.39015711269448605
862,0.33097211143121885,1.838633769448741,5.696540601701665,63.60983409970846,True,3.3489156536619165,0.36533471897668685,0.10909045098738356,1.414050643913762,0.3005147159931876
863,0.28705491564055574,1.1589736819255578,10.56004567077947,54.95979722344234,True,2.970064593616175,2.1621565098406834,0.7279829921840755,0.4218308179049792,0.42028100290798376
864,0.3436703069530043,1.0143232725963114,11.834897785084285,106.5743668719594,True,5.330110689259923,3.256084492540485,0.6108849670048009,0.9988347028478559,0.9917693447561144
865,0.3907166526117591,1.3879078313469995,3.204966421079183,131.66203103144596,True,6.05829871020456,0.28202673115627347,0.04655213363468352,1.3478944586561488,0.260316528776253
866,0.31512613747905777,1.561905234408549,4.086901426993927,58.626443471474914,True,3.1832666451405807,2.990632758575895,0.9394854694755933,0.4312626175628842,0.47738636056376027
867,0.4094286191797405,2.362774927027268,10.472803939103828,116.35487935023903,True,5.2742099167825085,0.1926772764095178,0.03653196961243801,1.3178517585091605,0.26029954103805997
868,0.37625805171622956,1.3394428732473518,11.702236642177013,102.58554490597545,True,4.874406519641206,0.42619447462763504,0.08743515193291802,1.335940393354278,0.31935415871880757
869,0.3196247292318338,1.9998182117351515,11.855339448700924,88.35960667073768,True,4.567091471404977,0.20233399631390103,0.0443025933640118,1.3347016382180512,0.25981116442233887
870,0.28514741737261556,2.311221069955906,10.63080838204352,126.42966579910701,True,6.05885314764912,0.152813977642218,0.02522160117076133,1.2693876296832016,0.3053102651410553
871,0.44713550161314514,1.811687702986959,4.986618031116413,122.95642398999217,True,5.345901932355344,0.25937624628934597,0.04851870639816764,1.3541471355296646,0.2612706861440013
872,0.35971226514673277,2.224376219089734,9.067058657226974,76.18988849311144,True,3.765675681705555,0.22070989118825568,0.058610966488832475,1.3741683139496814,0.260025932526335
873,0.2932722431867509,1.5035424816186662,6.769354318341509,105.44826393173409,True,5.813506783479159,0.23662743549234042,0.040703046251668436,1.3284068952161863,0.2608234847145461
874,0.39562405015785257,2.1056812753424023,7.833039787690692,88.97656088719873,True,4.1869573885992875,0.24156377277304053,0.05769434707666173,1.3690920138100653,0.2617224523880841
875,0.31940480765551876,2.167322118135291,9.494996788481501,74.1359807098395,True,3.885066603526932,0.20390736829923162,0.05248490929708152,1.3655359761456785,0.2610957204732669
876,0.36672395505766914,1.8080746679758835,2.472517205914782,79.97855285868297,True,4.028403373436887,0.31966208916828937,0.07935205577379044,1.4185393872846057,0.27710158123528217
877,0.391717083319041,1.16179144447021,2.4002046333096,83.98817297626121,True,4.064466431349158,3.916190191730671,0.9635188918095535,0.41223043054984077,0.4355139726629038
878,0.4133660251910425,1.9412715540127983,9.96040545138595,90.78100828064487,True,4.092370065644681,0.2696357123660796,0.06588742172406718,1.3637469105939188,0.2648355485689584
879,0.4416181985036778,1.8863708720022379,10.90228324291288,129.48055805649227,True,5.538073510556522,0.2355675135686395,0.04253600338088818,1.316479908605742,0.2584451172003397
880,0.40830572714151003,1.6803488206536956,7.954451720504041,116.89785768433781,True,5.378895657407456,0.26481876819920375,0.0492329253188827,1.3361219501860746,0.26493630264496426
881,0.43372199302441955,1.471425756028098,6.774457067260892,85.903091226768,True,3.8087005790097637,3.377071823474421,0.8866729619245723,0.48379147364989716,0.5023636744542457
882,0.2841788025301073,2.3938867118055986,2.1597563878662362,132.88925789334598,True,6.0590551073976915,0.15073138063467206,0.02487704402137544,1.300026128173152,0.29823265365628693
883,0.4499597545908305,2.3596267159555566,6.431474370270004,69.76421044418625,True,3.0054788927496903,0.31404181017881483,0.1044897739712623,1.420134568552911,0.2788019578212242
884,0.39609059477978115,2.0780558672913387,9.059227776782572,99.53133878067825,True,4.650249703228627,0.22680611795653097,0.048772890152342034,1.3477082093386867,0.25923629398120296
885,0.3163044523829946,1.1758419264313882,7.355570556524279,53.454863848811925,True,2.843428118533448,2.4141978618897433,0.8490448012925017,0.4154701108865906,0.4205118619809527
886,0.31286694793082387,1.4526467858961574,10.712599599624028,137.66010584147674,True,6.059074744186616,0.2155753003947211,0.03557891419008405,1.3085490262276993,0.2579362707667565
887,0.3210452721478875,1.0593610262232989,9.22068158980289,65.3651060615808,True,3.417240485422055,2.758570619158207,0.8072509473437023,0.43031496912257783,0.44110103277870083
888,0.417670756840698,2.270110580421784,4.083537661475967,128.2640401648202,True,5.870297287467665,0.1947499673705289,0.03317548632269361,1.3363208513848237,0.25433976132805647
889,0.39411264627150966,2.258555618365842,3.6818865432782197,63.88185563000984,True,3.073406136495848,0.30693939500869694,0.09986945472772912,1.4400070403273926,0.27984708832992977
890,0.43030455910491194,2.093872050276677,8.760477468247903,137.2016999317601,True,6.030332112517736,0.20549265718819207,0.03407650745497604,1.3084056440266854,0.25679639487900996
891,0.37639226536188164,2.1971408570861115,9.995696333190676,112.9782691475433,True,5.421599423976614,0.1932001351156296,0.03563526553828684,1.3162378240098738,0.2608235394569647
892,0.34359383786830633,2.312269919437317,6.57619025910718,126.3136797428725,True,6.0584294813984,0.1699949316814035,0.02805924079884899,1.3052516074284082,0.27412909099382876
893,0.35120390058714324,1.37016570050248,10.653388401409282,62.62758422979691,True,3.0814616956255536,2.251891135831806,0.730786671477563,0.4411304025397347,0.4426259571471225
894,0.3361152910966934,1.6425574930808935,3.001273594139227,67.77168295688998,True,3.57799866002571,1.6595133675090474,0.4638105055906094,1.2348373774652681,1.2306966985185368
895,0.43616491217586123,1.3601559825678777,2.5429915061224877,135.60248849795747,True,6.021887671480851,0.3253374479871364,0.05402582474726437,1.35449294984687,0.2709884275608281
896,0.3831122132356817,1.959399465269834,4.773047767448015,131.15821039185738,True,6.058293654602048,0.20098292463763187,0.03317484032570123,1.3295310226755315,0.2540789155667027
897,0.29106875460869325,2.041530554057613,8.390980586298456,110.10523679858476,True,6.0273546574734365,0.17443195941639988,0.02894005236611027,1.2989989153120738,0.2721918544774775
898,0.3148664908004972,2.081434899667487,2.934778013515447,126.99510460486836,True,6.058973511965132,0.1729619342670902,0.02854640871519386,1.3300822564943555,0.25993863147733576
899,0.2896160961445251,1.5295878643724004,5.425243600261966,98.89527576607635,True,5.513317533276633,0.24111728076501554,0.04373361035523679,1.3448996345980726,0.26107874319178315
900,0.36472061897785224,1.2249024812537366,2.5724939543323075,83.06509782557856,True,4.194693773730083,4.02420809648875,0.959356824016803,0.4320545357408907,0.4495991858110364
901,0.3416304781771772,2.054496997628168,11.979284016311285,53.58890858661125,True,2.6167301031773955,0.5305028589503149,0.20273503113910965,1.3997818945824676,0.39514222462717674
902,0.3075230886795146,1.6118306661725652,11.756719761974695,75.54526195647591,True,3.963662407785363,0.30961388470914614,0.07811308150285641,1.3607505616341053,0.27869445597749687
903,0.41220772292753827,2.194832306549765,6.396987216172372,116.20874602439213,True,5.344302663873615,0.20597167030617358,0.03854042019335837,1.3394303260586247,0.2570874094982729
904,0.2966289322196512,1.419130196149283,9.733397079687752,68.81160728080832,True,3.718993087964081,2.874411262162957,0.7729004045384014,0.6671671296827792,0.6747381467053257
905,0.28343214603232153,1.1932918666604244,6.052745423664189,100.36240191331561,True,5.6307577880794035,0.3551177136643788,0.06306748168358099,1.3420186761738986,0.29317413613865506
906,0.31836318229649,2.138079510369453,6.475574185616831,75.97974021925025,True,4.059398973292714,0.2088121411277968,0.05143917671103472,1.3769438764680983,0.2625139318428702
907,0.39019036797288276,2.3086076738970918,5.484468056584938,97.7465686047324,True,4.68736296206268,0.2038646090927306,0.04349238809597533,1.3633378542957253,0.25868353577115144
908,0.40651409703854147,1.9859382374431402,7.562054895895448,98.10221846175178,True,4.540160846623965,0.24967823349772392,0.054993257272676385,1.3607822127474587,0.26250415706553865
909,0.4217101191817182,2.0670875158483266,5.5659772699684105,63.92595297005314,True,2.909816325254539,1.3510812105130054,0.4643183828432258,1.258045293532803,1.2460134817405901
910,0.3586014913788392,2.3822273425388185,3.805920833223367,114.43205929363388,True,5.773542336044547,0.17595893302019347,0.03047677193283438,1.3325670744444968,0.26446173590818356
911,0.32292059656517064,2.1956830917018806,7.023249783888135,60.062479969748374,True,3.1745445484008643,0.2349226396187488,0.07400199809358102,1.4065571139902548,0.26393133441040595
912,0.36302399925508116,1.8528556161409773,7.213513352369468,76.3605413343612,True,3.79873156665713,0.2935102325830753,0.07726532592071601,1.388252597333278,0.2728062606220045
913,0.40033371377326143,1.2045976378186245,9.848411723895975,119.11626786997093,True,5.5046182822432055,0.43985226659329396,0.07990604326046896,1.327339204129538,0.32499696154255897
914,0.44539652494752485,1.895187210337453,5.47560266572205,59.4024219163975,True,2.593329012274476,2.3306953886526185,0.8987272257477601,0.4333795427659286,0.44843066344665905
915,0.3137269226499254,2.4250687407433436,9.8155499266292,58.11442471250168,True,3.04485696691023,0.1996629537624261,0.06557383677862352,1.3902617553111183,0.263928169496753
916,0.36888955974790194,2.4644351420792083,4.17894389502781,134.23421351708936,True,6.058730623397077,0.16797053405028228,0.027723717143262376,1.3174572701569285,0.2718641046232624
917,0.39463270013646634,2.439568133796197,5.548200336622676,119.81251289522902,True,5.681370534451367,0.1819653149572072,0.03202841882144183,1.327260818294452,0.26325363940112645
918,0.3753448183474928,1.9589906121041794,7.426046632041777,55.000475837109775,True,2.6684689395066856,2.220209830159693,0.8320163661227171,0.49329167052921363,0.4913327909649565
919,0.4147826271030699,1.230571363148991,9.573609188580539,135.94759994112317,True,6.056622680106827,0.3284822750915667,0.054235221911788783,1.3131440250943713,0.28264381808926187
920,0.3445372821395844,2.430871747387573,9.042871437381265,74.23308295279794,True,3.7555466716979473,0.19237272858201926,0.05122362878133112,1.3697323506254913,0.262300524877245
921,0.3728043199153448,2.2201790834870025,9.483259934926645,130.05714713416023,True,6.057968684767973,0.18144597315070687,0.02995161952667909,1.2983965442636292,0.2651289512075419
922,0.296862713474851,1.0282139423286978,3.2898054458961288,129.5779877023374,True,6.059162920155758,0.33010467429735124,0.05448024399529853,1.3509344929004863,0.2750422316009127
923,0.35334715810052053,2.235593091946714,10.641240247458642,106.95093865932674,True,5.302567046981147,0.18453286799250548,0.03480066661251621,1.3142542623136655,0.26392359634445084
924,0.3940445500229406,2.1632144618246367,7.839876110624193,114.64564880436595,True,5.402666389483461,0.20184681086787706,0.03736059129262195,1.3289752993375132,0.2584494617739841
925,0.3393399156519903,1.073316952915905,2.502129722471091,72.10920623811441,True,3.7921888367613548,3.6601691038838293,0.965186403272503,0.392851256917381,0.42847123370356677
926,0.3100848294612624,1.9681351747181475,6.293343616032902,120.88984580716331,True,6.058538179460115,0.18067480013596507,0.029821517135683918,1.3141855634436501,0.26531377905940845
927,0.3993026820154606,1.4201993536988362,4.575662010672134,59.775873247553065,True,2.841248028454682,2.6396985370087203,0.9290630422168452,0.3957354362409453,0.43467754228923816
928,0.3206306589873784,2.330684229198451,5.035739104024962,126.23754351386907,True,6.058778986689706,0.1631765709570587,0.02693225339883414,1.307361219902349,0.2819690512411346
929,0.35031792741020623,2.045648648637508,6.005326583860663,99.07361566796632,True,5.047630305748768,0.2063372170947485,0.04087803674127048,1.3500197816878083,0.259031912702933
930,0.3317107456029674,1.9626137952088203,2.6557448150640397,77.97058881787078,True,4.140504826046843,0.23935661625326649,0.05780855869253817,1.4087559887598813,0.25743655464434223
931,0.4173753232244527,1.2634004840687072,5.835190569493157,57.86379856853342,True,2.6483336965866844,2.362899705786664,0.8922212894969002,0.4022118593350288,0.41429267206287834
932,0.3604346823416597,2.3794323103767643,10.800318607535978,51.6241893911875,True,2.475573662741015,0.2852873311414814,0.11524089766959483,1.4073150244688066,0.27442533514396006
933,0.3029012503017548,1.835065635110602,6.234163543857979,127.35612667839094,True,6.058999531611458,0.18388356838883102,0.030348833570535885,1.3178419351185386,0.2626868510215439
934,0.29859332351567025,2.2414564478361614,11.801021024975974,133.2751453022925,True,6.05895113415285,0.15660752371213307,0.025847299350109317,1.2742553601547746,0.29397422014689756
935,0.4249920485337976,1.8241082797118353,6.8107175199954915,61.587015958096316,True,2.764662812902897,2.3817442074449127,0.8614953680170785,0.45514664702425245,0.4610755854031381
936,0.3673723383565268,2.131962235395428,10.138749144735975,107.42556223621621,True,5.226485479549092,0.19833993132748334,0.03794900647932056,1.322325784673919,0.26009983628978395
937,0.40007868639818744,1.4640997968774323,10.694575707782226,101.05198109885131,True,4.645518576135475,0.3907997998611826,0.08412404201088827,1.3465627740841795,0.3054198952472422
938,0.42429168730503547,2.0021865158915473,2.202676987064035,79.4595282813984,True,3.644948574306531,0.3612250812024819,0.09910292939351188,1.436656785975964,0.29159735601530556
939,0.3246877593321712,1.1962913899408976,9.300360760490861,104.17257146290605,True,5.436799766466269,0.40025106592455356,0.07361887196826138,1.331304016196119,0.30910326753101636
940,0.35930600500391263,1.1947548104086059,7.534558048822912,138.68380893286457,True,6.05900992118559,0.29237127325718254,0.04825396839752544,1.3255069927564747,0.27152505322811793
941,0.34774003477773785,1.646657477673127,10.617437235437293,52.18983560215099,True,2.5623925163950836,1.7689991741560909,0.6903700985845905,0.44009494344942945,0.4282385483747966
942,0.3364687257836063,1.5665270151055373,5.520300639553862,54.096743276746324,True,2.8259632191125323,2.5550080555832086,0.9041193594818213,0.4242670851051704,0.449367382856094
943,0.39282214187906844,1.5483866380545668,6.646037874498324,70.2728913410285,True,3.340857552247584,2.9511606231094545,0.8833542217698093,0.45993728519065824,0.4816105462831457
944,0.3914601210455172,1.1724413057442373,2.0812098945842483,115.97171751467634,True,5.585319399225763,0.5782041852253202,0.10352213434839035,1.3732498080113422,0.37365386836164927
945,0.3837777771459843,1.7628729131615561,7.620335099866754,50.21482149995891,True,2.394895825611596,1.9456279116608686,0.8124060724703983,0.4333217762739183,0.42104215420111935
946,0.35297039104905326,1.0173041063309027,11.540198869977385,82.79924529270414,True,4.070224894523219,3.0664655790724087,0.7533897164253895,0.457626598628984,0.46296616945679947
947,0.4090853346408278,1.3414763915191368,5.08889220750307,79.01038532171145,True,3.684842185948834,3.4105761444241653,0.9255691213668501,0.4287555957745881,0.46553531674146464
948,0.3923680202598996,1.1738848587393016,3.312188352527911,87.1856109470163,True,4.202971092911884,4.003350512735061,0.9525048886218908,0.42906284069305567,0.44691016106807124
949,0.33187984249435687,2.2361662296469165,5.542923592931306,114.56269291776916,True,5.980007623573111,0.17510112395509908,0.029281087078359695,1.3148791977009555,0.26915413386278697
950,0.4377586756404964,1.3568450276304607,6.08843806093899,129.19198069145835,True,5.685071002111002,0.3544294033082621,0.062343883335257214,1.3405648417288583,0.2930244226318379
951,0.3418782877199228,1.653881914293501,6.836669502232162,53.931668656258736,True,2.7705372758526607,2.386847745845543,0.8615107858857328,0.44686374289610065,0.4529027294424335
952,0.38430046689065117,2.171651373781452,10.722161219415796,122.0838099643628,True,5.758863253542376,0.19199584134698605,0.03333919089481524,1.3037686313227703,0.26070528365767354
953,0.4200320538953914,2.0387038037043146,5.992845575512947,97.23243836169738,True,4.429133271884385,0.25442063329342335,0.057442532810754524,1.3738787199290368,0.2631372215492176
954,0.3082686358262042,1.598290130561204,11.28657084776188,72.59715749897155,True,3.8149745241061623,0.35812706347184514,0.09387403800704365,1.3677220058459092,0.29625563163072366
955,0.3870346760556291,2.221279185928157,5.277308276003335,110.83860121189963,True,5.335949383608669,0.1976652100182275,0.03704405641954343,1.3445192979340508,0.25789522477189175
956,0.4296235506101112,2.133591262795316,4.82864629474668,117.3502471082516,True,5.266780804562862,0.2181040571554458,0.041411265296344195,1.3537104118069907,0.25513345342490856
957,0.44201547342315006,1.3955317283161621,2.7126204378267125,139.74705852171314,True,6.057149502412164,0.3054061952278523,0.050420778801353525,1.351765761003847,0.2647486897955056
958,0.34957983190237624,1.4308973632950979,8.198548453716462,71.35520660147337,True,3.6021893494622943,3.040655869653595,0.8441132807489644,0.4803774233328424,0.4920239703804681
959,0.4370217246602428,1.156720043556185,11.161024862963519,118.38726592066124,True,5.097939662276952,1.4198200811936847,0.27850860842859293,1.3047276181387706,1.2235810048140876
960,0.38568198241755824,2.26026795601399,4.481736859754294,123.72763419876848,True,5.96089492949055,0.18661289467854653,0.03130618755839997,1.3280164557657077,0.25851165370347173
961,0.3176584763437641,1.2433687418779784,6.631338404422423,85.42825478009445,True,4.566260324104077,2.687291971926765,0.5885104617757476,1.1128608716061805,1.14113745447928
962,0.43714491725593135,1.91928752062061,4.937879914509216,84.14250359312916,True,3.73952130083819,0.3547547987825313,0.09486636663976623,1.4072152782837546,0.29201393447373336
963,0.41018882683659097,1.7759567795395539,4.4519806771953085,120.86510494807693,True,5.608477814448978,0.243091794976139,0.0433436313771034,1.3492035967417677,0.2568799268998845
964,0.3594066351914005,1.5546718477324215,10.766468779441585,61.336335088344164,True,2.9721896174513507,2.1313696015254933,0.7171041810425071,0.4549435407673337,0.452271759087679
965,0.33920505294149944,1.9442288353508672,10.821620450040923,117.43953304653513,True,5.937901475853605,0.1942176876646698,0.032708135770600666,1.2992760657026867,0.26106268432448143
966,0.446859313510801,1.814256906839049,5.582180970509912,97.55341755909373,True,4.246956319555641,0.3384682366120889,0.07969666065402407,1.3853279800142553,0.28740756204264883
967,0.36571229042653947,1.5426497182374002,11.393146858692473,54.670833979291395,True,2.5886720138881008,1.7069042683799358,0.6593744820597112,0.43106906649044685,0.4205212486015779
968,0.32521052068576245,1.3554100906495326,3.9200047999124723,103.48644601729143,True,5.505354255534911,0.32020483259846616,0.05816243927927839,1.3589210650695387,0.27860388041046447
969,0.2880748359748308,1.8212853034070307,7.04490010037885,113.07116362435005,True,6.057954451034427,0.18787855548201654,0.03101353055732126,1.311974109584046,0.2635469149480967
970,0.2868240144051925,1.0398140505667213,9.44143556854284,103.0791368410295,True,5.675270574823781,0.9365543643839572,0.16502373799385547,1.32477307189066,1.2132790095931485
971,0.4119221724266864,1.511470510462725,3.40006553898731,71.11177738017312,True,3.3234089946921253,3.1654134270896286,0.9524597881708708,0.4156045425688517,0.4627120991652638
972,0.2980260409485443,1.409308920681927,9.43928770963858,61.40015081242823,True,3.310452538188535,2.619225451529058,0.7911986114630378,0.46279975661572603,0.4719159991194073
973,0.4356761519477712,2.204107624029442,11.020376904107584,85.65709635920061,True,3.67558954908867,0.25629333213953154,0.06972849626342996,1.3713453058036489,0.2616181988086166
974,0.38256855957401614,1.1699499500826867,4.239332520824541,132.2963458681876,True,6.058502295044594,0.35866057415871266,0.0591995441599602,1.3432115509451399,0.291386563189572
975,0.34390781524403224,1.7673922814940914,2.7964756326601394,120.08613447420751,True,6.057776949166244,0.21005932615484324,0.03467597567846313,1.3439276590955767,0.2465318002757484
976,0.3953131787341417,1.8364986292822567,11.26093547326152,121.01534450529476,True,5.593417121544026,0.22616214541962149,0.040433627692188084,1.3124966143638668,0.2581842218408372
977,0.3333335036206025,1.7171350861586352,11.707443470232937,59.24864614598654,True,2.9586158776121962,1.9904935378389017,0.6727786303389155,0.5081959397124347,0.5038292153962649
978,0.39110643829227215,1.5614602195478016,4.553020436604797,130.94127898946218,True,6.058030620391736,0.2483294420768443,0.04099177730151294,1.3367668961212082,0.25677353420975013
979,0.303075910353095,1.5343413624747329,2.971697694273448,54.57062739604507,True,3.028322430044147,2.901053498228005,0.9579737842465188,0.4097339628329735,0.4578031969099121
980,0.43672148383018994,1.8303498684531896,6.7932699956638105,64.0434675461072,True,2.817267671900834,2.4337588284794727,0.8638720604199442,0.4584340727332785,0.465995314304656
981,0.37220737496669276,1.4300799568928229,8.767316924532352,123.58271084684328,True,5.995208159033737,0.27480584506282585,0.04583758191093685,1.3160353039035608,0.2675579663747256
982,0.36915319763212623,1.514567547120312,11.692342859139139,127.86862507772385,True,6.056909110628668,0.24649765642482763,0.04069693831004883,1.3016309902319674,0.26111225217767053
983,0.3706516358650697,2.3049729813198727,2.872514546690967,60.33814026517953,True,3.024125643977933,0.27635454125464415,0.09138328687002818,1.4495510584921698,0.27071812226553726
984,0.41274087150466787,1.9062631738006097,7.037511514352629,115.69580518042997,True,5.3044851554154615,0.23486037307744745,0.04427580928144808,1.340845936364488,0.25865962177170454
985,0.33107879149164526,1.076360756728287,3.409045574267139,59.287626465936285,True,3.152739220796815,3.0099661571507226,0.9547145977998116,0.3778770898191821,0.42579142579556484
986,0.37875488577055616,2.0913387104325443,4.228951196696933,83.83589908495581,True,4.119930257367355,0.24268109145066488,0.05890417465603864,1.3956888901508928,0.2612448487520176
987,0.44695056158860946,1.6897785043179425,8.947872886850831,91.62684381271944,True,3.918184115793615,0.5512506686140948,0.14069034336392863,1.3769541387882178,0.37316409874575784
988,0.3326197286163716,2.243713812333051,7.079655305241337,91.68829969435649,True,4.779120268067058,0.1887477532209662,0.03949424635369268,1.3464985132571696,0.2646903326166443
989,0.31060092837552145,1.630039812828682,6.059469987537401,52.81718147136093,True,2.8576255848120824,2.5394419235330976,0.8886545308909289,0.44439429206374337,0.4625262607918681
990,0.4186931793765983,1.8174027039198213,6.416526008443756,118.11767682360379,True,5.372811092260436,0.24698081017613646,0.045968638378504255,1.343530534669239,0.2602397194779851
991,0.3935306864067344,1.021682230842474,4.607510162206106,61.73788244613566,True,2.9623803028442484,2.758889765754771,0.9313084356879833,0.3801953469388448,0.42110819688766155
992,0.36105327231399575,1.2136424933334224,11.25023075055025,51.52347578600613,True,2.4548203243116995,1.6051665393112189,0.6538835137603349,0.4067851291103013,0.397474027910643
993,0.4475756395919227,1.4213522651310107,4.4246181909826365,112.3608961121521,True,4.898082471006052,0.4518162530772514,0.09224349646045253,1.3751210663759057,0.3281585751369316
994,0.3723903442008718,2.4406454519626593,3.4875325792111838,132.32066830155242,True,6.058596508104741,0.17043345945792243,0.028130848329300226,1.3237971775944186,0.26615322994680746
995,0.38301257611571893,2.4921692360320717,2.5870937648857333,78.6544598445705,True,3.8593425139063156,0.20714896104643282,0.05367467652845422,1.4153706324380537,0.25548073030718044
996,0.35306837333502117,2.3274461238476998,5.573899344598835,137.86399611833366,True,6.058998694044424,0.16827536527239703,0.027772801046780232,1.310946845070717,0.27427452361147076
997,0.33686581241479135,2.4932528012027957,7.900101891594378,55.69596111261649,True,2.860755489170332,0.21283148839081925,0.0743969518529331,1.4086590702416362,0.2623889284072418
998,0.3404281421678348,1.521757319922063,10.538811428123145,137.34436430412904,True,6.058989777279161,0.21972583105826338,0.03626443336845058,1.3082098394436432,0.25765483041157555
999,0.4352019051431255,2.435910106048713,5.198301687680978,137.92188408252645,True,6.055237020544539,0.18704566293813185,0.030889899487586216,1.3211988084361481,0.25886205446463073
1000,0.337229131502494,2.1689821633030775,11.035740660721267,118.02915602778816,True,5.973560983245592,0.1764455624036857,0.029537751920265524,1.2911791029339557,0.26790641311477303
1001,0.41187423655334265,2.039361895587138,7.012523496918071,119.78813900709596,True,5.497012890169782,0.21556742310470148,0.039215375225005775,1.3333810302729021,0.25678911420334805
1002,0.40646626581692846,2.4612908324672187,4.358681069789121,116.0522434748046,True,5.421873270395821,0.18676779988053752,0.034447097998456654,1.344587268802857,0.25926757533413936
1003,0.4332609696987385,2.1032177475619447,10.07217425943652,82.2403281271175,True,3.5683001775505088,0.2878065532686958,0.08065648598719158,1.3804059528232893,0.2698924361706099
1004,0.40356869824567576,2.3991604211911652,10.764561311084586,77.77754284343342,True,3.5299759613510613,0.2224425339595774,0.06301531126417072,1.3743783905185167,0.25767928079671165
1005,0.34526115574238797,2.01535496098013,10.743425607608613,75.42939335358815,True,3.7661089620990778,0.2371313160799334,0.06296453938702982,1.3681131167003664,0.2604901206860202
1006,0.33790230033489593,1.8737898307816496,11.066740188269835,90.56016853200356,True,4.581171220095766,0.22708757917560146,0.04956976464434664,1.3412665628430127,0.2597580860794291
1007,0.4461341973650488,1.8760711102574747,3.627445614253648,133.95402229681423,True,5.841480823879422,0.23435422991794042,0.04011897616096289,1.347575587958822,0.25187884089169854
1008,0.443060568124157,1.9453403953799493,6.8443799009234505,80.22232735637394,True,3.4950926356634286,0.4141472929262883,0.11849393881592385,1.4022689102128219,0.31513686906485194
1009,0.31048836734005697,2.101864874668742,10.703105787215135,87.80803001453125,True,4.636241801187438,0.18959733407643387,0.04089461727985672,1.3343333023557071,0.2630910222947396
1010,0.40856739688451843,2.443934874577416,7.194323590357444,112.23839074011536,True,5.1784303044189315,0.19072665408062206,0.036830978282717926,1.3352962510638715,0.26091545751555456
1011,0.3203341524092821,1.7903051513157802,9.588792551968176,76.80807152201413,True,4.02034996022218,0.255828012287995,0.06363326944648792,1.3669108722603398,0.26406053116353156
1012,0.353578828445302,1.2522118603504933,11.565251984785496,136.14489331564442,True,6.058798267355182,0.2750608820671603,0.04539858729893499,1.3074744560568377,0.26753358474385847
1013,0.3465084908669698,2.072913551643987,9.765859027664812,52.301765425889926,True,2.5973057231205363,1.0902542939128104,0.4197635589093928,1.2785991555260914,1.2724211357492892
1014,0.44445009179767325,1.6862849348135098,7.673024423183969,104.72899648688639,True,4.535280527244891,0.3252173943378861,0.07170833036329297,1.3636373105534396,0.2811527665330469
1015,0.370017820310363,2.4649722564243586,3.8541922463677443,61.133623837017176,True,3.0557548907727994,0.23762109174795779,0.07776182980692653,1.4352969951624641,0.2641108227918436
1016,0.2838999039445369,1.5904081434700983,9.17359342413063,53.6137153329623,True,2.946017689080267,2.3002837409988186,0.780811245473871,0.46548249708857403,0.4667112421885129
1017,0.38056264237769893,1.5931142426119973,3.798035710806994,116.97587965453668,True,5.7079834193554575,0.2602641198837933,0.04559650944346684,1.3519571601076166,0.25900928959408676
1018,0.3602893290196112,1.4828688857937815,3.9348546419291557,52.99670308353341,True,2.6908777578988428,2.5314368726833503,0.9407476297474059,0.390973690003352,0.43046042214134506
1019,0.38874481723274057,2.3780695118438855,5.954218793801196,95.29471879502597,True,4.573246396237891,0.20016938236787796,0.04376964742869401,1.362882008360483,0.2598136758030454
1020,0.2990085949610746,2.22529434819828,6.3563536437806984,121.76106565864879,True,6.058687992813962,0.16226963617231316,0.026782966273354327,1.3003137365246138,0.2840205155897535
1021,0.4232640879340517,1.4365575823485477,9.947303620088732,114.72723396904277,True,5.096765750517628,0.341642987286099,0.06703133006483605,1.3369670883933296,0.2867486789118785
1022,0.3005637740911758,2.1781163993921937,3.4244952440035092,116.92558341732398,True,6.058438646405657,0.16787303000036724,0.02770895932072577,1.3212100148523311,0.2707817797720371
1023,0.3033889467081221,1.386110158530104,11.653903641245385,88.73045567197283,True,4.707143346894986,0.33039107587688055,0.0701892956148912,1.3400656492667378,0.28445792492453137
1024,0.28946975840255895,2.22203365285465,7.206566230207292,139.4192663259704,True,6.059056317467759,0.15395810639048485,0.025409584978874737,1.289054943699795,0.29846804153651796
1025,0.35392492158805783,1.2380059307580948,7.712201385771111,128.33123732418144,True,6.058471020212538,0.30291840327420844,0.049999150324165735,1.3226928962210853,0.2755788694795318
1026,0.37444286970913954,2.0484283874410307,7.47643999486584,84.16724568291397,True,4.107049599482656,0.24435047695521686,0.059495380086472885,1.3738278594364668,0.26280675889299054
1027,0.28162219724514637,2.3758610645557363,9.298391888308904,130.6027516698563,True,6.058938080378958,0.1490954279528609,0.02460751801304688,1.2650932905397765,0.31857804839517545
1028,0.4331894811260443,2.1546247632891857,11.11116071312183,87.15794559790652,True,3.756200989760929,0.258164721234419,0.06873027346996424,1.3683347270623751,0.2619738258955575
1029,0.43558489196191574,1.863351112408909,10.288410077476918,65.63824025079062,True,2.8091849634781347,2.0320966492240977,0.7233758814898749,0.4753435564550079,0.46837745489948723
1030,0.4054641611873953,1.2446513411185212,4.865564804898347,102.94766388225993,True,4.824418526298873,2.8792923699347672,0.5968164565821077,1.1087330659796732,1.1337492468982706
1031,0.3582002970529311,1.1513855757964873,11.477406147083919,125.03843269779667,True,6.056439689730881,0.3327295356605304,0.0549381406744125,1.3058480451624312,0.2836144961406202
1032,0.338752133263782,1.9923185366706138,7.37634430311546,122.42179326937415,True,6.058058857726977,0.18783632189146207,0.031006024586882185,1.3107301817815915,0.26193207524617
1033,0.4381486685187779,2.3841172555621934,3.502453498433876,128.6590834186842,True,5.695978986104423,0.19533114986088687,0.034292814341029924,1.3457162288395024,0.25248652323140597
1034,0.4084772411065897,1.6001080218998696,2.5764536299442886,128.44419311200437,True,5.987661835425337,0.2572545440941256,0.04296410705295808,1.35248223912614,0.2504605181294277
1035,0.3790768087758697,1.9033532700723153,7.104832582155014,67.08276509260237,True,3.251333448537472,0.44981582880118576,0.13834810729841437,1.408585992980317,0.3320806386857571
1036,0.35067967463618416,1.0628085933253006,11.404843795105046,134.79393163510497,True,6.058769492672032,0.3242414566923212,0.05351605752364158,1.3098870554596198,0.28058179237902037
1037,0.32603301754117786,1.6829382413551657,10.133750066229858,97.36079763204509,True,5.047853692877203,0.2399466011701977,0.04753438109919379,1.3332284193079023,0.2618419687432878
1038,0.289737767723592,2.441894511645228,4.527095643257818,84.69471539087422,True,4.740848930660185,0.16479025033122843,0.03475965016845214,1.3484688298436418,0.2835327651159161
1039,0.3973078458481992,1.7011966844522912,2.02774537626342,104.66566822061424,True,5.004970292809844,0.28290256599415314,0.056524324709893256,1.3888948608340725,0.2568271833690492
1040,0.2848854784986036,1.994289827418402,8.665699967509688,61.95216380747169,True,3.423912220384276,0.22889496900415554,0.06685188003402318,1.3881010297966907,0.2637800677018798
1041,0.3910407057777597,1.473813340203889,11.52990296924753,66.4968130458974,True,3.0430937373998774,2.103989575785949,0.6913982142343302,0.44750864247142363,0.4448791421215339
1042,0.3918993986483876,1.5749053396365538,11.220189928180906,107.11819223717693,True,4.978595729185701,0.2836923801329497,0.056982409411127345,1.3335237408931024,0.2682305885286018
1043,0.34086036806694686,1.2157787049322644,3.3010547336019638,123.4599998689604,True,6.058505821301326,0.3159826656579061,0.05215521367445599,1.3484867447235724,0.2720342594813152
1044,0.4167980003698719,1.4065106100996683,8.371730064001245,82.26955323984484,True,3.721401220177844,3.1368943827359557,0.8429336685674663,0.47667048277376045,0.48663804944007794
1045,0.44662331123004884,1.7926544604087065,11.446502881448389,107.62320579850916,True,4.53858899090253,0.28200197916057707,0.062134284405537026,1.3446213699610174,0.2671400947236018
1046,0.4057219021705965,2.230894874164607,8.274479326561963,69.07397379603559,True,3.177536330680412,0.28082998264005676,0.08837978654359621,1.4019739602554733,0.26915323742403174
1047,0.4013740830648471,1.3206300663439414,5.439596141203963,131.95743447485415,True,6.0575315474177005,0.3124576737452339,0.0515816832812754,1.3336735030367741,0.27681031019218594
1048,0.28224804952057675,2.356123086236835,4.858601021056643,92.14163866471276,True,5.198058479947853,0.1624773407307408,0.03125731296743141,1.3306134431934993,0.2855249492804721
1049,0.40366501422669765,2.1633365424980124,6.724124975188551,93.06039369868924,True,4.344851198524516,0.232252900296101,0.053454742103704864,1.3699452843248503,0.2600291598717317
1050,0.33608257069912556,1.7223953263834577,2.5194709273615765,118.46235076273229,True,6.057734295516959,0.2127289331104979,0.03511691380520411,1.346307999438614,0.24451514822433884
1051,0.3347615745894477,1.3676866891296378,4.88904969556696,127.35222692007301,True,6.0587898329307865,0.25334570331121314,0.04181457193550871,1.3366881266430637,0.25862189802303615
1052,0.34082185145737937,1.5098481359910667,6.86650364595493,130.71394882401552,True,6.058836392509239,0.22820672738165687,0.037665108050086514,1.3239639707937632,0.2570288201615303
1053,0.4017668049150122,1.7806648863001737,6.622162248567259,132.16165141146655,True,6.0572421212627265,0.22405546568722406,0.036989682961610953,1.3219940984753529,0.2560936710200785
1054,0.33595728621882226,1.8136966233830891,7.920120527038594,64.59419628596363,True,3.331361697586819,0.3980920931115667,0.11949831007540782,1.4003294069554384,0.3130931367290217
1055,0.297409552986736,1.0704894290159035,7.068327685538973,112.54312340311765,True,6.05718347087212,0.372117514541865,0.0614340834038311,1.3257592564645484,0.2974335689371408
1056,0.43893143503668486,1.7328454373061715,4.706983976699746,103.31705940561369,True,4.574044064564412,0.33626165020062015,0.07351517507355769,1.38128935351393,0.28691704611318647
1057,0.3322276839509416,1.3545581645099314,6.570118995678209,121.63852592463813,True,6.058265747185106,0.265763633302196,0.0438679391747844,1.326433873794819,0.26454770488825696
1058,0.36196275293411573,2.1139202522303564,8.62966418618021,61.197265878609585,True,3.0109771448787854,0.30052872461810476,0.09981102816713786,1.405480190480033,0.2765165889901806
1059,0.3650523339339762,1.3968488838801032,7.732315000307907,80.52551119174967,True,3.9833053502340485,3.1813945896435643,0.7986820767975104,0.8085469088320001,0.8161293912848491
1060,0.2930234439089862,1.714128907908747,11.442618577284582,112.5721043087552,True,6.049230951584513,0.1991149098902577,0.032915739452484,1.2955498810850345,0.26130600325138476
1061,0.4053989695021476,1.6853024932309484,5.785727551318173,129.64906459289858,True,6.019693059359682,0.24031391015215736,0.039921289637601505,1.328846706150569,0.25755994317970554
1062,0.37611835941381216,1.0646498500427226,8.963298708940536,84.50825752252885,True,4.078767730690564,3.4176288905499765,0.837907210266996,0.45889341443200626,0.46017549999629903
1063,0.3983891258457645,1.824601932698548,11.665769092353276,67.0068207177903,True,3.024090794765885,1.5738697134064856,0.5204439351260713,1.1099679970337966,1.1093754105234241
1064,0.31408240912272445,2.4861511238981224,2.7702190629247316,110.19744455884637,True,5.944710110971034,0.16047159631009258,0.026994015404374443,1.318283367750014,0.2810997130557187
1065,0.4324934705041793,1.5408342391175576,4.803584324618062,85.15323733710846,True,3.81775591171232,3.289756247011132,0.8616989464723604,0.7818320574440638,0.8186608169192962
1066,0.3963067012792817,1.3243661332083214,4.667885419284786,125.60830237598336,True,5.950254931121776,0.33101155707301877,0.055629810975277756,1.3413249763757626,0.28268798054277466
1067,0.41397758824822095,1.842432297748043,6.915008720243923,78.23846693925765,True,3.585822158957223,0.4263070139994306,0.11888682569896414,1.3987434724665073,0.32007118840815796
1068,0.4393064115468853,1.3886031412247624,6.043941987092731,82.3531070101076,True,3.628421198751093,3.2824248611535363,0.9046427306409055,0.44154816599227464,0.470463813913232
1069,0.386725596385814,2.4873574474866724,4.353554483594028,78.54349954306697,True,3.8102888460193323,0.20986272599346273,0.055077904713893164,1.4010806829283493,0.2597911534935595
1070,0.4093693754081795,1.7399834766757598,6.816922416526209,80.45916092644674,True,3.719343332046237,0.5253150881218683,0.1412386653298986,1.3952319212087758,0.3615391675886679
1071,0.37699378841246745,2.472882794517162,10.48545103227498,139.49526248110925,True,6.058659248661095,0.16460006593263526,0.02716773780750424,1.2870461043271688,0.27703822652031906
1072,0.3314254863127172,2.3412964384650286,8.614578275527808,126.18206252444847,True,6.058474409696382,0.1622958629146975,0.02678823940478291,1.2915394543788574,0.2809412307650794
1073,0.382843631655818,1.9048075804395317,2.5959521039883633,73.20186667662033,True,3.5964471089857915,0.3753031355652923,0.1043538592928533,1.4339248625912604,0.3001293208328395
1074,0.31472718896046104,1.4278080342222514,2.1373347969760683,98.70403722201044,True,5.35749861992369,0.2950265020636978,0.05506795670773314,1.3766268241164488,0.26097136289606837
1075,0.2817448982137862,1.582214604486202,3.225013446287267,137.95923659709882,True,6.059193083844341,0.19045680623499284,0.031432701285392085,1.3397602023518087,0.24847965115249027
1076,0.4366539616856522,1.3531557812158361,4.442232429075065,59.74950839957849,True,2.6652359569842483,2.478428711509458,0.9299096783587727,0.3852397518496238,0.4203438308574854
1077,0.3732501014795351,2.2122794154324197,8.722398224070172,65.48908822244276,True,3.1662363172367662,0.2600660655129346,0.0821372883941585,1.3988516497540897,0.26494414572014335
1078,0.3606430198609608,1.3001351960947882,6.92998469447568,119.67711451870389,True,5.960136793699361,0.3181862380834425,0.05338572739132543,1.3273928647527695,0.2807002095168656
1079,0.3357655456421611,2.2811591050359747,11.915731829039263,134.4471370387173,True,6.058798444544556,0.16330329840911545,0.026953083173802635,1.2816629203753829,0.279700579196708
1080,0.30211493968958153,2.481586876251227,4.591907298817484,50.08734880972989,True,2.7642978091498382,0.2097696283877211,0.07588532165144532,1.4334113319671733,0.26852690173967453
1081,0.4227828681057402,2.030086776688365,11.784705994710883,73.99663489370354,True,3.2090868308285416,0.3612754492350094,0.11257889495677284,1.3842324492524458,0.294756276829903
1082,0.4472085951542757,1.1035597282290288,11.879491157704102,99.27771258883898,True,4.160943885348362,3.0972580102748117,0.7443642826285083,0.4742226215458927,0.4784856309019796
1083,0.2894292522993515,1.4488944578380543,8.53579874489686,123.07683599876461,True,6.058873491432049,0.2192641319633521,0.036188927244217434,1.3152611372684806,0.25873386271341126
1084,0.41599845035879596,1.09448128921097,4.12744364880282,66.74847814649314,True,3.090518628512137,2.9113362973194707,0.9420219216478467,0.38193777925017525,0.42786183844591585
1085,0.4047691687329589,2.2104065423094403,8.25715726572475,58.04445669796346,True,2.6650618637514674,0.5750297100782381,0.2157659894876883,1.4193706121356704,0.39932824588715654
1086,0.4309829318325127,1.4897877734588674,5.996169832966999,63.550527108512945,True,2.8390815700989953,2.5322685097672104,0.8919322841713608,0.4197938854238652,0.43786524113141834
1087,0.4173158351851064,1.015125760521837,4.184085484080066,50.4469243449322,True,2.331176222233369,2.1696257104594596,0.9307000001831105,0.36535860330110204,0.3891018704279041
1088,0.37250924398563945,1.9074610356221815,4.835537592904301,111.25888006338016,True,5.488585238859275,0.21805017696793413,0.03972793852669632,1.3471377081237996,0.2557815974240465
1089,0.43283406293834026,2.278514585007765,10.497569208453992,51.31662393357297,True,2.176305893542406,1.4234924412117524,0.6540865626636301,0.4682841494776149,0.4616941004974393
1090,0.3664243637862359,1.7285936133849162,3.9767026636249727,71.91595361054988,True,3.6116750342055015,0.5747188559538258,0.15912806398991342,1.4204777727358273,0.39040095276527786
1091,0.4254567002199894,1.6516614018622908,10.937623332743085,68.87350531476547,True,2.9889604440843347,2.1245019966217282,0.710782908093174,0.46002093372498853,0.4582892253927149
1092,0.4482875370328565,2.156926025457264,11.14357997091832,61.019652760598206,True,2.5165241780717342,1.4701562374595283,0.5842011176646128,0.8062100476468972,0.9388804118488836
1093,0.32041647643565563,1.1971257751892408,6.072047312957071,50.66736363804912,True,2.7011742134214605,2.3951092252682824,0.8866918739885723,0.40382782234221937,0.4148272870152878
1094,0.32575349443149376,2.4743535687827274,8.24551857449612,59.7188205789553,True,3.1153748558562278,0.19897616322908188,0.06386909198263892,1.396306015180648,0.2634022305194663
1095,0.33979563022210113,1.270509921425585,4.018874617371127,75.94377787493757,True,3.9713861849474617,3.746376180180121,0.9433421998545032,0.4358405395201954,0.46562739381302354
1096,0.3788684283394125,2.1963135420958553,11.033483756909261,92.83305903700571,True,4.402985830346729,0.21037587685049505,0.04778027569394386,1.344248928143502,0.2583871079077906
1097,0.3022087880619569,2.289563500955908,11.623994919256612,113.46078668953606,True,6.015269968939727,0.16118435145189508,0.026795863242079228,1.2763777610833094,0.2852778995736469
1098,0.4082208909130044,1.9355099536003693,4.1632033048301835,64.8302406097414,True,3.0409141591920132,2.150444455422096,0.7071703911541785,1.0816243240468553,1.1078793767272983
1099,0.42890467092163814,2.429682613099266,2.9592149433792407,122.1449763832362,True,5.508616334295356,0.19308782205823713,0.035051964112315745,1.3548070708804891,0.2513073835683026
1100,0.4330171693323348,1.3901900492769586,8.404902886059705,72.8027090054327,True,3.1931597805434686,2.635194090687287,0.8252622079057951,0.442015386253785,0.4515072328770344
1101,0.4428201912918627,2.1988033417159625,5.615403889503154,135.8430977312542,True,5.920987861138391,0.204147504961003,0.03447862244422046,1.327488351592034,0.2550600405648491
1102,0.3220856230179042,1.8286274280338974,11.588143597562457,137.79264730951303,True,6.059021724584904,0.18517209016816716,0.03056138409552461,1.2971413658165711,0.26366416954939487
1103,0.3102818884102603,2.4083870104319254,11.593714899921757,62.5651145036513,True,3.2484234360704436,0.19189223206656067,0.059072419542290054,1.3730010497352887,0.26510923018190136
1104,0.36597454907901905,1.7522395204604362,10.449988823976263,116.8470202715717,True,5.687472171897816,0.22575056143345645,0.03969260061594767,1.313408429306759,0.2587430998386675
1105,0.44733907878133133,1.6733647664155036,6.561932030311419,95.21472035877272,True,4.124457567406033,0.4513358362111095,0.10942913797388516,1.3837884115066799,0.329873518858427
1106,0.4338846623922768,2.20946555053706,2.5340662689116513,51.478785286795905,True,2.3282204172108374,2.235057063470735,0.9599851659012122,0.41834269460357465,0.452251848997963
1107,0.3654898668487342,2.3739776259189904,6.448459365189819,125.82941203894181,True,6.0576975070201,0.17362370059616616,0.02866166565678765,1.3076182086136616,0.2701856338366113
1108,0.32905933421929995,1.8419709971824603,3.387120831907091,86.78446877484436,True,4.611344629819331,0.23781528209495914,0.05157178679665861,1.3862501748754097,0.2582423908767022
1109,0.3611045573091686,1.0583227824238624,2.073518062556035,126.98141965548145,True,6.0585406163779245,0.49878088852960467,0.08232690347593954,1.3589561055922172,0.33960596352418504
1110,0.42602652605086944,2.052013984102533,10.82561043111706,75.11396055585928,True,3.2712170571375294,0.343887334440958,0.10512519604610883,1.3872783273828584,0.288368813432867
1111,0.2975006809956097,1.570406456093786,6.508093255492062,133.49797883615196,True,6.059117446604983,0.1998733285732819,0.032987201574261285,1.3234140375467724,0.2571309383189426
1112,0.32525784884045505,2.431734805929987,7.120788788760394,87.2161851167072,True,4.595009191495441,0.1752754590913487,0.03814474613364277,1.3460333247253478,0.2715699415454109
1113,0.33536446059097974,1.9212546608211298,8.647360100710847,67.71495769647285,True,3.480175036434094,0.2784766641503027,0.08001800519655454,1.389778371867509,0.26998922303741457
1114,0.4188773368849448,2.3720619524929782,7.994775292982454,91.00289738445386,True,4.11313436469843,0.22142221116171623,0.05383296326570421,1.368501252431098,0.2591226328934586
1115,0.30979922250554504,1.1766889343318785,9.74336414570762,53.82637907500856,True,2.833084186644794,2.1331011681767147,0.7529254436674312,0.41800724230193786,0.4144342173560984
1116,0.33634013205901453,1.6636365191338935,4.649172342492275,76.65536626327172,True,4.019782347316384,0.34564635246574577,0.08598633522944348,1.3995209676116263,0.2908571897271335
1117,0.344175688897908,1.9080733936221987,7.350471913014663,131.93246225483563,True,6.058822249882006,0.19021602797551732,0.03139488503383999,1.3140280701135523,0.260131896603204
1118,0.31912992850678934,1.66071962578605,11.327521730127119,130.88054435151744,True,6.058872173938276,0.2013840479194813,0.03323787697415332,1.3011666579553687,0.2593542624583285
1119,0.3877344128189361,2.139821623461339,4.025857515258661,66.60634385699427,True,3.2333256392368037,0.31556272097806315,0.09759695007167567,1.4313924250374805,0.28214431049946054
1120,0.4043159683318662,1.943023060551108,7.571047933658272,87.42913299227203,True,4.06066112388328,0.2812636581503894,0.06926548401099084,1.3770846218929078,0.26974885687761185
1121,0.34444152171753606,2.0355398493210175,2.561120845982424,63.49495553454081,True,3.3160397858926167,0.3031453919662847,0.09141789952459317,1.443085414864003,0.27689366251316105
1122,0.4478504871302098,2.307599785049545,10.922375389521479,94.6017305966981,True,3.9835710846718646,0.23570300873209474,0.05916877186879925,1.3604434596773727,0.2582430163513574
1123,0.3194403291831007,1.3366695918656049,9.453643059335874,134.89890808053997,True,6.059057955537536,0.2384257133570938,0.039350294238263576,1.3150962947597007,0.25965929420427747
1124,0.4145142919353362,1.2261295676926343,11.145719024684258,98.34032483137466,True,4.39499998852724,3.402865536992908,0.7742583722129212,0.5183181416647624,0.5134323472953848
1125,0.2828033976157818,1.2546587336795625,8.69690963080878,122.47428219858081,True,6.058906780198491,0.25142319146676484,0.04149646142245617,1.3176528117766275,0.2629224221965858
1126,0.41335389515323784,1.736951894437232,3.567941721524351,119.51655278348976,True,5.5311194607600696,0.2534108027264437,0.04581546367317489,1.3585519080897273,0.25667420453634904
1127,0.36153571389527,2.0422589494898933,8.462055063547156,51.821792141856854,True,2.544706545119993,1.8765522338080722,0.7374336492381621,0.8068520339493488,0.791709264139095
1128,0.44474041869826664,2.124908488801103,2.664428684958733,115.86648561488947,True,5.094961681162758,0.2285878698218617,0.0448654738007164,1.3769754134548005,0.24922257135621395
1129,0.3468583467277093,1.728026093313436,4.376184064588024,124.10396303706008,True,6.058363371668574,0.2117831681263853,0.034957158416210464,1.3342300840354393,0.25295352622317635
1130,0.4269577941468644,1.0964396501425868,10.371133103559307,102.8367247125386,True,4.524093369831794,3.643963887162515,0.8054572682919666,0.4953615918130949,0.482777142337397
1131,0.3329776656878891,1.670831584991125,2.641379041491254,132.22933747091133,True,6.059079762881651,0.20501202123178883,0.033835504607103356,1.346015219585865,0.24300106307291447
1132,0.3443250788362379,1.3093369308308476,9.506146953336808,73.52072957021562,True,3.7101671152761266,2.992543042239922,0.8065790432777323,0.4703176511331306,0.4797772231067663
1133,0.2935444122825291,1.647638889679361,2.192484205745275,109.7559475232998,True,6.05640649156537,0.20972397513027394,0.034628450950634194,1.3474785706660044,0.24309161451746153
1134,0.4433133715409491,1.0683507347234842,2.8192928435598708,71.89852524520026,True,3.1878675448086105,3.069780773041992,0.9629574409517356,0.3766730025869407,0.4252318448056225
1135,0.3995908632663385,2.265977776085518,11.655051707516641,95.02279378212621,True,4.335683838496962,0.21117362197334544,0.04870595500952218,1.3438188230572563,0.25747270412096235
1136,0.422514780883416,2.229043842192531,5.055099936775275,95.43864871465152,True,4.34494004240958,0.23296530576344768,0.053617611172892446,1.381304165558499,0.2589994210348321
1137,0.3025483147863623,2.2342871814281455,11.524647552473215,133.6242525523467,True,6.058956267251533,0.15766279829401242,0.026021445169719222,1.2770804739109676,0.291260617529423
1138,0.3270048613779515,1.9294931886163296,10.813748117005051,73.05142530955678,True,3.7465320513558096,0.24383934135350105,0.06508401316499068,1.3688868322909982,0.2620378045986431
1139,0.4334445712357752,1.7704569195708868,9.554877582792663,97.30833185211604,True,4.250442018127672,0.3157211053088535,0.07427959350164932,1.3622934934307458,0.27807654426516226
1140,0.35004083762280525,1.3200680309736057,3.1436288071388736,57.88339130526887,True,2.994306681987284,2.8663472613593064,0.9572657599177341,0.3858199245640095,0.4335682293916383
1141,0.32359136627157026,2.0607545622433716,8.286224868112496,137.29832777021812,True,6.0590456695597545,0.17256491509330774,0.028480543719989187,1.302733679168309,0.2718328443400657
1142,0.3027329302219875,1.7623180920560981,5.2034827855130406,92.89056448987711,True,5.093498712961259,0.22104210067232305,0.04339690910490356,1.356069421920263,0.2595086019978745
1143,0.38844616627385953,1.3019768539678707,7.495756656564263,108.49142107595273,True,5.173075543586183,0.4285165634071791,0.08283593769251517,1.3475709502785587,0.3200836954575599
1144,0.44882518319841214,2.434690698116974,6.82755385466405,59.35661012018994,True,2.550927661453558,0.4512029971902122,0.1768780056009545,1.4322053757733535,0.3324409844143581
1145,0.3054423781952698,1.9399070488832082,4.795750707258765,84.69584319871652,True,4.638036037149177,0.21153677055517062,0.04560912611735423,1.3708341663901282,0.2603215762934328
1146,0.42223287866360454,1.70967320356462,5.127471208608394,90.59392683944685,True,4.127825455127647,0.38006747952810377,0.09207450355149542,1.3931765875468138,0.3010903974843506
1147,0.3842402805375131,1.7043373364453114,11.66382273991493,135.0726467998677,True,6.058176084864509,0.2210145493728827,0.03648202796961549,1.3006092477050646,0.25745068114793623
1148,0.2971929653917096,2.479597958684078,6.22394330103369,119.12098807668174,True,6.058434165745302,0.15152770858168213,0.025011034936787392,1.2830480298774858,0.3073582121055418
1149,0.43653305811933735,2.0618636384103075,4.793342680590092,125.44711807332803,True,5.556212535236183,0.2199392018228453,0.03958437522467742,1.3458584970714438,0.25435651724693775
1150,0.2802020377531151,1.854307739005714,6.14006704962039,97.625673555849,True,5.4992528228072555,0.19345860405639997,0.035179070737403076,1.332969269808756,0.26307527102891015
1151,0.3056955065993322,1.4077586281227275,3.2057142070227562,136.39019907491507,True,6.059182002755147,0.21921592997748554,0.0361791294398826,1.3460299408787253,0.24561022479619155
1152,0.40154095764480857,1.3037700580074267,3.160679306615897,96.78633596894579,True,4.591628958597914,2.997921122298208,0.6529101435089921,1.0884501466900307,1.1148611966961153
1153,0.43906261048910766,2.34439973623194,8.128384358969274,115.37209516051578,True,5.029888392367695,0.20736826196722405,0.0412272093913421,1.3387541369066884,0.25748925755516394
1154,0.40638343766715623,1.671588011438293,11.837767016549412,60.6869516110865,True,2.680454810808236,1.7377684854117486,0.6483110546779783,0.4445265978540429,0.43547104771597356
1155,0.4262666946407643,2.29154604199692,9.201807044018349,126.50451797041774,True,5.606322131025285,0.19761283449643566,0.03524821262104256,1.3159008255381743,0.258579340806528
1156,0.4236407119508872,1.5507828617756079,9.49575269090678,86.66010856490834,True,3.846898161255634,2.104012651303135,0.5469374449508124,1.1283150027295377,1.1341249641207138
1157,0.42167841283062346,2.0738012340206455,5.968635331366251,137.23487604657845,True,6.057608743037901,0.20355127546534524,0.033602578855772045,1.322342586057069,0.25531026406259016
1158,0.33955729309376376,1.752796544445469,10.571757438507975,116.50761354327477,True,5.898678372082759,0.21279409662897902,0.03607487698195075,1.3055965572875996,0.2586934670722756
1159,0.3458460690788582,1.4404826860255446,7.889120751253595,80.59005824620041,True,4.104060426846592,1.4068967353978576,0.3428060479311375,1.283714249296422,1.2313447176298484
1160,0.39651794333683993,1.2647493054199515,7.402631161240842,105.57324685447628,True,4.971305768118539,0.9676877608958643,0.19465464528489454,1.354245231375879,1.2113378495751732
1161,0.4147018001159991,1.474003897431556,9.94040801894305,111.46032158863297,True,5.025087028281214,0.32880174172351484,0.06543204921089268,1.3387713954318285,0.28226450412287907
1162,0.36896864979328736,2.1801522215632985,11.370777932266703,56.26388093263731,True,2.654166946462174,0.35389834957359506,0.1333368837424932,1.401938751342164,0.29633469713660077
1163,0.4088492694778919,1.7559066633637388,9.52291633873053,79.25584570746739,True,3.603052778018756,0.5421130011893188,0.1504593561594775,1.3839313349306557,0.3691548610605766
1164,0.3973950227750769,1.546669475612735,8.822128513560173,80.18799461612937,True,3.7369955511046498,2.1494391739757392,0.575178413937466,1.1163181847206913,1.1234984431328816
1165,0.4092266790086498,1.0930626750640533,10.807726153537622,102.55626127513887,True,4.639814247132664,3.687669628653528,0.7947882031985338,0.5046975852412969,0.48895772023044115
1166,0.409575763393349,2.4156936124973982,8.160945506238331,87.96468449912331,True,4.034981773597127,0.2157118201074229,0.05346041995008047,1.3691914429280017,0.25922280044965706
1167,0.42340563373795986,2.290544724694274,7.434212411820556,119.33120838302067,True,5.360743053964789,0.20138847082005867,0.03756726796877764,1.3321174100065556,0.2578423604341413
1168,0.4063070321576951,1.9275390655248446,8.15169941183059,123.79359726596496,True,5.7041048709521895,0.2195203230622771,0.03848462257069836,1.3224615331983394,0.2571385163691886
1169,0.34501553397731316,2.111400711031559,2.839612241628693,131.50064140646708,True,6.0589282136293034,0.1783966598736259,0.02944360018531498,1.334608880979832,0.254231622244371
1170,0.3525097502151828,1.3119650791362034,8.336199641092282,80.61182817139772,True,4.052817146808565,3.447846215633011,0.8507282936137534,0.49748838283571883,0.5001227897929583
1171,0.30924026269890814,2.077489097003709,8.663572455041548,120.53961130456356,True,6.058367213756591,0.17346680351190888,0.02863259974040892,1.298421637472829,0.2720379273837894
1172,0.3924671911099423,1.2387035547680967,6.537641880930162,89.49899467205213,True,4.262418945777529,3.8297955148725813,0.89850283690825,0.4712261849552153,0.4789389624931206
1173,0.42350320366199223,2.4326091048489684,7.918000243844662,135.87491365493804,True,6.050039542256714,0.1843175074906032,0.030465504597652803,1.3054354855569326,0.26267155285823973
1174,0.2909309819782,1.794641129921394,7.912375448100225,57.615092338368996,True,3.170589550663214,0.5847314883306766,0.18442358400139314,1.4049773515254191,0.9581744399798264
1175,0.3093269119913491,1.4181667253780212,10.443288424968763,75.90318840470874,True,4.013946221227388,1.314237558047124,0.3274178291420295,1.2904789320216739,1.2489718024747138
1176,0.3444186194291031,2.3535272959466367,5.634567762933656,80.08574475815693,True,4.129960314532182,0.1969418260234347,0.047686130380103456,1.37769337727538,0.26289827871703997
1177,0.4314557746321086,1.115990194940519,4.691032111253042,63.26393325572349,True,2.8445681012918147,2.6383789734317613,0.9275147858944154,0.3830277714887287,0.42040614783825436
1178,0.32244798895718596,1.2843241139355634,9.322165354064852,125.68127933242525,True,6.0586347478423095,0.26686268511218825,0.04404666995435355,1.3147964072302876,0.2659707128362969
1179,0.3432956948735129,1.800557223094612,10.302466944301202,104.12831210736755,True,5.2554196894598295,0.2231072152893124,0.0424527874979751,1.3252094667363146,0.2595357208083495
1180,0.3879970223107013,1.8748426999788173,3.2736633364277123,90.65243995180971,True,4.3984571785404265,0.2752758938353531,0.06258464790299494,1.3968533854033378,0.26525215807976465
1181,0.4182890363915438,2.280747544724826,3.955978615836112,54.803332183959135,True,2.5301992479200712,1.4279533811378284,0.5643640050528295,1.230033874848118,1.2440992137702267
1182,0.39044855996774974,1.9686924777147172,10.158417699287924,138.15877407404406,True,6.058442837349655,0.198689628651917,0.03279549448366775,1.3029480504526165,0.2582877233381935
1183,0.3268058227539632,1.4273224930738846,9.595453493421799,121.20143250398289,True,6.058046563882552,0.2465533966930343,0.04069849812032812,1.3106806253653613,0.2617971629636231
1184,0.3976670470243357,2.39646284879345,2.894343975196421,114.50127470162857,True,5.4482181951413695,0.18812331290950735,0.03452932796951352,1.3551845104870042,0.25334397515454476
1185,0.3462821982088953,1.0658307715107773,3.881104307423282,75.27713337730233,True,3.900399156822003,3.698381855508093,0.9482059929788029,0.40609769616143687,0.4383017171173642
1186,0.4290839150793171,2.0754726760395177,8.532784110063774,72.2922292140042,True,3.1891926584943464,0.37634897814053636,0.11800760206133641,1.4020422485874633,0.30062817191706603
1187,0.42502114475516173,1.4604168967037254,8.41401663586856,107.39615897250917,True,4.795559567073344,0.39436422012067734,0.08223528758320726,1.352814039684516,0.30684794182110764
1188,0.35816905078920946,2.1208880969115658,10.70537937675508,97.81047987557609,True,4.809943514361071,0.20278438455834272,0.04215941080241139,1.3322463033139256,0.25968814893414205
1189,0.403214714748098,1.425257920069975,5.424673921650502,100.53805489482329,True,4.721237725104832,0.47013682679431595,0.09957914728470423,1.3730498464662904,0.3365760660517867
1190,0.3179523587434245,1.0783721827466746,9.650390178328983,99.02717042091831,True,5.211647853014869,2.6314283881039646,0.5049129300978612,1.1507371996280646,1.1521567007985283
1191,0.309202735397305,1.003545633555912,9.331705916165912,107.97936597090592,True,5.7602907914180586,1.4875979500000474,0.2582504953076914,1.3128284607557519,1.2289021740736783
1192,0.38580678063785945,1.129967940313704,11.431779565713317,66.4071199752107,True,3.069536798414691,2.1460124952668953,0.6991323565090459,0.42340404717198465,0.4221412437383125
1193,0.3219896259216382,1.3559150641373678,8.45496970941435,83.38662506798154,True,4.389018604465747,0.8748361423535777,0.19932386284793774,1.3651349444528957,1.2036440989062038
1194,0.3063133981582892,1.0471885600868611,11.983621672831063,69.72550288841485,True,3.647769303321237,2.6099879353966675,0.7155024669516009,0.44067472319834256,0.4498005941107386
1195,0.4077287676958782,2.3200017635544086,6.200418489830425,68.96366105429365,True,3.2047609120591973,0.2709397213233666,0.0845428812813609,1.4133721735309375,0.26816159401426676
1196,0.33006780949321607,1.5138489870291756,9.858405507405797,123.94626816893066,True,6.058324433712141,0.22998070025783748,0.03796110670106859,1.3089500453472152,0.2591725401238141
1197,0.38487836929835967,2.363736586431716,5.117544590867527,92.88424283273362,True,4.50077611553089,0.20188286321869917,0.0448551223248051,1.3711893624620828,0.25928196562007777
1198,0.4155516904650968,1.2580334633369468,8.513420842574558,105.11683454951142,True,4.76894976403805,1.4953011461403811,0.3135493599484372,1.2886222666613434,1.2208919947789272
1199,0.4208290598270414,1.8703905900515188,8.435786753796648,130.830889920569,True,5.869540426418812,0.22529530516297946,0.03838380670297881,1.3174912479730052,0.25712439428654754
1200,0.43925286757935933,1.8090934548374222,2.809769675499489,85.30418163562328,True,3.8038925785580795,0.4494578367641416,0.11815734211256698,1.4252743170158717,0.32507526357201133
1201,0.325405744095376,1.4809527385048042,3.7429569961618636,116.57323837976371,True,6.057565145036692,0.24339235738715592,0.040179899276292744,1.3412297014134649,0.25487943101321564
1202,0.4220829190457196,1.4563157379176572,4.862412473778032,133.80435650299438,True,6.046528791917732,0.28651782828376404,0.04738550632004704,1.3362234403752167,0.2673873849135191
1203,0.3008668447482997,2.1032945417513744,3.6978598590920915,135.76928376636323,True,6.05911402364319,0.1651872279838007,0.02726260429152278,1.319629154408395,0.2726282580369701
1204,0.36531990824949023,1.21262454485642,10.012297140740557,120.13014268448096,True,5.865439201162149,0.33584033739046903,0.05725749187271898,1.3163069909733638,0.28468045291578425
1205,0.3107092630716471,1.6642940138930369,4.456675481604792,121.65331854770963,True,6.058702429172458,0.20471608177505304,0.03378876651696107,1.3330195688859536,0.25400353562117894
1206,0.37083004113602724,1.9776983731756403,2.379105376071718,136.2013705680685,True,6.058927611850553,0.19233103244565855,0.031743411502306376,1.3440487068207196,0.2430054460525013
1207,0.4284281206152049,1.1328182702458376,11.417031934043411,99.12652833454906,True,4.3148378879940354,3.3040405821044354,0.7657392161355293,0.4870809770161988,0.48555475951711413
1208,0.4144120053739139,1.0714448903434781,6.393338936106097,138.56780534623297,True,6.0582778580539625,0.4004971398007887,0.06610742346001215,1.330933089992838,0.30794487461510345
1209,0.2826287358542683,1.1672419347118,4.59938514613684,82.39297962434776,True,4.665002187796544,4.163411883044995,0.8924780129656341,0.6449086981688925,0.6449595135179074
1210,0.31435029103219947,2.347431263723334,5.648625341540148,122.8806916197806,True,6.058594905331485,0.16106059086379856,0.026583819083541523,1.3017392538266694,0.28571570946688585
1211,0.2923764385241205,1.8457739037490088,10.16931050208794,61.22048380421118,True,3.306793025529522,0.2880330627965458,0.08710344450736301,1.3873765636274675,0.27597067144913545
1212,0.4263583886257637,1.4449184316604955,7.278991559933597,78.137088291179,True,3.4978479026475693,3.0437756689509943,0.8701852549526577,0.45803499611756493,0.4743882186285613
1213,0.3895815251810159,1.8901560054926692,7.1545662711585605,128.48226922532058,True,6.055551625364824,0.21119987891922729,0.03487706686118844,1.316988299304739,0.25646086953443215
1214,0.40516564102142605,1.3107773233787703,11.194883697799392,122.30245804187496,True,5.5648520563251065,0.33161510738708155,0.05959100152719462,1.318859776187164,0.2830821188126009
1215,0.4205470411993625,1.1193353362649578,8.093642802912179,89.74511639060636,True,4.0437124984907395,3.4828895521366077,0.8613098862583699,0.45862051690555194,0.4621264851305371
1216,0.37055371190109804,1.1881635469241456,10.263533124136039,88.59929611836026,True,4.280876442177703,3.4294379844327136,0.8011065095558193,0.49335020620782855,0.48981293095351797
1217,0.2990873851550563,1.9205234993177145,9.287832901222458,107.04899585409116,True,5.789166744691167,0.18788119702628667,0.032453927363308224,1.3077164562489667,0.26465677825715295
1218,0.4300508503047006,1.6670616466789663,5.3324034304629215,111.17505111811494,True,4.9837538811403395,0.30809200864490816,0.06181926635879804,1.3640143170780288,0.2769977153653058
1219,0.40229613844506507,1.1532396767041806,2.368062497322306,92.55364394811215,True,4.396733089053752,4.219103596738387,0.9595996644059206,0.4309942888277756,0.4367068834576995
1220,0.39686227259229734,1.2860523719990873,3.0869866779472677,121.71468647103501,True,5.790826863208425,0.38086777223379853,0.06577087887976979,1.3577969200431301,0.2972784905253727
1221,0.29947691274516647,1.1223659065759635,10.124454728467587,109.54872327254856,True,5.899466808202301,0.3535072915943178,0.059921905332668425,1.3149419268643427,0.2915382390354764
1222,0.2991765240457243,1.866250213861703,5.813874881851577,93.99737641075635,True,5.167739534277854,0.20474634948002504,0.039620098521207014,1.3471992080287816,0.26055252167436027
1223,0.4463074209649628,1.0912984636384895,10.381540033168069,65.14335913495184,True,2.7296064055486435,1.9582225433238933,0.7174010653489421,0.4119886623589961,0.40448565270827475
1224,0.36838122529903783,2.100620219447885,9.250556061168174,105.04434219589174,True,5.12737434137721,0.2037005619639319,0.039728045662688644,1.3300864323748431,0.2594816783874889
1225,0.28930759954142377,2.0767836305476433,3.8341005676764874,58.87047277052659,True,3.3187423036265256,0.23854380348677756,0.07187777225912087,1.4254421338305634,0.26747435781544926
1226,0.3056096358100576,2.039820877522639,2.9206028267702315,59.57952393706817,True,3.292289290259168,0.26482387905713584,0.08043760912525673,1.437855422183096,0.2698935846784041
1227,0.42308198841068984,1.3590874657656902,9.04939711279492,130.52904761704968,True,5.820760957308071,0.3172989754909995,0.054511596991906164,1.3209175888090883,0.2794798421338234
1228,0.38902207160097,1.5535441197930062,9.023380102266241,98.60832939834268,True,4.66327217743689,0.32595758092094856,0.06989889685146088,1.3529409238855599,0.2817121408161607
1229,0.3603463497049602,1.921999057097456,2.6853979976352,111.67664339325285,True,5.642002624318781,0.2101677696895118,0.03725056219995779,1.356893992889681,0.2477664193539728
1230,0.31609187794919147,1.4131292894323138,3.158621189622525,54.325410059477264,True,2.9570095198198105,2.8277939777606758,0.9563019526338864,0.3934502060107392,0.4408388304214923
1231,0.4304946775187025,1.166243985008357,3.118919439724589,107.30817678873903,True,4.841025113655373,4.209518227986688,0.8695509998724537,0.7807310186851222,0.776081511465363
1232,0.4331090834435105,1.0357849809809072,4.541211417395937,63.516659550137376,True,2.8497360026933776,2.653586368580655,0.9311691911365351,0.3792715001781293,0.41819100049182145
1233,0.40420305718218413,2.2133118177783437,8.001844859276334,127.843081912423,True,5.906873258902215,0.19355970115645807,0.03276855498207031,1.3122221905086162,0.2593904232573645
1234,0.325019077256516,1.814706729928868,9.0768416580721,83.60654626735982,True,4.364124181632489,0.24320959019684363,0.05572930101770526,1.3577207413318293,0.26287514053008376
1235,0.36866704087287216,1.4049599867632412,9.207023921557418,117.45572807748958,True,5.729268274624282,0.29259746681501797,0.0510706520954818,1.3218698992536004,0.27268104781370317
1236,0.3930898220977934,1.1291494961350304,2.5920240951340547,87.26976102582847,True,4.209919591635095,4.044070418510807,0.9606051447030433,0.4185360663857822,0.434847321808046
1237,0.2947342744984948,1.288231650989097,8.728860944244568,130.96661805888922,True,6.059081889731903,0.2384859051566917,0.03936007294452395,1.3183053793081938,0.25995992983975924
1238,0.3136397776596336,1.745514519793643,4.013861064045194,80.3193492198381,True,4.361548928285611,0.2620253642119731,0.06007621799509815,1.3906463606580357,0.2655605511361179
1239,0.32718701278475887,1.985317760603528,4.328195486032543,112.06784119274695,True,5.919261284692886,0.19056484407945426,0.032194024712551866,1.331698157816105,0.25813997060942073
1240,0.44624650637068347,1.4648806961838794,5.657568207883667,118.97403364605952,True,5.173497872377071,0.36680866300523657,0.07090148136790451,1.3577069834393862,0.29731519378463034
1241,0.34015996907377666,1.970493070808936,9.90314775204401,57.14067872504217,True,2.87169366434486,0.5161189691630269,0.17972633208450972,1.4041183110009943,0.37413048061648757
1242,0.2973373517560798,1.0332840751163397,3.296866724089983,103.54681397877017,True,5.7389479622089965,1.8828090946585425,0.32807565202835964,1.2758367944207563,1.2376175860407765
1243,0.3861380514671527,1.7320953958510035,10.772089164658777,56.37146113741946,True,2.6021463588556437,1.7868545477254743,0.6866848752163527,0.44711237216841404,0.4362778942625427
1244,0.44486046633608056,1.2203437900041731,2.1459405924964603,125.51386978825471,True,5.515622316915013,0.5671549346302854,0.10282700700716314,1.3749239215986777,0.37802637068354095
1245,0.3988375935564088,1.5773320492062308,7.318446298661117,126.80777197513356,True,5.930337554896244,0.25752016792877275,0.04342420065383247,1.3238824261873985,0.2624216102350472
1246,0.39123888790364125,2.181000395970908,7.626834471314677,77.84646591283034,True,3.691270611503423,0.2505425828246252,0.06787434712693183,1.3869530068305047,0.26348055444107965
1247,0.34469185126142876,1.9096726753974362,9.19996560994483,99.32652746921161,True,5.032237622372179,0.21712330643441755,0.0431464733440124,1.3351232675852023,0.25961701008234783
1248,0.2843601795663399,1.2997334800972329,8.78702250147045,105.51994051546222,True,5.842899366116306,0.2795384966907534,0.047842428762650206,1.320199253179188,0.27048586981021217
1249,0.39269568687986517,1.076896638148646,11.228234060851396,108.15731464772591,True,5.021456722610183,3.5879651266648214,0.7145267449003874,0.840069789767111,0.8190681555355188
1250,0.36761645731931236,1.9227528042245794,2.7611656923984857,64.39250137356372,True,3.2429123657521215,0.4321499153466939,0.13325981913990645,1.445853317914593,0.32294216312957724
1251,0.3377112720459095,1.744420309468524,9.561129879570037,123.36571490739917,True,6.058052574766738,0.20676331465288653,0.03413032688328028,1.3061898883472836,0.25853217823672736
1252,0.3775203400537648,2.293447870495005,5.498825272273735,113.3810699520522,True,5.533827729692495,0.1875990846153194,0.033900420067059796,1.3342654359119739,0.26100085029053854
1253,0.34415762891603136,1.394705328477261,11.239015167720202,69.33689315299785,True,3.444560180529331,2.5117087165898564,0.7291812553566355,0.4677746365038735,0.4755529304001205
1254,0.31829194369384256,2.1471349675493925,4.641995753117965,54.6153149929775,True,2.9443230709964205,0.2768670524397487,0.09403419589618985,1.43373335725575,0.27512397109165265
1255,0.3527668447687767,1.5588700494293521,11.970604432743817,84.75667175428686,True,4.155512406756925,0.3612067626533243,0.08692231602196561,1.3550265209003531,0.29477759803862336
1256,0.29516102432715186,2.016543100987213,5.052825579227893,64.20550522995197,True,3.5712555738234686,0.23615004835408565,0.06612521660029444,1.4063245163241236,0.26592460867772605
1257,0.4191796797545668,2.360480851122146,11.43996271784288,121.33167611781664,True,5.37885647656711,0.19306250233771957,0.03589285253822868,1.3113970274645017,0.25974183496321546
1258,0.4046910539561939,1.13085640363725,9.121925061185252,74.111082294667,True,3.3992259231874966,2.752187733649193,0.8096513135168234,0.43395641263050155,0.44442766893951413
1259,0.3734238628787475,1.5871074281711888,4.445577425063167,118.90566543788002,True,5.853777287741568,0.2523675373364736,0.043111913031771476,1.3428109534130397,0.2586679313401494
1260,0.40263453684895045,2.351386941875293,6.728418836449069,58.57709222451784,True,2.73259930640013,0.3148630874696073,0.11522475568670235,1.4262966619975237,0.28076312749874033
1261,0.42711410830249763,1.0217508313384343,5.458851738318803,136.0926214327858,True,6.055854092592448,0.670681815901205,0.11074933537807434,1.3357905840599984,0.9211634692539001
1262,0.4287364749914973,2.3927648165310433,7.523872382708585,53.98602401503474,True,2.3885613432377912,0.7212813384981861,0.3019731272718582,1.273935302077645,0.8946907395565193
1263,0.39096252205432475,1.986909785713633,5.745915899662604,60.87763915102936,True,2.91544127604235,1.393665359770063,0.47802895953436403,1.2524541098685584,1.2454847144245464
1264,0.4317633120583638,2.12833777464198,7.02698679673837,93.96250313060641,True,4.174769536981469,0.2571340792532544,0.061592400963808164,1.375239367749916,0.2640634700300919
1265,0.44369566740524435,1.7641291058178075,2.413489743702921,83.87847886294136,True,3.715524617370778,1.094603240533196,0.294602607506816,1.3836666659025192,1.3613478727787882
1266,0.3913566366877342,2.1613652841621165,6.496882124261487,65.19391303210708,True,3.1074279217908725,0.3052423190138178,0.09822989517256465,1.4159125815570741,0.27700040046189844
1267,0.30505151907801215,1.8711226171223259,6.523528385125825,129.76953593334215,True,6.059038677350419,0.1810155953564776,0.029875299531118796,1.3154624223257763,0.2644679991492356
1268,0.37677651617568697,1.3783706997346117,9.74507842994109,70.95995048353271,True,3.3906086508849156,2.659764961168426,0.7844505913338756,0.45601395490416774,0.46544500579818093
1269,0.323478522025985,1.107137866195383,9.798250003836461,98.02772101765822,True,5.113125158416727,2.5771561458754992,0.5040275890045908,1.1529697105969503,1.1537061359928718
1270,0.4315401707177804,1.1390639865193375,8.09791649488216,136.4426789205018,True,6.009791318540856,0.39096768206725074,0.06505511778105726,1.321753197369361,0.30484309252840536
1271,0.31808568860447434,1.0851897976447804,8.571080367321244,89.67126589300707,True,4.745424385035696,4.062423539108309,0.8560717039173201,0.5053785751203148,0.480467990409859
1272,0.3633053243726658,1.8907821472491784,9.822938846751562,99.37585110918833,True,4.875061066984608,0.2299427157597911,0.047167145723985476,1.3383622231227115,0.2599183826487397
1273,0.44053578827820117,1.7782267321964986,3.620025884132929,126.60999734634393,True,5.58573763055562,0.2534588380771914,0.045376072927360095,1.356557578824622,0.25628532369994117
1274,0.36205140266143804,1.6100174033243848,5.5108603792642175,64.09121787052513,True,3.2205871612570887,2.9293051739762808,0.9095562477597681,0.4511060688648225,0.48613394956822775
1275,0.32823212322874007,1.4017790829437753,8.479885998762125,129.8473518537021,True,6.058865011917959,0.23901048163542052,0.03944806183423465,1.3176299919702523,0.25959996788006867
1276,0.39272483514917245,2.1419120951458663,10.874176469297545,93.7270363067179,True,4.350414720120984,0.22289735908364652,0.051235887478205254,1.3481041160576814,0.2584103491285705
1277,0.3621516509409915,1.2558724890857667,4.784141234269658,94.74745325559307,True,4.765611709239075,1.6896876092515747,0.35455838879524804,1.2561039720986833,1.2236140211074287
1278,0.37615596366781423,2.222547964359749,7.339416481541606,93.78831237646259,True,4.566351488908908,0.2085308174776405,0.045666834448494724,1.3564835865871863,0.2595280875252657
1279,0.3249138752595102,1.2514249738094259,3.859731126452157,50.78722333299617,True,2.7222006934624265,2.5683434447235487,0.943480563682032,0.3784438685011531,0.4197019170323535
1280,0.3672420764777031,1.8382698746200954,8.552841748959494,125.17005658391241,True,6.0565142185025085,0.20901977390798615,0.03451156331300861,1.3099182511864886,0.257597327559683
1281,0.3114030334251193,1.2932186038559448,10.647802591167105,72.58037818303436,True,3.8165306650098128,2.93979425502779,0.7702792177146653,0.48246531072448295,0.4908948239258226
1282,0.36390208091836274,1.9502675650074075,2.5535017655182397,112.81211665712371,True,5.668307238273102,0.20804616212172963,0.036703402510890125,1.3567002109017596,0.246730039694957
1283,0.3668513421471694,2.380391685808485,6.855627472004434,76.39249837032781,True,3.783628144691869,0.2112027866456651,0.05582017538958365,1.3841214369231367,0.26120585646097005
1284,0.3971252916747542,1.5444700857979652,5.388863045271886,83.89207529250757,True,3.9853367168715317,1.525672671667725,0.3828215230118297,1.2520142833289918,1.2287703941852697
1285,0.34140217415260954,1.4863277816096603,8.268405152037086,139.50817585677294,True,6.059075500775023,0.2224873771865402,0.03671969051352497,1.31858005087417,0.2568304684793836
1286,0.4454668498491782,1.1396237916905103,11.13552048241012,77.11324992440528,True,3.2345610068062935,2.337076040812683,0.7225326824551813,0.4304860554333012,0.4347364407799237
1287,0.34817898541209413,1.2817923975344567,8.231707832869084,68.1310416313164,True,3.4440699853899024,2.895782979312335,0.8408025944874938,0.44735435492493947,0.45943850567318245
1288,0.4297297155918022,2.0648370011483816,9.344686183610348,65.47983235213651,True,2.858421872829414,1.1866640257809145,0.41514656638360137,1.2764398481844097,1.2675722232895215
1289,0.4199673960701025,1.4915578520540973,3.8227238482617443,101.37642038156662,True,4.651816679847979,0.4326301364147405,0.09300240447757259,1.3871609006436625,0.31925297011283105
1290,0.30465074799738406,2.3575453562200153,7.149371733465813,112.12632016579991,True,6.0392348772984725,0.1594946711918771,0.02640974799496849,1.2923940234964713,0.2871629091859127
1291,0.4228298480106106,1.1801998819018527,2.9431681392254525,54.37641731842691,True,2.5023487641733047,2.3988384843154553,0.9586347509428623,0.3642362054666779,0.40266898945518337
1292,0.4091894472489026,1.8075011405310568,5.16641783412122,90.38184427443828,True,4.209748357807491,0.3254465425168407,0.07730783763197163,1.3890715724537621,0.28375795032076256
1293,0.2800988371317368,1.4139648572329997,3.794128041410885,87.03281774379776,True,4.951748295052278,0.31103153326539185,0.06281246839145085,1.3755087135787831,0.2779971430842716
1294,0.3302186702909388,1.8804967878920253,5.107478948491606,86.74122585219942,True,4.576978744084095,0.2323880225536901,0.050773236134002094,1.3734590630692138,0.2607463758354074
1295,0.4374490791985805,2.108211315664599,10.199983961546573,101.89967489805166,True,4.402602196334276,0.24410349295381134,0.05544527578645612,1.3514744622135,0.2603693735173773
1296,0.31705538525754146,2.049350372176887,4.46488673006146,89.93612861945346,True,4.844377483713438,0.19960731137662496,0.04120391361897273,1.3645224876824216,0.26006408365838407
1297,0.42799393197999724,1.4938206328181585,5.461957916267281,78.18432751182482,True,3.5239593760994996,3.2261528718411023,0.9154909371889455,0.4420876183437956,0.4783482551918441
1298,0.28313459524794293,1.9549938046743922,11.985598225589936,111.9211600625224,True,6.0549901004982765,0.1731424636357924,0.02859500358581002,1.2850955244348894,0.2705529919834708
1299,0.44953734058005457,2.483991621361242,10.556233451922019,90.16057065703572,True,3.7905969525532575,0.22547647012412986,0.0594831033070541,1.367187416550156,0.25738441455419103
1300,0.29196312910437133,1.1813708815862727,8.524148848497036,100.73933703335273,True,5.531785789896876,0.3626242225756568,0.06555283164397746,1.331838785348904,0.29513302656220697
1301,0.2882305394255227,1.1987352107919915,10.984739556125152,68.49815519552212,True,3.710346152879045,2.800404006060333,0.7547554569503867,0.46054265966859065,0.47023663570207797
1302,0.3587887982860014,1.0951951144820642,11.212744057772333,52.553970487294926,True,2.517347479300113,1.6663259087203712,0.6619371868295483,0.40379176308567244,0.39448205446370777
1303,0.38863317102256534,1.3938167606203766,4.822976283756644,126.65980708162627,True,6.051185121527676,0.2920036930607355,0.04825562054314024,1.3364725764999292,0.2693717345089124
1304,0.4086581153394886,2.4264716004125177,8.678535765803726,99.85447969386746,True,4.576644364703304,0.20105380364889086,0.04393039695185598,1.34765681029449,0.25949406957531806
1305,0.33711129852194877,1.1570793538202977,6.104506175711432,132.93036809042923,True,6.059013210607181,0.30170483105173673,0.04979438409600406,1.3329207693076692,0.27359267695649203
1306,0.2872691563342404,2.000918288226158,8.859311826074338,110.56979979388362,True,6.053392298008999,0.17527700105408636,0.028955169667714435,1.2969266213686548,0.2714774945499068
1307,0.3677035971724497,1.3650730808093634,5.975998757781955,69.08380527422628,True,3.4332739095209828,3.1038407805733494,0.9040469424725869,0.43235931182975085,0.4632789157705055
1308,0.3099704947262135,1.9266962299551245,11.3614375935812,75.62178850929328,True,3.965423155996402,0.22397288661699685,0.05648145930613012,1.35808864971772,0.26006138233051956
1309,0.3072693480841311,1.998169233158278,3.332811940546725,52.71958272365767,True,2.904485837191785,0.40107310537181184,0.13808747153664594,1.4497831041850562,0.32399895598567907
1310,0.4136932098537315,1.2225300448799437,3.108470285017847,119.9632415809539,True,5.555270742096017,0.4907412054476155,0.08833794575103962,1.3656565132857001,0.34096563816741954
1311,0.3479608352923652,1.0535102023117602,4.69745305058192,106.55593445469887,True,5.467563324688962,3.0578266227186113,0.5592667960352457,1.1117793438124473,1.12153121239706
1312,0.303026250181001,1.478633597152826,3.702603476586411,85.81720373671396,True,4.731808861330977,0.32494306192237415,0.06867205997644064,1.3835732367381914,0.2824681993345468
1313,0.2903480596725298,2.377146974666212,4.761241368376132,119.84558825151962,True,6.05867225064193,0.15326037546276716,0.02529603337538664,1.295786665441728,0.29875980174906047
1314,0.39367882253478986,1.1009328205492315,10.227866825012228,125.99626999799783,True,5.8708403151861726,0.4616903327405093,0.07864126904393046,1.3159762985621035,0.33403771745313326
1315,0.441019682088271,1.7848111984329305,11.284225677942855,119.98014516859796,True,5.12493674607172,0.26052884638527385,0.05083552427939136,1.3278326625961738,0.2630559355889579
1316,0.3778886802027186,1.0479626959258592,8.988360595396102,121.82585644783798,True,5.8595746084673825,0.940486933195489,0.1605043021103337,1.3220909912896728,1.3007841354368819
1317,0.43734205869020176,1.1856322011870553,3.280218300299633,50.230614118585464,True,2.251773072674884,2.1385497368461177,0.9497181411383216,0.35937029684724786,0.3885371507525024
1318,0.3145248553890466,1.3233552174514884,10.888090622939156,104.19095889766601,True,5.472538944186031,0.2923492367066741,0.05342113408206312,1.3217593551601086,0.27159571043950326
1319,0.3221959261847386,2.044210236998695,8.804111069462095,86.95708727397013,True,4.5652894363472845,0.20519149833048306,0.04494599985201771,1.348152741707806,0.26142075077827087
1320,0.2981086046430935,1.6290230025082137,7.195069193380222,133.32297307933374,True,6.059101306216471,0.19486282597766574,0.03216035120220582,1.318581957520403,0.2589789330986334
1321,0.44097302350275325,1.3186657853276498,4.216075190433559,131.33503285698305,True,5.776214931632083,0.377122298756404,0.06528882723722457,1.3501158862227394,0.2999474226697454
1322,0.29246889384003877,1.0077936622226547,9.973339494060795,100.15482390092022,True,5.457968678802951,2.6869164943558097,0.4922923989635477,1.1517239579440863,1.149963270517516
1323,0.305256673549311,1.8679988751423555,9.951187990801476,100.64374279018386,True,5.382685799452918,0.20001174182012446,0.03715835351943692,1.3191857865232546,0.26159467831450733
1324,0.31799573116584473,1.5000689424502818,3.893688544196406,75.33083484775678,True,4.069815506962611,0.9938112595881086,0.24419073982294862,1.4052460166446714,1.3711169619108565
1325,0.368607908342324,2.420789980572694,8.086370192135506,93.63490493333228,True,4.595922626485457,0.1892931051335846,0.04118718275253879,1.34679534822477,0.26341961043762874
1326,0.4071589581718415,2.193525827847184,9.365006522537398,96.47174527907946,True,4.4152772716454365,0.22445193164798433,0.050835297046778236,1.3528643127504352,0.25895145512994056
1327,0.29783436557154014,1.9965386747816303,11.992872922626114,103.44870891819713,True,5.5250954401861545,0.18010491502202416,0.03259761156559424,1.3018759320901232,0.2658689958223377
1328,0.31193050839784375,2.0952713449460654,9.353274860065788,69.37717734748473,True,3.675892492631406,0.21486962948313787,0.05845373060116956,1.3750525260659514,0.26082971979235614
1329,0.3426415973426621,1.720811543123783,3.592965570200426,118.43023354177843,True,6.056556788047928,0.21604336430253365,0.035670987966112344,1.3390650669945696,0.25115756438243864
1330,0.35241264884331913,2.0067743625884535,2.625680875248681,122.85314810599765,True,6.058100778649164,0.1914160666812396,0.03159671218343805,1.3406540338437312,0.24774988056166647
1331,0.3214676518402739,1.7003902076283355,3.166988625723261,135.95354462737765,True,6.059149802235853,0.19563798223476814,0.03228802532041324,1.3408586188290719,0.24738918546390698
1332,0.43355778968879943,2.0452421451638547,6.296170796572016,80.026584392221,True,3.5568111528747335,0.32062174724723574,0.0901430335957248,1.4027575353723032,0.28046417182439365
1333,0.29765902572816144,1.4063793802282691,4.213210949837923,123.9000978473498,True,6.058990728748124,0.22898280513479172,0.037792235602595634,1.3391532171664426,0.2531635210463472
1334,0.32924091961185725,1.591250609720233,5.365852857199183,90.98252913594465,True,4.801559085010382,0.2858380587256663,0.059530259581310196,1.3681627954631237,0.2717112980702474
1335,0.3631011268833351,2.223968245412043,7.155656271120982,82.68879066192851,True,4.114353471024246,0.21583138045194789,0.05245815216703242,1.3724273341350286,0.2605730884569315
1336,0.3095546596051899,1.887197937601413,8.216382952484187,136.0513068116203,True,6.059071817568893,0.17864555791824518,0.02948398092926449,1.3073154653851882,0.2669216721363079
1337,0.28215337481457026,1.64109716427179,10.655433919707457,52.84610788914406,True,2.8683488398637547,2.043644784987655,0.7124812563191327,0.4721763345887493,0.4657757986180502
1338,0.3237190907124954,2.0127617920574337,10.960478211499542,115.52322617901063,True,5.970064350075241,0.18406088853034133,0.030830637282497905,1.2947397604891506,0.2647908505276364
1339,0.31114437081946916,1.357437497941778,4.573181330102203,60.26814145215137,True,3.284677982935393,3.065005717027974,0.9331221303736125,0.4125337888938234,0.45657743400456363
1340,0.2998352085461141,2.3896920504773096,2.739289069934925,57.29449163472028,True,3.1939515267967344,0.20262742286893942,0.06344098248483994,1.435975056440725,0.26449636110196195
1341,0.29250481765741115,1.5655361256634768,4.567860745163358,76.51471725915617,True,4.276392381357598,0.3236310573673512,0.07567852257388274,1.3908320647683232,0.28540525525339744
1342,0.3390046008726783,1.3080132273206213,5.784273311443864,128.70513381372623,True,6.058790507871075,0.2673563057946159,0.0441270094166961,1.3323943343981908,0.26344659746845833
1343,0.28050743136768114,1.8553019980609664,4.981748938629091,104.82431947961135,True,5.91021143377008,0.1878559083792649,0.03178497258251775,1.3263839852342052,0.2624114611711499
1344,0.32596327164176264,2.227958815566776,3.4289180021835937,72.32769327849118,True,3.867839808830976,0.2094698421793868,0.054156803935139546,1.4067554658122856,0.26025905044869635
1345,0.4336613750827028,2.071227470478193,4.621082932570831,58.9464974412292,True,2.6406964630205874,2.429700121448406,0.9200982223716727,0.4549434062101265,0.4866892679725674
1346,0.42532977114855125,1.5056656721959492,5.444570005141825,124.96141575713901,True,5.633326940918425,0.3018829581001916,0.053588751596756135,1.344808906317584,0.2739686389637934
1347,0.43168627987297387,1.3990523635534413,10.107190610825533,58.712554496830634,True,2.524175297797194,1.795541840713918,0.7113380129663964,0.4171061685980497,0.40449011373862964
1348,0.30346183853111114,2.480152216520334,11.342831325131563,102.27147600574006,True,5.432734218472113,0.1577519964203734,0.02903731161447083,1.2872777335042294,0.29340657154244854
1349,0.42608846469382844,2.338505728892697,3.9465608147003524,55.21816239811962,True,2.5153131820847463,0.8195576811988525,0.32582729142284594,1.241782123664704,1.0546968569998043
1350,0.34071704557832005,2.4150990966264057,2.9130789599839773,79.82840574623478,True,4.17728020400104,0.19072100317671406,0.04565674167465224,1.3961294204015102,0.2601361175281345
1351,0.40014301616125386,1.6624529871662859,9.608226722119719,103.81264625401067,True,4.80455399546962,0.2865028864964776,0.059631525999422855,1.3448407948875478,0.2699919674953626
1352,0.41487574702553587,1.235636415311106,4.508661756324701,95.55013838331449,True,4.4168136032090155,4.119558637933095,0.9326992280000336,0.4647325250279817,0.4728390214019291
1353,0.3807818480504215,1.2871084505842427,6.941363457201863,71.48891547367361,True,3.4611839162196216,3.04685489129497,0.8802926874289909,0.438142329031626,0.4575694644702093
1354,0.3256423414336417,1.9577800431854917,5.519261232774639,75.85909668605962,True,4.027608895883985,0.24038593222477034,0.05968452708266504,1.3884431139194868,0.26362716062800073
1355,0.2929722924560254,1.0528829275755562,2.0160727798883293,83.34472593741461,True,4.682331199822178,4.472201696228674,0.9551228875903772,0.43309625236689486,0.4227708792191307
1356,0.42391073987563643,1.7795155079048477,7.115246755604255,67.55821747081626,True,3.0355846610100805,2.60981609458166,0.8597408361238895,0.47650742077372765,0.48800257512362055
1357,0.4166011337514629,1.5957992495867983,9.863213455085614,96.51006886715989,True,4.333625901030389,0.38194708605498284,0.0881356847078491,1.3591982864497623,0.30212216302192774
1358,0.40115406725361735,2.4284298011051755,10.021341636082662,138.2858668392764,True,6.058190673814072,0.17626967025733112,0.02909609151445815,1.293805078046625,0.26817461779692753
1359,0.3509044511348363,1.6995968585202685,11.580280261952376,92.69800043900281,True,4.5816815795202634,0.25733144336307123,0.05616528318190453,1.3417373397469041,0.26270290815493613
1360,0.4379190210433313,2.266141092917059,9.050906490861486,117.78175582610534,True,5.121784422051636,0.21056912943030676,0.041112454581983156,1.3322869100549166,0.2573726436703878
1361,0.30116835491056815,1.338047095278486,6.335866756305048,71.80915817614805,True,3.9378506671512743,3.5377364927814416,0.8983927507186849,0.47899664724190893,0.49959846956307086
1362,0.42479432111682663,2.101415799977724,5.874970749886632,119.00414920129074,True,5.365933473507773,0.21695811706233994,0.040432502216713455,1.343913069756602,0.25611555378441286
1363,0.31427646199954007,2.0018690857123187,5.740341720690534,114.23613202072616,True,6.056345043090398,0.18341228078897348,0.030284318261923675,1.3165452632363572,0.26376697761812506
1364,0.4426748490897322,2.2580155393218124,5.804040386457423,115.02214099932671,True,5.0314578114660025,0.21615224239549882,0.04296016194410246,1.3535881381219355,0.2563504140651025
1365,0.3451367482043944,1.5316669788375208,9.169468912758118,90.73670253965682,True,4.595052235822459,0.3107975027427147,0.06763742538545608,1.3538318300561696,0.27727711687208645
1366,0.2953803078101773,1.692392673115714,7.861019256206761,120.95863729573651,True,6.058684068455262,0.19629703262457762,0.03239928512638653,1.3128229087356629,0.2604071987822194
1367,0.35135593764498146,1.8106775308817733,8.81683714390107,119.92716814941632,True,6.005750972700339,0.20919443099066268,0.03483235184768301,1.3096964910883635,0.258189985631474
1368,0.2835747191272126,2.226094201948473,2.6465855267202567,134.36922688590303,True,6.059098027632875,0.15633811795632338,0.02580220970899202,1.3117640598823956,0.2846004362164014
1369,0.36906218430189225,1.4706617877633374,4.397134519293292,78.08005115418237,True,3.8973826442530455,3.190612314244589,0.8186551348632299,0.9272396665768672,0.9633671671760689
1370,0.4455777962706123,2.4902497641852666,4.833248164526426,134.5835229634489,True,5.8524182331511465,0.18930146240847512,0.03234585343476872,1.3298844087585575,0.2576751218496294
1371,0.37146987383493163,2.245065563089227,11.470597375118203,110.74355695622813,True,5.311121136297389,0.18808820766915543,0.03541403083121539,1.3119684770256614,0.261842516053318
1372,0.39692497108900965,1.7614405861282787,2.3034369446610787,136.77515428871703,True,6.058660967301653,0.21950545374928515,0.0362300275479924,1.3502701818711498,0.2401761249447234
1373,0.42838984285662873,1.9500074355565293,7.785697851753257,67.80872709337599,True,3.008523276768287,1.8434252627346155,0.6127342530368576,1.1163907801402524,1.1136969841147843
1374,0.42858303245261475,1.4242703053292973,8.469882359450883,62.318529459328886,True,2.7441509291074007,2.1957620918274525,0.800160832458904,0.4258870470553071,0.42243590601304204
1375,0.33090044757990933,1.159369879775337,2.4344364196683608,114.27682780052395,True,6.023681060914834,0.4022592633973713,0.06677964177211583,1.3555778647838101,0.3005196326426689
1376,0.42374563357900275,1.7189781108386473,5.049157536403473,55.3819988751897,True,2.518471598472293,2.2920275870678792,0.9100867321506525,0.4104009619488558,0.4294100069868203
1377,0.4264731928201767,2.2528063842444404,6.139494283933361,110.5008265780553,True,4.968665664006246,0.21312799084548817,0.042894411751110376,1.3527548064569261,0.2570206336799834
1378,0.4404402127425763,1.4160046658079843,5.354449197019733,76.95584996289709,True,3.394875468304892,3.116046459675445,0.9178676769641066,0.42325854698225873,0.4612773683158702
1379,0.4304350363178091,2.475105442831907,9.75927208653949,139.25434131325855,True,6.05517478811996,0.18298368570571144,0.03021938954837753,1.2965196875682445,0.26375847925453666
1380,0.356292288086169,1.0320628321134802,3.5128528830848924,131.01469151670221,True,6.05881891627835,0.44422474789086613,0.07331870353434043,1.3493027850959005,0.3238602693400763
1381,0.31873605545482264,1.5363135656679772,3.5734682688141115,123.43108194361297,True,6.058769498239883,0.2215934104030962,0.036573995836526,1.341722497808481,0.2502625166356842
1382,0.40996886173301583,1.7066420795424113,7.983284311875783,100.45213556669853,True,4.612696350160252,0.3010590289455354,0.06526747179772112,1.3589118831756353,0.27475050962990766
1383,0.28284590078882194,1.3297399356263042,7.225801942052303,58.786152571991096,True,3.2890692633104517,2.8523331452343585,0.8672158951020332,0.4437799901173327,0.4598762285970417
1384,0.29969468063837534,2.3345449911135567,5.398153048882401,98.41995266123479,True,5.404896617262676,0.16704476779093216,0.030906191111483728,1.3254698709358483,0.2798657399876867
1385,0.316468245661981,1.5778377781929454,4.967007836991671,99.60800488584452,True,5.354328688481053,0.2504571986205707,0.046776582685218344,1.3531048866724324,0.2617000375656886
1386,0.3009481954758304,2.1735324641164198,9.920142119375459,108.38202492143681,True,5.823388477834891,0.1680736798446481,0.028861835421829376,1.2951674729928437,0.2752458102718678
1387,0.28053797168435296,2.0106589054320123,8.308560692997546,88.06710429580212,True,4.9193605252177,0.18691783701698655,0.0379963688489196,1.335308501740597,0.26695345283132355
1388,0.4087452304332917,1.3463679269280486,6.951689558658715,120.70044482518388,True,5.5705760841849505,0.34860396225318513,0.06257951726804042,1.3385816443488778,0.2904638904730401
1389,0.43407926583704914,1.4580003380309394,9.526648177480855,64.93328278545914,True,2.806991566653545,2.1318073131269712,0.7594633836639849,0.43117782962643636,0.4269941572606242
1390,0.4109059978187324,1.559977114914231,4.524494002770366,116.41213921977857,True,5.399831322126889,0.29849657713832634,0.05527887064086185,1.3573321735189596,0.27212694297707385
1391,0.3004057165835394,1.3215646605337232,3.4816886559808435,96.07297256494078,True,5.309257468144017,0.34482981721606193,0.06494878413508279,1.3681574482699483,0.28694181940674257
1392,0.2825335013561504,1.469590571335825,5.9592598338994875,79.20415622359687,True,4.46420273087495,0.32331370263993436,0.07242361562208159,1.3752353407684366,0.28424049334162893
1393,0.3992123951788903,2.3336029548900528,2.683370044772922,74.60923269782094,True,3.567241424694139,0.24557988915348813,0.06884308066548778,1.4301707517042561,0.25966442446578997
1394,0.3083915103794869,1.234242446027883,5.595746546840259,134.6111537777452,True,6.059142355762937,0.25224113287100586,0.04162984100069801,1.3349492043759659,0.2589119837839493
1395,0.407015649406711,1.8584615769496518,5.883378300033982,138.97773686318476,True,6.058478872614561,0.2131196793711692,0.03517709376432909,1.3259644083326916,0.25442880510104837
1396,0.313939079394305,2.301287058711963,3.6471567009107586,81.35174205023955,True,4.417439599427291,0.18586144694859863,0.04207447385872465,1.3794409259710414,0.2645871381477005
1397,0.3589233900520569,1.5965397146374556,3.1778663510021152,82.63439900944883,True,4.203840634431728,0.4107866520958417,0.0977169897286964,1.4068421945663099,0.3127240390805488
1398,0.34616530787696165,1.2039929232042792,7.382150800558839,95.73648782963261,True,4.885335182475991,1.536580320108666,0.31452914952907995,1.2810557651416943,1.2232583593027715
1399,0.41685720279361876,2.018939708744752,8.867127661703645,67.25862511471786,True,3.019142118830116,0.6364310903586309,0.21079865250107566,1.405946614338748,0.7777832726299416
1400,0.42759980920358015,1.5174495219469981,8.775513581662334,139.01403144470757,True,6.057052608663773,0.2664566430725554,0.043991138972678916,1.3144696751245633,0.2644082778522181
1401,0.4348234149331634,1.9985825833632094,3.7097122198202803,134.3030922269096,True,5.967137232775979,0.2168051590483227,0.036333194728196745,1.3410010597155821,0.250357611297773
1402,0.4338135220978603,1.6684682172773242,4.909764375417022,63.19801005427718,True,2.826476682680997,2.599843510621896,0.9198177811096843,0.4154576613605494,0.4497558707183922
1403,0.4421556140249743,1.3917612210021602,5.561864370123439,108.57979213319155,True,4.763399652288098,0.7091335273389886,0.14887130602160506,1.3712342629417518,1.02344043928503
1404,0.38697756155065666,1.91062327505571,8.281972041782026,133.78690677641097,True,6.058249282353865,0.20446201793845065,0.03374935701870116,1.3115378080101623,0.2571018661210722
1405,0.33997235274933774,1.5765161714059166,5.241791771605442,95.1073446226417,True,4.939295770518653,0.2876875042925129,0.05824464005772712,1.3651399168983573,0.2716527423153332
1406,0.37936411616137167,1.2057942283679361,6.301325751730075,92.76040714854193,True,4.516595872665439,4.073588902049534,0.9019157385107232,0.4865943121288576,0.4856901190204175
1407,0.3467199870595169,1.8525222561871675,4.252893632197242,80.50191027314924,True,4.1596898836942975,0.27038810962465043,0.06500198745213039,1.3958492778924967,0.2676490559387297
1408,0.41137423762095093,2.2891966528481307,9.714433913584966,128.35990873567204,True,5.817221450159118,0.19120016675408455,0.032867953952286734,1.305978932700853,0.26046981364540533
1409,0.4146176813408014,2.12371644561439,3.4947594573599168,50.60467836261304,True,2.3569968392383496,2.2223812090004254,0.942886800696167,0.42105349954624893,0.4521367029477501
1410,0.38970172686359517,1.1629022714560633,5.336080242098972,79.50309981608942,True,3.825118610673801,3.5307660501130234,0.9230474684525072,0.4206168753214148,0.45175826909197836
1411,0.3499020693088026,1.3500793383483853,3.652097965819098,60.97634308877236,True,3.1483852946052258,2.989213630892655,0.9494433975456205,0.39679632489647343,0.4445095340483598
1412,0.2938180586358499,1.7611129542388464,9.035583094089542,92.59497946319149,True,5.059643543015744,0.21580478043307613,0.0426521707702057,1.3348218905798892,0.2612817791803921
1413,0.28317978423136586,1.8652297136047524,8.303556294823801,127.66086860976223,True,6.059028206584326,0.17545980553859758,0.02895840711682543,1.3042480835328472,0.2705679750807164
1414,0.36713249091547334,1.2851504006631798,6.9393336942778445,84.03139738056687,True,4.161047483519114,3.6951369310719606,0.8880304648547006,0.4824422065905085,0.49041089378092106
1415,0.3674294248839519,1.5819884525087795,6.352358163398119,136.7541479101962,True,6.058883130784498,0.22556067676606326,0.03722809499658692,1.3265597479583588,0.2556396662069549
1416,0.38954715558338704,1.1607279692789318,3.533714289814294,117.81986503091711,True,5.671835909761291,0.5046840314420669,0.0889807179670872,1.359079304281166,0.34605876866285845
1417,0.379139140570534,2.0231257873863173,8.561924052308349,80.38090176840402,True,3.8669678999574835,0.2573108339654163,0.06654072147023651,1.3767548317599516,0.2641315844616563
1418,0.3953992568026231,1.787838144567336,4.617420547997779,115.25432941813648,True,5.482672961575861,0.24068739429389382,0.04389964456765886,1.351345195907717,0.2573568450001713
1419,0.3802009821902683,2.2843164544276098,4.106227844028865,84.94834776077599,True,4.165621299497442,0.21653165315548048,0.051980638081912,1.3923921078336874,0.25835165356246614
1420,0.44669625557040765,1.2007202389246916,11.939133456200521,99.69871782400678,True,4.181014157509292,3.1015365245887545,0.7418144038135469,0.4887189894007782,0.49202177756699017
1421,0.28030425171914686,1.9014886074214885,2.1096508070375326,135.7162125268907,True,6.059167891595671,0.1696780269366802,0.02800351962057876,1.334091822659035,0.2531058054829889
1422,0.449169606953441,1.4313309703629749,7.052271795629929,56.88024955418686,True,2.4375000331566277,2.0476363268617708,0.840055917541887,0.41231437191876275,0.4044466419456194
1423,0.32202957438905944,2.2391082959045523,9.716252611854387,62.00190058263362,True,3.217750577535658,0.21880273886682947,0.06799866353668761,1.388489474762773,0.26144400507487875
1424,0.4171794692982105,1.7035744887251782,8.670729556266839,74.07258280856847,True,3.335671181708212,2.5215884988416066,0.7559463632594295,0.8180178571223045,0.8285391114139111
1425,0.3798899876683649,2.4991770905216613,11.51968358183299,123.18086295962843,True,5.82179129264404,0.1692700218392297,0.02907524734751417,1.2895842195791225,0.2714565256547279
1426,0.4312544135971364,2.3466890889819325,11.55548068902012,71.65223133925696,True,3.061929750994564,0.2747065501629566,0.08971680361828271,1.38834660706254,0.2667573740845981
1427,0.3783401020049185,2.325537934568544,10.796138662983962,57.17522792391013,True,2.6750172248314685,0.2866425769656528,0.10715541354456583,1.403473325666039,0.27253730604672866
1428,0.35072144453257853,2.3997354643715143,11.249479284936514,96.29607658946,True,4.771458598852783,0.1777818167959711,0.03725942772273362,1.3241157228411362,0.266182776697534
1429,0.3961247691221981,2.092002432495142,8.354508303665638,131.58048518069697,True,6.056981563197669,0.19622130066117466,0.03239588871351679,1.307988303730928,0.25861472435180444
1430,0.36400011210039784,1.0577017342887125,3.099657199419676,102.29500325826456,True,5.148092569842182,4.522400714318116,0.8784614209951459,0.4839212963970052,0.46338063751981906
1431,0.418906961765953,2.194088827600102,7.216747432989337,53.18048586101275,True,2.400025519267491,1.9816043878958272,0.8256597156936191,0.4871117552643951,0.47752322428029004
1432,0.33049796337882176,1.9605259573562692,10.173622445802724,83.44011198113633,True,4.289146953624144,0.22247423544844144,0.05186911007105045,1.3529209451227144,0.2601685134613274
1433,0.3013621300796381,1.0300782459364681,2.08922049355373,113.63214664410054,True,6.058170797549526,0.5422639151794193,0.08950951257411892,1.358363134678175,0.36034486480912475
1434,0.41756291691668046,1.81849897371693,9.180429697098369,138.72286611613873,True,6.057801110983492,0.22150025639388882,0.036564464949548,1.3097388823527614,0.2566779592068893
1435,0.3608588361254509,2.1290197445341565,6.2760612364056705,78.3096375743675,True,3.9274468603515205,0.23485235996839873,0.05979771803898541,1.3861417058518146,0.2622294034306645
1436,0.3311121948272885,1.2796992703341226,8.16908429827075,125.55707098179798,True,6.05857117833313,0.27563601600221915,0.04549521791341796,1.320048929257688,0.2678039675228967
1437,0.323097664709763,1.8010244400147262,2.9298160029979994,60.15278983244228,True,3.240985196061128,0.9802450122972625,0.30245278919773694,1.3885811027638826,1.3682748381071095
1438,0.383040427820161,1.6841853356472567,7.1795704554752495,81.29257300008098,True,3.918551335104058,0.3998665581184552,0.1020444863223507,1.3861154103112212,0.30959011057729136
1439,0.31534785608242405,2.207880093000349,2.7888015714957946,88.20260774727194,True,4.784578587319201,0.1873301498746888,0.03915290478688738,1.3755829698950484,0.25867988498425554
1440,0.29452819834883026,1.6180668302877026,6.731276770178993,62.19806792082022,True,3.434348129232819,2.0955186822601246,0.6101648998315822,1.1265225637955703,1.1415476631785482
1441,0.32611505085575165,1.5156900306257852,3.9132079635374897,87.63726618067766,True,4.670261686527754,0.33540345891021245,0.07181684484142434,1.3841496324281608,0.2862916587456539
1442,0.3804401174521075,1.9174402950745135,9.76099341336892,76.82558699329567,True,3.654807452854951,0.2948323533409337,0.08066973627040888,1.3792703874232637,0.27271438829367334
1443,0.28091436192092917,2.0338547334630306,3.9938827769163505,127.9833099879461,True,6.059084923179487,0.1656347966788855,0.027336602602356187,1.3176843442294155,0.2744902124775903
1444,0.3448798348491456,1.3708382640445487,8.061380363602236,93.4660569689867,True,4.763750540854556,0.4099707224034801,0.08606049348879982,1.3556581366726204,0.31309645594003
1445,0.37562538027477976,1.4852542385747898,3.4676750008724824,131.72602735781675,True,6.058596664147679,0.25026236002855884,0.0413069847526755,1.3448900005986757,0.2531637245926075
1446,0.43603929667275654,1.0541968253790825,10.465603870715931,51.22334001802636,True,2.160414066359914,1.4223424304512142,0.6583656589719035,0.3919966468090119,0.3843884937148698
1447,0.32710599920334954,2.192152730025933,11.075900050261104,72.69391828341404,True,3.7182551888436226,0.20647128093135267,0.05552907760361796,1.3646403642049223,0.26006676106103566
1448,0.39830874163115776,2.004914361696952,3.131140389320327,114.14185411600522,True,5.425106063226329,0.2179215656394904,0.04016908851177219,1.3614244667115822,0.2504610594197003
1449,0.28837085303003873,1.4943195536568634,7.816702048215644,63.797173396471024,True,3.531307161396768,3.0007784285579238,0.8497642066828874,0.5160816308615175,0.5290776162019282
1450,0.35901481579630506,2.498046066729387,9.851198623576568,58.34460410118729,True,2.8483799433900616,0.2220694801715096,0.07796343345516214,1.3993666304981693,0.2609166974093635
1451,0.34047675532501137,1.1869548244730095,2.046473677250465,104.68263439217239,True,5.467451356755621,0.5561707764413358,0.10172395512108715,1.3768879500945501,0.36282326746012883
1452,0.29418968309816645,2.4664337859009384,4.877431197745242,62.73163880959851,True,3.49529889029335,0.18264261879725313,0.05225379131508964,1.3989324715935059,0.2722432701868178
1453,0.43022228414760555,1.3437125948544986,11.607381864152277,56.534279046005764,True,2.3874891114395074,1.5074176121674423,0.6313819840872754,0.40814662773326704,0.4012637807800874
1454,0.3540944789107665,1.7250985695861014,8.358246330241284,65.73154772690168,True,3.2868643782193887,1.339576571544802,0.4075545618558495,1.2706645960758576,1.2549799902950847
1455,0.40990584564379584,1.2416158600465914,10.881395409049606,83.20217055984187,True,3.74040448644599,2.842951454682472,0.7600652456129822,0.4608365424181349,0.470874728173694
1456,0.415203871547792,1.1273811897149142,5.886566379002209,129.09883226548024,True,5.905711395747414,0.4492355414294053,0.07606798086220247,1.3366899679577409,0.3275167115957669
1457,0.28446034211070764,1.801906127617604,4.296645303625391,62.27157317042007,True,3.5277380545743102,0.30399146870983795,0.08617178033263027,1.4172910994630201,0.2830414772059835
1458,0.3130367063261976,2.3810099767850477,3.4972526612533,85.59066229306384,True,4.651277404351081,0.17693470792688873,0.0380400248244436,1.3685759807264777,0.2686137682518943
1459,0.32973571071491176,1.1826155400639597,10.362633194934013,134.14107022985155,True,6.058977418814567,0.28143452662825263,0.046449178990885735,1.3131777031525567,0.26958663955096984
1460,0.30674295552538755,1.9147503813532636,10.378646321585853,111.71446670414089,True,5.93862059219588,0.18779638004433968,0.031622895776694096,1.2990798567744921,0.26405694208879193
1461,0.3824707065943762,1.2108331017360139,3.3252932801147645,116.77012369568473,True,5.688628172953766,0.4593837714445852,0.0807547544817039,1.359705260557475,0.3300531138979328
1462,0.30013649103855483,1.1321609968363842,7.435025692981807,135.41613799685655,True,6.059133180838253,0.27087449635727684,0.04470515637680745,1.3270955932155393,0.26558037188844485
1463,0.3750279857208199,2.01831155233697,4.1147832886147935,51.403064928033146,True,2.5477756299186236,2.3718818067189673,0.9309618079652978,0.44321454462260945,0.47706545420129043
1464,0.32661558040701516,2.3368647110941247,7.602227750590018,138.95363969335864,True,6.0590265229621,0.15804968536758943,0.026084996454236193,1.293418120366507,0.28799828175402187
1465,0.3103788607386232,2.318476999766152,9.271769941380146,64.14195047764196,True,3.4022835050424387,0.19776982927746312,0.058128556595696226,1.3811048852760233,0.2633686409230327
1466,0.33714779276758455,1.485000911861266,8.430868685424363,77.23780052012971,True,3.972127792344252,0.8243585092438128,0.20753574717124013,1.3780572926174544,1.0491617108369957
1467,0.31925909472755143,2.454103641834596,10.00181445793411,81.57697627398997,True,4.265591057872783,0.17368525990364278,0.0407177475635131,1.3414495262832289,0.2718528561586133
1468,0.32299984819997707,1.5646337732551376,8.449171914097299,116.12849940919317,True,6.054159812770411,0.22867355825266114,0.037771311845833,1.3127133290701627,0.25928573070555494
1469,0.28870337223645853,1.0396176982938592,8.456437516948185,66.18735443266243,True,3.6488365569322285,3.071520768513735,0.8417808582514659,0.4367361294879548,0.4474817512959799
1470,0.30793851755823654,1.2593323760341946,7.001073969320284,122.36180837751785,True,6.058701456841863,0.2697226078936144,0.04451822058157806,1.32555893818822,0.2658994335087459
1471,0.40193313751286236,2.262968477018926,4.1486971534178725,89.14288773689965,True,4.217177100004301,0.22587748769186825,0.05356129997282729,1.3916168443281465,0.2581082394752685
1472,0.42952836520578763,1.092936359509425,6.205167618796558,131.87351688005188,True,5.879918737515695,0.5449337963628843,0.09267709651938531,1.3357798714292812,0.370790081567963
1473,0.3576459921180987,1.7448644870331855,8.899862261893542,133.5750281262767,True,6.0587002565119015,0.2070136956889549,0.034168004179849665,1.3110410603587073,0.2573375899110468
1474,0.4301850886561267,2.4408694164257945,8.492354118903812,107.3722491768938,True,4.747138465807354,0.20323518461997933,0.04281214590301923,1.344066269550086,0.25844589956940345
1475,0.28536917417170193,2.4549795144121966,2.189308146535532,104.5940978964278,True,5.886128404715857,0.15616223656919648,0.02653055214427232,1.3155187888920197,0.2879040698235218
1476,0.4266704859544721,1.669838958471734,3.381822853636044,51.05194120605333,True,2.330375369740116,2.208200156575593,0.9475727323799565,0.3797823421862061,0.41105032830224175
1477,0.4300001600159788,1.553399739607336,4.405194138045516,93.51028410398854,True,4.213939855871077,1.0192978637044543,0.2418871409102615,1.3969640707687647,1.3632755144322841
1478,0.31565503409899376,2.388045573556874,2.508679296682093,77.37824362013137,True,4.206359244864526,0.18401298423060689,0.04374637864211557,1.3957722575524647,0.2617926331565328
1479,0.4431321756000398,1.5289171153878764,11.895655991554031,70.82181937679394,True,2.9478268859997416,1.9724451517563104,0.6691183804327658,0.4440352957567404,0.4388029679961192
1480,0.3987054111325542,2.145242999070085,5.861265711884318,123.5163945599536,True,5.809823131429572,0.19862207486656355,0.034187284255190464,1.3278378734416036,0.25705885024958786
1481,0.28139727304967205,1.5691230247884853,7.795903002464328,80.11322275013248,True,4.484352858427748,0.27226533271931663,0.06071452031425894,1.3621505014490514,0.2699243136266034
1482,0.34707541650224605,1.84896554725217,3.585037706451125,139.40384992635023,True,6.059123353401457,0.19137642553810916,0.03158483733965817,1.3366269246710076,0.2507853478812785
1483,0.364378698136686,1.1475629982031073,3.7136623365081673,136.51013023897534,True,6.05900245988537,0.3234068340257804,0.05337625065626709,1.3473218910865907,0.2752626470808224
1484,0.3994046161037342,1.5119546715164498,2.296721967087784,105.17737882083901,True,5.00950358645448,0.3614521254144409,0.07215328209202097,1.3880047901503483,0.286734112140544
1485,0.30799111697247733,1.0663042578664095,8.329261357187296,108.59827479793064,True,5.827987665618057,0.5016289361630458,0.08607240868445595,1.3256398799238895,0.3500705687754251
1486,0.3754518316345206,1.5840518562525734,2.9997147054153404,102.7549656960987,True,5.079691913215317,0.2994453999537131,0.058949519984603106,1.378385812720607,0.26904611072574536
1487,0.3386186884579796,1.7255109636375963,9.938264845203483,85.21449166711403,True,4.335296658273333,0.26357070155849827,0.060796462695467186,1.3562343580979799,0.2649904092901112
1488,0.40295607331413585,2.3094658145097493,10.54784886736827,65.22615210365981,True,2.950658991276697,0.27703101719940315,0.09388784607723742,1.3965204897193066,0.2682952733886017
1489,0.3165885855590836,2.1376935371752914,5.911659720071566,60.426101176028816,True,3.2452081223677274,0.24352977816887061,0.07504288445795874,1.4118461223748109,0.26637135368003495
1490,0.3219037730417638,2.182633303332187,6.607512201713417,55.431031925343646,True,2.939782358842729,0.25539258282932564,0.08687465657487078,1.4181981312290701,0.2679022352965408
1491,0.36443097744383096,1.6905695098933258,9.906136019157623,97.59710852683726,True,4.777153044414881,0.2659538421928347,0.05567203724062591,1.34324407512837,0.2656540443226292
1492,0.41637222658485534,2.391400587714812,4.023072219356781,51.032893777618305,True,2.3635614045482716,1.3747320405898988,0.5816358474734191,1.2297114855537532,1.2483724641083098
1493,0.33358948713071,2.4182534432038416,10.210155040668116,92.38005400127251,True,4.728201250735671,0.1735159308901279,0.03669808489288187,1.3272917975108482,0.2703374985170188
1494,0.39426076579669894,1.517991286126135,6.994198637599085,54.29003383847289,True,2.561425509078452,2.172984120760025,0.8483495276588464,0.4221558659643514,0.4185462619714011
1495,0.39674742615799025,1.1548455770817583,11.460863036688822,95.07485553458505,True,4.367656047689864,3.3439517460361485,0.7656170059006427,0.4951103398795298,0.4921521677165508
1496,0.2956682969454378,2.3242253563997783,4.899786380517098,132.78298932016986,True,6.05903898560276,0.15319963697223865,0.02528447784149687,1.29727060575315,0.29738981052076197
1497,0.38582924707062766,1.5006375531384335,6.154458847815816,128.53904779267808,True,6.057296299025624,0.2596266593623869,0.04286180608403627,1.327445386879719,0.2620070224588624
1498,0.32233311275527393,1.0600690410650917,3.0721401958109595,87.51306736650432,True,4.7007737260761715,4.448194087856991,0.9462684968608319,0.444785508605559,0.4356613712561983
1499,0.34812064239817675,1.5708880517033506,4.300693813289907,91.18315202517759,True,4.694743856475659,0.3221446106263174,0.06861814413622794,1.3801683063422194,0.28187794616507045
1500,0.3209312845078325,2.2561608565078224,11.932154132866305,74.4729607027385,True,3.819826692609104,0.19455947898477113,0.05093411158187356,1.35501368835707,0.2620038991156828
1501,0.4272998185416187,2.4013759991249284,3.936723132749767,100.99156337121171,True,4.5732952767142585,0.21116574694529666,0.04617365251277004,1.3799616671484922,0.255537445287247
1502,0.4112584589779139,1.8401070696154327,4.731199656145895,93.25835422713922,True,4.33428231597314,0.304619412779699,0.07028139622033489,1.3878214123680315,0.27662518833285965
1503,0.3827641383066231,2.297030423266143,10.949397590979304,61.65235997904504,True,2.868349570707804,0.27126206915718254,0.09457078451223955,1.396416279440961,0.26759126365165464
1504,0.31781170496707106,1.3383825308789188,3.4462807530345,125.78230524176577,True,6.0589338246053135,0.25084834638806675,0.041401400584599936,1.345821193343022,0.2532993611896832
1505,0.3651717870180147,2.29908003701022,4.7243353697451145,91.09047277665837,True,4.560725282932298,0.199573193210073,0.043759091115823205,1.3715276766127857,0.2596726425657434
1506,0.376828715843543,1.1838466856051053,8.279241571914419,77.3097443677502,True,3.739283604027044,3.1738956568450494,0.8487977893484473,0.4507144139957262,0.4606900881671878
1507,0.42238147624523537,1.989869630013149,6.098156891344787,117.92948068177277,True,5.336507095354321,0.22779649882027728,0.04268644166492063,1.344700849784957,0.2571378828990505
1508,0.3193444223851345,1.2482345242839756,6.610029547651164,68.23055042398242,True,3.638883659104626,3.2461221128157534,0.8920653741412787,0.4407700303328186,0.4630521310395199
1509,0.37308245127600526,1.804536577698046,9.868899492136272,65.77583600488211,True,3.151470190416416,1.251774288548218,0.3972032774908831,1.2729116564205092,1.265062954794062
1510,0.43160146785363684,1.3929958004208518,10.9261037344372,120.33514998328361,True,5.2396121638677435,0.34307547108555575,0.06547726441498801,1.3290418914168303,0.2871539039582496
1511,0.3888400612760413,1.5554588059787406,9.378036240533895,63.720676529052255,True,2.9842740533773195,2.316113007097442,0.7761060028908149,0.45053367007216627,0.45187962186512554
1512,0.4355273762454391,1.124123400408524,6.457840759994326,76.21047343644156,True,3.372344098230299,3.0101419827929266,0.8925963351048771,0.4182054969733837,0.44223181204526396
1513,0.4298678294198658,1.6553310682729752,3.419861679095469,83.52327985496228,True,3.7804492784948525,1.6981611989116652,0.44919560449380525,1.2322404659030965,1.2248553198365761
1514,0.44029859565154894,2.048822137761397,10.18595907594981,89.51509373273237,True,3.83911092627112,0.27924150979454554,0.07273598371010584,1.3708977124891435,0.26710696392274746
1515,0.3329010153778321,1.7076976425606618,5.98922742645922,96.24193617472504,True,5.036504162492248,0.24474555001998305,0.048594330933477065,1.3552143345871275,0.2620326775055206
1516,0.38477674471361784,2.404097480589357,9.102566403112949,90.12982118450205,True,4.285564010868993,0.20015765623474954,0.0467050907948434,1.3541049532997746,0.260276165212598
1517,0.3979554519093207,1.437897647376593,8.750407072754655,124.65273443691936,True,5.808687775078285,0.29234295704140234,0.05032857133338732,1.321817868261176,0.27239625998218653
1518,0.2941089080688728,1.4348627582998548,5.895945629910447,113.51644399460159,True,6.058022623461744,0.23661603121120822,0.039058294416866736,1.3275010121409996,0.259092319825041
1519,0.31751680332057297,1.4032317012434383,11.074656610072255,116.24647288268785,True,6.04754659901638,0.2531286034676853,0.04185641223646893,1.3038625823842516,0.263491072508514
1520,0.3044636889868694,1.7424752055995911,6.157136479320334,90.5412519850827,True,4.93783446179783,0.2290651732708464,0.04638980408173615,1.3552882795056815,0.2611135361171595
1521,0.35377186024259194,1.3331497172263882,5.21754195205341,81.12913211964889,True,4.133457795863592,3.804147621790876,0.9203305826898097,0.47926571345823055,0.5007367445988447
1522,0.41911536675401445,1.3369530692658675,8.809668229276216,119.654758372283,True,5.384769065813103,0.35717422628368345,0.06633046318575038,1.3345293785568684,0.2923367877373497
1523,0.40056261772702584,1.3655447711991497,6.615137689077323,117.30314527334352,True,5.497048738567306,0.3481951192175749,0.06334219247041366,1.3426390389445446,0.2905220446520418
1524,0.3679694684016899,1.6955968469238627,4.196808265941192,116.72871787463961,True,5.801987587775351,0.23483503376492082,0.04047492867094591,1.3445481176429293,0.2551665698580048
1525,0.31505800673224954,1.2323516746587564,9.705776349710593,71.56241773268972,True,3.7683523694180723,3.024787610490253,0.8026817330135599,0.4654433508720639,0.4741550091710418
1526,0.31591848152684016,2.3282749426071154,8.840101130627751,83.42918370099736,True,4.417468296505768,0.1785416452892445,0.04041718769786566,1.3451768204394892,0.2679859436937142
1527,0.43781374432658926,1.860549758897465,8.239575810952093,108.84278050232837,True,4.755586694107034,0.2728397624016099,0.05737247156900828,1.3522290061200173,0.2670820791816131
1528,0.3841028003728586,1.652535962334275,2.9629420708858425,96.18067981136537,True,4.695908329603102,0.31764770170167284,0.06764350566624464,1.391269265846769,0.27612597095311164
1529,0.3769521300441015,2.4961511409471857,2.8756842423491955,78.03498123873936,True,3.8634467730829716,0.2042931974116377,0.05287848116220192,1.4116298723048475,0.25725896490088607
1530,0.3314202450257122,2.008476711695577,10.786565508722406,106.68462330671191,True,5.465062431893625,0.193286369455685,0.03536764160784014,1.31203137526657,0.26184299526037735
1531,0.3023493634105022,2.2402616199746994,3.183775095705049,72.45475610900819,True,4.0111993030300175,0.19480181350900566,0.04856448129163127,1.4001120608769217,0.26243321613868753
1532,0.4459595418373797,1.3314125155639418,10.243562518556015,132.99614645764,True,5.6651415220019725,0.32514042217264516,0.057393168539547026,1.3201013654621612,0.2803246344687542
1533,0.38916336516645006,1.075552408279858,2.443354031644674,114.38388908428426,True,5.527458013539033,2.0498776619175136,0.37085359253684325,1.2482053475019468,1.2202544350168205
1534,0.42186866446897314,1.3283571102047596,10.629084096981831,86.87997341168759,True,3.836682698778005,2.9630211228855536,0.7722872479992376,0.47862290612583935,0.4873254428268359
1535,0.344073908959468,1.3013824686577857,7.824520602311494,126.74119229383513,True,6.058489254382136,0.2776483403704608,0.04582798263934138,1.3214511523658912,0.2680665468437349
1536,0.2813079730083334,2.1792623778310913,11.466133499959954,86.12031388942434,True,4.715089643311953,0.1734765942257958,0.03679179132296266,1.3216894103663797,0.2730007414491338
1537,0.312646933982643,2.3862000965416987,2.965976457057094,135.01755670262781,True,6.059070306493568,0.1570058618255996,0.025912533422385746,1.310820421145162,0.28585698157292105
1538,0.33232953127013826,1.530787725633953,8.527887414652104,135.315633633776,True,6.059029096020704,0.21691533426718296,0.03580034537375685,1.3161524068119852,0.25707215577767206
1539,0.4429916411573669,1.2429676442626785,6.019980270199865,70.83808254772364,True,3.0992516155588996,2.78414364595207,0.8983277227234726,0.4120330659592044,0.43803002323966167
1540,0.35644140636685007,1.2605786147897005,8.108294489802883,112.02932578933917,True,5.600795539728844,0.34280467623651073,0.061206425730925225,1.3319889640580422,0.28717927980659486
1541,0.38234921605901123,1.244010714899542,8.716987590010232,85.93429079736627,True,4.11256823579278,3.467817437579693,0.843224291672136,0.4839356994172075,0.48425510131647975
1542,0.3490756157523947,1.4164760896645587,10.540095095294921,86.52088590379157,True,4.315256371651479,0.7081084781454556,0.1640941851791896,1.357295750097414,1.0292580082861384
1543,0.44019166255765885,1.6611789148957263,11.292872280159752,55.58042188519842,True,2.3109026170835523,1.4699391799257022,0.6360887598893379,0.41823816987159246,0.4121726812029989
1544,0.4360849238481117,1.7894806116630921,9.618142488130868,64.56061413838651,True,2.7774999500584086,2.086686545625857,0.7512822981624089,0.45828235834985076,0.4523969995161088
1545,0.28849687946405567,2.300854137698484,10.735943095242387,76.43027444930567,True,4.154265073097122,0.1754654659505082,0.04223742656356151,1.3423387479911528,0.27241564747545066
1546,0.41649313422802525,1.5012039743189662,5.27140270696834,64.2531857352958,True,2.9563177545456174,2.7015986915451062,0.9138390781542828,0.4131442519883417,0.4463951942749991
1547,0.39945705565416717,1.6190417882251584,3.370801061880719,70.42387674596749,True,3.3610421496117993,3.1961202793913643,0.9509313293677428,0.4385396031514661,0.4856055619210311
1548,0.28040843872711657,1.9461355228721742,9.479779274255538,128.91129826110793,True,6.059017973999772,0.16777876329789593,0.027690751870659863,1.2951528699803365,0.27669804977400414
1549,0.42740800138143004,2.325138464204512,8.082700256315317,88.6104603844978,True,3.943365702442326,0.23596517931362543,0.059838523007764724,1.3750889168384468,0.2604177476543965
1550,0.4463869967988589,1.8328762571319084,5.407206032081379,68.93662980333502,True,3.0071375649655336,2.7308162932578637,0.9081115294069239,0.45448798736767637,0.4874593439734536
1551,0.4446324910699717,1.6947419840281637,7.5030211659504715,125.2719542017303,True,5.420397052810703,0.2732859057903401,0.05041806036121098,1.3377518032849927,0.2664746913588565
1552,0.4327423317123068,1.928615462127116,5.794838355670775,99.78125075941625,True,4.44933608075876,0.28134379848222596,0.06323275953437248,1.3759627790037703,0.2696941877173358
1553,0.3697275309724851,1.3535509841421214,4.153761609996549,72.67300701501955,True,3.628610307060511,3.4170927846684567,0.9417083939875038,0.4227198882101706,0.46380420346041706
1554,0.2852246620199291,1.7689782867287844,11.504022533525273,104.52036384736553,True,5.700324688530877,0.1962987314039899,0.034436412332607184,1.303948473154736,0.2622671329044963
1555,0.34337220432752524,1.4993380156381906,6.377174752768739,127.70843289409481,True,6.058635391266805,0.23471661032557886,0.038740837691588134,1.3263668687576535,0.2575366660113376
1556,0.37039667132026793,2.4294149263664755,5.622572287955724,71.00097804253059,True,3.51834875568748,0.21792122901210847,0.061938495625208985,1.4022558920745922,0.261664671523552
1557,0.3185515590651731,2.3361746879804173,3.8754603343859073,91.78295289800195,True,4.9378567488437115,0.17746224790269582,0.0359391243871649,1.3571997664188258,0.26784688238771226
1558,0.4142304275931705,1.6155807607053163,3.6332395860268285,139.0966209778715,True,6.058487752667891,0.24258942397444996,0.04004125020598156,1.3432564772415665,0.2519845122850821
1559,0.4040642364374402,1.9362484750846938,6.0008091648294535,51.59453382896904,True,2.410821263039824,2.1109148228186334,0.8755998858899079,0.43935838318274456,0.4380867004227529
1560,0.44654559382308456,2.1046170496917873,7.364813969808832,91.45437403346702,True,3.950400198579537,0.2799911594697738,0.07087665689426896,1.3817003515407627,0.26919168336310273
1561,0.3671108017523675,2.3461816228483503,2.520312188395467,101.48164153861734,True,5.085937115417999,0.188231657466106,0.03701022116366372,1.36927878340957,0.2532035575041145
1562,0.3882376181302138,1.0844660220454845,7.775833802295179,128.69578760182992,True,6.0562032825583465,0.4223634016644876,0.06974062493590323,1.3225695132188697,0.31732956205578144
1563,0.3055485016521685,1.1684822370257495,4.3154365000462915,124.1186100163087,True,6.058942344078535,0.29292379468393753,0.048345697656326916,1.3423256393687377,0.26792835961796335
1564,0.4411046746962625,2.0791669448947956,11.207589036051708,93.32396022351992,True,3.9690708060846687,0.2612599954240722,0.0658239694347491,1.361611443735375,0.2623081122930917
1565,0.4130347821686293,2.215646197900738,3.2497284486206963,70.66830069349024,True,3.297679706027491,0.31017651357083525,0.09405901761893229,1.4368591841504363,0.2791588367962232
1566,0.28531647068362775,1.3083712263342977,3.6946268518441534,68.14395157403266,True,3.862445585692469,3.658656411206597,0.9472383053781361,0.43911336950035595,0.4732555101506679
1567,0.2999718265460083,1.8797289474910646,7.237693421241345,56.74004189196437,True,3.095807881024562,0.3723725624142835,0.12028283948002816,1.4112850275507514,0.30938570385774433
1568,0.36146453390990446,1.9022306372543414,6.784823052288186,73.36727831767226,True,3.666669798112634,0.2928530139498416,0.07986893559397781,1.3951301320818406,0.273115247717886
1569,0.3532521359611882,2.4710076871572544,7.281250389192497,52.51733009754238,True,2.6400610358839494,0.2425963152299055,0.09189041917308514,1.422228121753672,0.2647256533380409
1570,0.44406957091387056,1.141548684086529,3.018052270209001,68.22110123634671,True,3.019755473724505,2.8985546739054304,0.9598640350605647,0.37645552211563427,0.42466849072934787
1571,0.425108716451414,1.9843294534102556,4.247476673610764,76.68641503350938,True,3.491543070934141,0.364418593974699,0.10437178822405334,1.4216918700585923,0.2956740661592625
1572,0.2905965670104051,1.3128319155351424,7.331401560594678,62.78321623388665,True,3.474380130929019,3.0182131035464126,0.8687054927232065,0.45142461730539374,0.46758762444922297
1573,0.3716378368255152,1.7102567276462304,5.879341616239814,121.55917926235588,True,5.9687215319224,0.22856287448987767,0.03829343910039348,1.3286449884965688,0.2568087910107306
1574,0.44253661797982946,1.640016719853866,4.808605695208809,88.11656832777672,True,3.8802086568318335,1.5424200289586478,0.39750955821484724,1.2474155234736046,1.229610142252484
1575,0.36999762411827936,1.3506253184662311,7.682392564435904,128.1577176794824,True,6.058033318761362,0.28277716910302275,0.04667804784554073,1.321081703160547,0.26932865371658243
1576,0.3396085850501017,2.478933349626865,5.706534511105767,84.97181230266692,True,4.4098578312035865,0.18127641387150809,0.0411070879856533,1.362633645145686,0.26851599054935527
1577,0.306660301303868,1.4037179343935506,11.324216129959261,118.58693229493463,True,6.057994433172354,0.24185747438689395,0.039923687130270585,1.3034527124142885,0.2616201042306976
1578,0.350384077305623,1.2773854797298752,5.936540702630138,75.49223760065496,True,3.855690069424839,3.506423923364175,0.909415399118746,0.44416950929811927,0.4703502209273984
1579,0.42062982255679426,1.8499701327110494,7.072556297503318,137.5429853123592,True,6.057622154072767,0.22093752198281924,0.0364726482377701,1.3195572974924001,0.2558232827436462
1580,0.32452037341335005,1.4339661200526335,6.090673798249642,104.80505438697583,True,5.543422702906759,0.281515856212029,0.05078376145921776,1.34232470388381,0.26977170793739713
1581,0.3225342061028207,2.0701117847033235,9.640767302010385,78.27894302207659,True,4.08277746943562,0.2117209716698258,0.05185709318100379,1.360026119213407,0.2606202343653772
1582,0.374145740853473,2.2523126314947612,9.307815776504052,130.19190744533353,True,6.057959385384999,0.18012122270101152,0.029732986182700257,1.2984391999897382,0.2659088098265965
1583,0.40584171721037177,1.0881478828512252,2.1212686309324984,108.25794288181257,True,5.101584870158353,4.5196973790485915,0.8859398587067513,0.6290585022011417,0.6090927604941845
1584,0.3424386689642602,1.9522472892013214,7.309245401223354,83.13287858536088,True,4.267987862795181,0.23711377672776449,0.05555633810365957,1.3692459193535713,0.2624011213094537
1585,0.3411257923723199,1.0818208055130678,2.445595985309811,107.9396697288903,True,5.623442926924884,1.2162879164763676,0.21628883448835512,1.369357987336235,1.2115215003702517
1586,0.4390108543736627,2.3375215571877996,2.24022647544047,62.747282720832416,True,2.8104886790162644,0.4151573296942914,0.14771713289363117,1.4683923141481956,0.3151749977506175
1587,0.36954793787226486,1.3872333935691148,11.156137310437728,79.56863288324024,True,3.8153564368815327,2.8624228400030054,0.750237333616619,0.500308220219305,0.5094852744150979
1588,0.2962551266609124,1.661925107083273,4.958631967407673,83.54750532508717,True,4.634150883247937,0.25485116085611903,0.054994143970880274,1.3743789254902907,0.26508326761565115
1589,0.39523210487470856,1.786042926555484,7.1824601707827505,96.41875746488162,True,4.555690465253914,0.28386901532921616,0.06231086538786488,1.364210033411792,0.2708521828117161
1590,0.2815854033214569,1.7405204447572813,6.372399743606895,73.57419279846957,True,4.14570359266793,0.25224752271282924,0.0608455276829132,1.3795028515148844,0.2672103078559793
1591,0.32412611733607943,1.953730740375892,9.14783710785021,67.63074498245014,True,3.5226733347727373,0.25509541612271774,0.07241529142218207,1.3848024552691238,0.26488537415951585
1592,0.3816129611523525,2.1859734587031787,6.17559417339687,137.74767765507625,True,6.0587339840912335,0.18290494669377477,0.030188641253113078,1.3165315238037922,0.26189753348725775
1593,0.41795726678767553,1.9122221366934848,7.633578506577942,118.88579863602438,True,5.387812975789628,0.2328668099317358,0.043221026969223496,1.335264616789618,0.2583895429671399
1594,0.3135498325269144,1.1703432056862502,3.26854304913402,52.94917304894493,True,2.892112845036472,2.7636924474559854,0.9555963392642561,0.375242206711941,0.42192124086706784
1595,0.34717501226538944,2.056846007602207,11.846707144188269,90.46611008615595,True,4.485351770540727,0.20881485301882244,0.04655484423547208,1.3381770693792006,0.2586206417907353
1596,0.3020852672223149,2.097341944129232,5.97362140408191,108.98922298261746,True,5.938400272293114,0.17613127508609455,0.029659717602377355,1.3141530623300572,0.26995600144930787
1597,0.2879070192353211,1.5045987700559094,11.51431674014961,116.66182905949542,True,6.058171442928148,0.21748216554017907,0.03589897836154032,1.300756876931676,0.25985650476280053
1598,0.4080678966322928,1.5586499880961147,7.286994394413921,104.95584566477501,True,4.85047996962381,0.32804288786662517,0.06763101588316987,1.3565622635770809,0.28302604964407196
1599,0.3278725781381924,2.069383365549241,8.0772156646603,113.86338447331934,True,5.9305268020482655,0.18377817270747773,0.03098850723413054,1.307614803050014,0.2651628555697503
1600,0.43919130760402897,2.470594238311172,10.269987943012842,53.26139146296221,True,2.2431779489150907,0.9347773446292971,0.416720102424955,1.2676134560471821,1.2549317730674923
1601,0.36991345205576676,1.188456818068205,6.490188930721912,56.605606002995046,True,2.791103599534186,2.4462192202833584,0.8764344041875098,0.40940163579628797,0.4190213311461508
1602,0.3878948267540001,2.459341124153906,11.4999099657051,94.29086506126035,True,4.391440356049573,0.1899596361478869,0.043256795207568234,1.3386209516514955,0.26010800291346126
1603,0.2835331096024847,1.654039909853864,10.777328570589283,71.54791327089609,True,3.912341000330659,0.2782133449389564,0.07111173205900065,1.3654065471962884,0.2711043255352594
1604,0.3570567691724472,1.0088478311538955,4.465609853636567,95.86890935686006,True,4.86437836310975,4.496701160099896,0.924414349467914,0.453620599474422,0.43910813082062816
1605,0.32799599470160434,2.3136041347578944,10.696652599058934,57.074771402750955,True,2.899368921765205,0.22686248800506142,0.07824547138587046,1.3936387925515805,0.26247971247400725
1606,0.431208187487161,2.1684831108685034,6.504427736514151,92.28222516604224,True,4.114476718333439,0.2544745968941371,0.0618485932269928,1.3802815686357781,0.2635730082286236
1607,0.3316403299381431,1.8128976537773396,11.532944234310502,50.38512697461372,True,2.505007334212382,1.6117053405769755,0.6433934617934856,0.45877912419733313,0.4498246638385819
1608,0.32648572735308745,2.043312505029853,6.407004270362061,109.83251590112947,True,5.775878027176146,0.18757421378677863,0.032475445794426606,1.321980190523087,0.2628030128928063
1609,0.4424769128894049,1.5210143518851484,2.005728344841777,81.96912432312942,True,3.6434987344900946,3.521878055257535,0.9666198102166816,0.4267091860291816,0.46708578362189535
1610,0.29959293385577657,2.080066835947678,5.72081010150883,103.24342391488584,True,5.661329953350131,0.17953959837250025,0.0317133252878604,1.3252541738907562,0.26787907199711203
1611,0.42371582321764034,1.8466351576663986,9.976549517401436,75.04391109846463,True,3.3068742050714945,0.6749006002408247,0.20409019466352313,1.3914599461788937,0.6918295511081105
1612,0.3776918844193987,2.3149295295759167,5.693523432463276,52.46219073050948,True,2.565936481600211,0.36738731365996136,0.14317864697525376,1.4387359824651753,0.30313692637383083
1613,0.36623327931686805,1.4872948380148552,9.53666352361992,120.21139712993536,True,5.873251431794316,0.2639700761585426,0.04494445354911327,1.315489812679659,0.26512725601053333
1614,0.3419248766895855,1.867207150175801,10.847447812154646,116.43292077251148,True,5.865471856160229,0.20255895179160688,0.03453412730620619,1.3033750851515769,0.25949062079518637
1615,0.3270708776989374,2.39069586771555,4.286424379882715,118.16300274318279,True,6.057793711405568,0.1650464031462578,0.027245299362952828,1.3120584274224303,0.27815214293365687
1616,0.4041377424657616,2.374858516249094,9.898752386765137,125.34188090971934,True,5.745733416247872,0.18537632645297059,0.03226330096150312,1.3050541739874397,0.26290771920706657
1617,0.30609891282904256,2.1656003185601818,5.892992399586599,119.22767565201553,True,6.058440866853692,0.16908200064433057,0.027908500612656685,1.3080746174691917,0.27556597943964123
1618,0.37333069953858855,1.4750736719414683,2.164424861987848,88.96795561603496,True,4.432279575788964,0.5192687081177897,0.11715612682788804,1.4096245633429847,0.3477872670695863
1619,0.43794782326667175,1.0521822787559487,6.808765935546854,129.72435475862025,True,5.692387778262935,1.0400672618783762,0.1827119483760396,1.337892021665131,1.2086396914479667
1620,0.40310062330634355,2.2004010644982746,7.8656575025373705,56.086928348505005,True,2.5894285631334553,0.8445041496030751,0.32613533411446755,1.2799261581304306,1.2153080207471905
1621,0.3814922087972122,2.1385836221749077,3.89872726394107,124.76034233452388,True,6.045117872484458,0.19190591198949405,0.03174560298699741,1.3313646371903123,0.2546157372276685
1622,0.32955325384206513,2.153506669956678,9.613694969455988,60.36508422078694,True,3.097626681155905,0.2458385343459995,0.07936351266649821,1.3952804027295849,0.264153924124102
1623,0.35617282194219807,1.3426296515029539,9.280760603285948,113.35944894503942,True,5.638494289352299,0.30788664742189265,0.05460440884072616,1.3244225736957307,0.27676030941268426
1624,0.29339243194326275,1.1496459717831016,7.728129546433706,78.90861268641648,True,4.345564803449652,3.794130594984023,0.8731041341213269,0.48281967022975847,0.47815036867448324
1625,0.3754622384003603,1.4977547581642747,7.137103700564167,117.55051418634156,True,5.722535411509831,0.27612334290609364,0.048251923850173496,1.3314955833680817,0.2677450580864731
1626,0.3342492953914164,2.230719450051396,4.220286046179361,125.50790088930837,True,6.0586254989946955,0.1715805009089461,0.02832003743050571,1.3202243427443285,0.2681299242720194
1627,0.4419599555296782,1.5230684847847638,4.231068048846488,87.70332006266679,True,3.874403872758709,3.3793414322125486,0.8722222935954121,0.7749936620553113,0.8118771945004029
1628,0.2950297535166747,2.3096859198004465,5.714252476237942,115.90387496928204,True,6.058247322743579,0.15832419645315188,0.026133663420900437,1.298366842303416,0.28897339439504854
1629,0.2900528099123321,1.775011568553413,7.543946979069434,78.69632178835913,True,4.356966330077273,0.23646283398954507,0.05427235743301034,1.3650080708536958,0.2638572113544284
1630,0.28229763713322453,2.1996634970348836,3.1947777126178183,102.82011867952403,True,5.809206664517209,0.16729346337799234,0.028797987924896067,1.327612692064723,0.2737757698755563
1631,0.36123089301737876,1.048750382946779,7.293486542262615,118.26381218680478,True,5.881343000480833,0.9760627210903763,0.1659591560993089,1.3299365016962597,1.3606241505472028
1632,0.3533964016659078,1.6861872959612696,8.543629662006522,67.10034275707577,True,3.3557505633422124,1.9124434044768235,0.5699003452068545,1.1308945780563322,1.1343719543333899
1633,0.40268010572589097,1.5167120000280379,6.217756566407041,130.1822763119317,True,6.05055146382667,0.26545918132794666,0.04387355151261817,1.3270632463690455,0.26339691101414076
1634,0.31135454970420584,2.4448097009399885,9.4124717205518,83.08657100370581,True,4.412633659872324,0.17051675321176105,0.038642852852800565,1.337383347980619,0.2750419293829087
1635,0.3648391539706003,1.2180649886069261,10.320385040066721,70.63169037023506,True,3.424599509614347,2.6217680543911164,0.7655692430693481,0.44261111959888755,0.4524085633443482
1636,0.4230329990319543,1.054865660621423,9.659822350409854,65.31982207801371,True,2.877749367906496,2.187166580889565,0.7600267783155431,0.41423141739534985,0.4126548929544418
1637,0.2979586621695225,1.0612900167346329,9.635682540412184,92.33418719464889,True,5.002203629273106,4.1342849056974105,0.8264927244271707,0.5514975187631492,0.5156997758588666
1638,0.3152036106859678,1.8316910912771258,11.179200362040659,116.53785569372441,True,6.054944237723973,0.19454805392766938,0.03213044518487575,1.2953400789807268,0.2615410246968368
1639,0.40045740528141216,1.8646415609761549,7.96062280880103,85.13466208130242,True,3.9707000303732727,0.2974491280710285,0.07491100455731638,1.3785956939587818,0.27298905459650813
1640,0.3024015367861195,2.4569854491968046,6.429409368866927,51.66750606172164,True,2.820466469069749,0.20332374672103035,0.07208869488460572,1.4170935916111822,0.26624264802739095
1641,0.3280727548452861,1.2762322515539828,3.04212366161668,68.38242278374165,True,3.6532511353279298,3.499857413449721,0.9580117226557874,0.4108595219160387,0.45158128074212556
1642,0.39027759090199765,1.1043262432703482,10.86650343812153,114.68603839642452,True,5.359451378993809,1.3981504739625596,0.2608756708648508,1.3161252095623595,1.226408132176906
1643,0.3321351591933434,1.3895452042896181,4.852834393962569,99.20188561954413,True,5.215531431963649,0.33873390308027657,0.0649471501608309,1.3609548514718193,0.2875685816652944
1644,0.42182729656698603,1.802681789216596,11.15015543758239,79.34180605891262,True,3.4784570491552103,0.5635940611080519,0.16202415414182797,1.3803179983303164,0.3792883019812119
1645,0.35592023745815393,1.1900486808272053,7.326253340059647,71.63698782671341,True,3.6006573393294903,3.1440642718190084,0.873191746817122,0.4396382606127536,0.4553635271541805
1646,0.4161292834311283,2.4825570214262562,6.489982525094453,72.18649680913975,True,3.3018810234178986,0.24315370759422486,0.07364096582212024,1.406350987720467,0.2628602176299073
1647,0.4120165728722426,2.145614726036148,9.543729238559404,94.56381611554103,True,4.28670609812677,0.235479854693703,0.05493258677020203,1.3571679886687846,0.2598763409245879
1648,0.3037630419078133,1.633897487849933,6.6600024094490955,79.90929128266296,True,4.357742493772764,0.2826358708040358,0.06485832313587227,1.3729943960793012,0.27240352030691106
1649,0.38393422574130437,1.627549463133404,3.9295332687715967,129.0022679211575,True,6.05799383943582,0.23695055187366326,0.0391136997088347,1.3400053745253455,0.25307733890341355
1650,0.3346535188705191,1.2954142033319491,3.1986415212636365,136.61780617508407,True,6.05915415459529,0.2526262915605345,0.04169332634802526,1.3488267380608563,0.2506922624172834
1651,0.34555776647654246,1.956170796406849,11.335670029474878,108.220049847333,True,5.410048358098722,0.20250564145774122,0.03743139211585693,1.3134414926651776,0.2596647346137595
1652,0.35547076979755743,1.0059924200166765,5.186423974978389,110.46845224643278,True,5.591985651599876,3.8480726646267533,0.6881406542103365,0.9711846964953179,0.9747564586599995
1653,0.3307016926185633,1.3516662879649959,5.190073520383819,105.88435768674185,True,5.56552535388351,0.317767711971585,0.05709572623721014,1.3484755496021767,0.2800410635436794
1654,0.36649498629623545,1.613611262873249,6.413775565257598,123.83298626965941,True,6.056411431041834,0.2359002724753773,0.03895050314222086,1.3240817186536238,0.2579964220670119
1655,0.3846512775411493,1.629794995257106,7.5899856434445265,71.08574388257796,True,3.405935500282455,2.836060330350244,0.8326817492918022,0.6615749492382226,0.6755336614022482
1656,0.39984893450717734,1.032317655787128,5.251790933879104,134.16876435802004,True,6.058229913634428,0.46106369134896835,0.07610534725849798,1.3376704214130286,0.33115008188049444
1657,0.37229286489157676,1.3977250403609285,5.246613726781608,121.90727913917335,True,5.990774207158624,0.28880237361757216,0.04820785488334217,1.3353312432100335,0.2694780736786826
1658,0.3012601280448811,2.4103154399778024,5.556037665594807,128.24316886675422,True,6.058951131598965,0.15254336542194594,0.02517653008065928,1.2911264053567386,0.30163632349186553
1659,0.44743962593702097,1.7239731628201098,10.401030586568725,77.20762849098713,True,3.248705109885526,2.3705663013488345,0.7296957468178347,0.5414171286333316,0.6553991657797438
1660,0.4318929861565981,1.2251363094815095,9.133969530468349,106.0097435626146,True,4.659162475867597,3.2228319236035445,0.6917191534522331,0.9823017176051962,0.9764641917382506
1661,0.311566600364339,1.5189250339605915,11.754640021169308,67.36884333027912,True,3.49876973213014,2.140649801936444,0.6118292902440202,0.9694326950002168,0.9682152513851676
1662,0.3792020856118797,1.7055164629417985,6.046696705924414,122.7654844137942,True,5.953443792499756,0.23179720773144669,0.03893497878042765,1.3284515337851652,0.25719574645900956
1663,0.3981780966825472,1.4503561789031079,5.342395400332414,57.5430387283195,True,2.7289188095003256,2.4776326955580417,0.9079173359546394,0.4052175074315598,0.42981103041044877
1664,0.33519901872924385,1.1207809064578407,11.57105977983151,74.28090980223351,True,3.7409730126083627,2.7516485149640713,0.7355435352487365,0.45101860201127364,0.46100472452106356
1665,0.3112517421895323,2.2983373513527825,11.549321070871867,117.2367686634366,True,6.056716119688511,0.16183321803222386,0.02671963070980892,1.2771300634124572,0.28354426329402704
1666,0.3546933184752859,1.380463278073168,9.420968897096127,124.04853515672315,True,6.057303134607526,0.27141794668446134,0.04480838099941773,1.3120924149376436,0.2669029555559965
1667,0.28482865586202794,1.1081164241924033,10.258162458274734,69.2005693882783,True,3.789978282809507,2.977483366344652,0.7856201656484022,0.4529613117470306,0.4615791683364052
1668,0.40660664862449997,2.4951736853191724,9.621584738914805,106.10882609862323,True,4.854894451883116,0.19015647450948805,0.03916799353603459,1.332400250322471,0.2614011665228855
1669,0.38740296637940597,2.009581223641581,7.539819686452802,97.7244197750081,True,4.668233766826142,0.23312885768432837,0.04993941377593628,1.3558024588430264,0.2600930499150462
1670,0.31224385478285727,2.2638342166847187,4.8720310688653345,110.66789820779422,True,5.958528590453691,0.16949522473685452,0.02844581882319187,1.3150595651984553,0.27457292301820146
1671,0.3255410712633885,1.1152353929228291,11.09028933863036,88.30013111991082,True,4.5507559142664045,3.563400596915206,0.7830348768529012,0.5067017591053107,0.4956213829800249
1672,0.3423425739964715,2.362393383746654,7.882744663042728,109.26235446522949,True,5.580808694460787,0.17334401668540075,0.031060734416044896,1.3127813080322035,0.27188765324674113
1673,0.3737641479461637,1.3841363878686885,6.987718744276361,93.77242520122762,True,4.592576723325271,0.7268850652741322,0.15827390788755916,1.367244236844102,1.0313756314415556
1674,0.3081908517484538,1.3036576295605953,8.781391051293472,139.56994985645503,True,6.0591242094028726,0.232279738275163,0.03833553006137403,1.3189629126187388,0.2583235600814797
1675,0.2821051012090599,2.419282745820942,2.2701038489287253,53.414492218903575,True,3.057982927976265,0.19642214850899967,0.06423258505206547,1.4440227849689031,0.26641393491146204
1676,0.35714102877409687,2.4771293808843082,5.0641660139308815,116.08107889050511,True,5.845513313182318,0.17038495216584085,0.029147988044369483,1.318035537707189,0.272844936274228
1677,0.4434034919330234,1.2368819915958862,6.319226380504956,138.38646430779647,True,6.008087633929902,0.36931124198413146,0.06146901717919255,1.3305979842524676,0.2981970229715811
1678,0.39557353206788304,2.433527249959691,8.981866134621624,103.15223731059878,True,4.824440586186446,0.19209852344353298,0.039817781981512645,1.336754694107626,0.26133956501097977
1679,0.43531710895634534,1.1996195676749213,6.741873926051746,96.55477442777688,True,4.270096047999795,3.8225496735911566,0.8951905602642641,0.4660307069997134,0.4716668234258079
1680,0.3189815468456884,2.0707157276750037,6.147908034510454,76.58918108365307,True,4.094615094194309,0.21637161422053833,0.05284296795743469,1.3790787784991698,0.2620141781842569
1681,0.4456289635384647,2.451707916319598,10.754827141683409,68.79761911601031,True,2.8810969787055907,0.28481472713685846,0.0988563485512449,1.3979658171759421,0.2695812982048764
1682,0.3579660879071471,1.6385665408214427,4.74596916251622,65.86057903800287,True,3.342703017938594,3.091056197919753,0.9247175657937963,0.4731742431757713,0.5159574675159946
1683,0.3555774028799346,1.4659029496752987,2.329508577149289,123.21603471343929,True,6.058131773894431,0.2550868958079716,0.04210652810610468,1.3526065002827559,0.24747873812692944
1684,0.3694187464670134,2.0983023714715525,4.891037442453416,124.50506476370671,True,6.057069596461631,0.19037270254298877,0.031429835749980345,1.3247034757500127,0.2576681243339096
1685,0.29431412156765474,2.022728408101864,3.599696925124962,81.49961923164098,True,4.551795226721485,0.20042294803408406,0.04403162665523563,1.3801707148697515,0.25999186254607887
1686,0.39661193672744055,1.51367619280441,3.5469455511130312,87.37133606460668,True,4.179614512650917,1.076497875364326,0.25755912946181203,1.396740016449146,1.2179664147172269
1687,0.2899062856194853,1.6054810588932982,6.879915869314938,114.0678057433363,True,6.058158530711666,0.20863860274357143,0.034439277494288704,1.3188381021898543,0.2587096297521647
1688,0.4096439216178406,2.129567517170112,9.502808317018811,93.42133322089376,True,4.252743335357091,0.23776122839526354,0.05590773052738189,1.3586317163893376,0.26022780246368304
1689,0.3154621080571656,1.7013361221750456,11.94293169864653,127.47904901357359,True,6.058677426673296,0.19849231253893695,0.032761657134125606,1.2973715134956572,0.2601406672136273
1690,0.4186312624082011,1.2373066878835788,5.685450652547187,108.01949503885157,True,4.934556714809226,1.6445596530761473,0.33327404022748724,1.264355268098222,1.223545508774027
1691,0.33454303386917894,2.0322678337567828,6.31083965796276,105.95858764732927,True,5.514471120164238,0.19425636813972424,0.03522665436208481,1.3319966801474368,0.2608340994108165
1692,0.2961653213783502,1.9282060677425004,6.763257471607021,102.17376551183547,True,5.612286881603545,0.19001157363113713,0.03385635439520635,1.3252985893825984,0.2637033095514201
1693,0.328325501654496,1.0375171660596543,8.31741805288236,88.09766725869878,True,4.598184829250685,3.9703405217334726,0.8634582273589195,0.481468785266534,0.46288347196907553
1694,0.3173664306488341,2.46208904503704,2.068225439809959,73.00746920291158,True,3.9659161357309496,0.18372078101344394,0.04632492839629418,1.4085921922727498,0.26018445721603234
1695,0.33989264365114535,1.983711891710106,6.716915133753116,63.40726189072868,True,3.274840832491453,0.29321592518339334,0.0895359317235332,1.4084039143220175,0.27478055984669103
1696,0.3861942948319602,1.939371270837131,10.307734869428566,73.41263361541814,True,3.4399288705142363,0.32105413487689766,0.09333162020553731,1.3838236170186708,0.28100690560073316
1697,0.4492555482585296,2.0576153043524403,8.428125984395912,85.0402833038486,True,3.6295882350428825,0.31145827457579833,0.0858109114330757,1.387319654065624,0.27707846255426594
1698,0.305354280921373,1.3685636463556445,7.996840992268241,119.18500146918024,True,6.058426689095979,0.24758638659304735,0.04086644921174931,1.3185855703790863,0.26184458241635555
1699,0.3101943210930277,1.3321074693336308,3.057221439336293,79.96288541949754,True,4.376558454813121,1.8006161555474067,0.41142285065727363,1.240832988083656,1.223505686741976
1700,0.28268538358516027,1.788502004632438,9.957534641958429,135.79791838084975,True,6.059077168670294,0.17657817080028948,0.029142749941083977,1.3002267828100513,0.2696152327093655
1701,0.2809447775498797,1.8956703807141269,5.147368546074999,61.34224760799461,True,3.4797385441762296,0.2636330119420848,0.07576230472352789,1.4103243872739872,0.27241611257346054
1702,0.30265892895039803,1.183158945304309,8.734160318800992,99.75713933853002,True,5.3913783700864455,0.40809705337823043,0.07569438191215042,1.3350878693956925,0.31247924601414656
1703,0.3872412627255866,1.6561706344354716,3.0674909759246196,74.78634829396431,True,3.6430856853702,1.7227854801985878,0.4728918364772206,1.2281431971693255,1.2245950655455977
1704,0.3740410941993968,1.87360743073032,5.404382468713303,59.90139109725805,True,2.954237903626793,2.3907875156434737,0.8092738613597791,0.9344588157075,0.9548323194771364
1705,0.4038740495740061,1.4050476618139687,7.257550561040034,68.49349688916215,True,3.183692514549832,2.7487489449709837,0.8633839268110512,0.4390877789652836,0.4534745231085999
1706,0.3772761784505133,2.149331253334873,3.479925121970317,132.6262441080019,True,6.058586666938012,0.18576584832091622,0.030661581410504374,1.3333364514104806,0.25406783715431835
1707,0.3916373024921476,1.743441481622968,11.722530394469212,73.14717189029413,True,3.3520474822614443,0.6490306837511588,0.19362216292750514,1.3814724501877729,0.41667919816760035
1708,0.3835931150590756,2.213519681674174,8.952996399962261,73.1226953020398,True,3.4775568833282318,0.24408549293490098,0.07018878515117097,1.386517156666578,0.26122626998092136
1709,0.33805024718943816,1.898022871050186,3.3950831007441176,122.54468924764193,True,6.058411027915274,0.19430198300645893,0.03207144284387042,1.3364484483890138,0.25170578810873456
1710,0.3492153211117637,1.3322570515532552,2.4063858586897897,98.13473369944694,True,5.0626196950441695,0.47763216382113577,0.09434486344860012,1.386133294106631,0.33527352486151507
1711,0.42317389645868986,2.397190175018136,3.5188915875488873,112.30621068938322,True,5.118037928897072,0.19936495132591647,0.038953394659363,1.3639321115775727,0.2537882178813988
1712,0.2901828454280472,1.9652848742388789,7.800022012366277,67.30830788359452,True,3.7174375416979215,0.22705707082339494,0.06107892016383084,1.3827866805427056,0.26358416562104114
1713,0.3215047155361834,1.5629441719520025,2.429302453978069,88.7748382918534,True,4.7792037045696345,0.2960281115522266,0.061940885940722584,1.392455434029507,0.26648582080624106
1714,0.44224516340560915,2.3055039413346945,5.538924891558011,107.81994446964237,True,4.7282902473543125,0.21954280527655834,0.046431753084405565,1.3646007260101554,0.25692536442416625
1715,0.4413115185835042,1.9383206822261276,3.7245738916211173,66.59038595103101,True,2.954463299390764,2.7799350530040914,0.9409272586250567,0.46612869595301376,0.5156117205051562
1716,0.4399250817589673,2.2597341155078663,2.0324119645249055,93.87304609728946,True,4.183454787816714,0.244772455649573,0.05850964527270923,1.4147325747021982,0.25130456219217523
1717,0.29065487158116404,1.9198273908988328,10.116595168670726,94.92947339828777,True,5.17885605660462,0.19274483497522255,0.03721764669041421,1.3220871596496653,0.26366459111603735
1718,0.3344477781954938,2.1134873938432794,3.008867824049501,128.0074969522937,True,6.0588436750681804,0.1765750560102547,0.029143358944356275,1.3320937551996783,0.2572980322928675
1719,0.29716778554154794,1.6815038193789256,2.2166106385321775,113.22010773321412,True,6.058161569200107,0.20428642933585595,0.03372086184931992,1.3466346945905578,0.24287419885242612
1720,0.28007965424440284,1.3430108660460314,11.908011126394289,59.00891787335527,True,3.187256355698291,2.1887137591917685,0.6867077871783698,0.44946453212887016,0.45089072113348383
1721,0.43861532853916246,1.2182822196597005,8.007872035730529,105.60810527490762,True,4.614178115384655,3.659656323872935,0.7931328683803645,0.8189936834378182,0.8098978666725665
1722,0.36316326783220687,2.1845288553055537,7.10688827531962,97.50551996238266,True,4.849590839839817,0.20160307097013477,0.041571150562630506,1.3480381653398248,0.26015894355216895
1723,0.40749458110240455,2.202842496370881,10.99922790285989,92.20442448443976,True,4.168334725008395,0.22624481181201692,0.054277025895889695,1.3535613916402025,0.25812764545444855
1724,0.30652626591770893,2.1444896142655194,4.0519907113038185,111.56236367919169,True,6.049895464668195,0.17362305295099997,0.02869852115048442,1.321002177300476,0.2679286255995863
1725,0.373044395484163,1.9318546764331206,5.021521081682624,108.75572736374036,True,5.360242256743801,0.21857144381390367,0.04077641146515639,1.3496955720703125,0.25639912071734194
1726,0.3284943995810449,2.28338717286225,10.076273221673599,101.30861977648283,True,5.231236283121185,0.17419953291695014,0.03329987855433191,1.3144812391460126,0.2692325234065227
1727,0.4384410760860917,2.3212222543937977,11.966264543685321,102.39787469448041,True,4.360547076797577,0.2183350526425938,0.05007056426574368,1.3427634739247325,0.2567287231853115
1728,0.3578033385947862,1.9796950945713754,5.111251343415269,94.19514146828173,True,4.763149832190739,0.22385466679217098,0.0469971919168481,1.3669485005063664,0.25870052446188296
1729,0.40696030765760494,2.011259888982916,6.328598547842016,54.248244408269734,True,2.517513861869719,2.1834596835279103,0.8673079090441586,0.4617372562115394,0.46098522021469224
1730,0.4072661501130854,1.1089067491853788,7.812899377485054,55.55710758995594,True,2.5478159205125595,2.0798279129355985,0.816317967161924,0.4054172246173704,0.39806147937670877
1731,0.30326162276265056,1.0268732227400952,4.703697412974037,138.6089538347795,True,6.059187111358674,0.3030845341870749,0.050020659309052626,1.3430300459871956,0.2704797713640099
1732,0.29467873758889523,1.3622689304998408,4.3437926095739225,85.33746180106336,True,4.752773818647519,0.3835555138955539,0.08070140270312738,1.3788897923751873,0.3035413540128804
1733,0.32423621822004645,2.0359773474628566,11.016780210266955,50.32819631373811,True,2.547456830773913,1.022615360512296,0.40142598224191584,1.2713547056728913,1.2646222532885325
1734,0.352258028500883,1.3288273978779532,9.00966075608548,105.7428128554499,True,5.301721371915512,0.3352777902332613,0.0632394210697884,1.3355727133795878,0.2848802416258014
1735,0.34598480138666526,2.1523794440290183,2.3222572400869015,84.89315387950789,True,4.410818917941146,0.21054603545622133,0.04773400118509029,1.3989620508154066,0.2516692536853933
1736,0.31167247651179636,1.636169578356184,5.501382325580517,127.7728565264513,True,6.058996619420089,0.2031189176604337,0.03352352384706799,1.3278093477858937,0.2556963337826734
1737,0.38644419863520707,2.347832231498759,8.632023036102783,120.96648175102264,True,5.743945975372779,0.1833021826617952,0.031912240025882034,1.3097904573796004,0.26421409330040424
1738,0.28551486862182685,1.0430260307675545,4.946415367270321,80.71352508150706,True,4.547818485265536,4.223187013884912,0.928618199597808,0.44542500938131946,0.44580087402524704
1739,0.3637855022871512,1.6085874719104667,4.1581762615985465,128.07908941680193,True,6.0584557342308845,0.22977464318944543,0.03792627251383477,1.3383054720052,0.252829703830161
1740,0.3377696726449347,1.7341182197554734,6.582118054299173,121.4871803333879,True,6.058032264338714,0.20945492232661742,0.03457474526169121,1.3205525051829459,0.25701660040885654
1741,0.34850184865769196,1.6678263682367516,7.487310767944171,52.15220613110151,True,2.637353225228916,2.194535466856509,0.8320976674127633,0.4426396709562699,0.43898056679341213
1742,0.43209920075563846,1.202824480769607,10.636131936884793,75.40872935315709,True,3.254829517541739,2.4204965240138545,0.7436630738933363,0.4342585449229892,0.4400282043740713
1743,0.41164385544048865,2.372536585084772,4.242193912386086,112.00877870185022,True,5.19466537139639,0.19647105055116815,0.037821695240083254,1.355425546442909,0.25628512989014807
1744,0.28103523950685055,1.0043524314543109,6.956069818411771,114.09326769077798,True,6.058400110355144,0.3931481710341277,0.06489306811581338,1.327895625175068,0.3052287655118775
1745,0.3211426508334376,2.3672758155238043,9.678627946876722,66.43550976884495,True,3.4594027707953514,0.19557773519048685,0.056535115494956246,1.3768122451196554,0.26307376886765077
1746,0.31669306731770874,2.485278101545878,11.182011269575227,120.33254554179705,True,6.057762448132228,0.15530818996401285,0.02563788053655002,1.2691894496078628,0.2976860813681568
1747,0.392284559551264,1.1484566769890538,5.774360289762342,75.77340563788934,True,3.6233853377144944,3.3070410789692715,0.9126937299622784,0.4163330919745696,0.4484196289552185
1748,0.3245479088060244,2.09311102549349,6.281015541305796,98.42727597115517,True,5.204951300899694,0.1913674171260546,0.036766418370326744,1.3398385020913497,0.26278361024085806
1749,0.42384252983661985,1.3259564611566845,8.930680703030795,84.07660776110056,True,3.743832859832387,3.0967526806124543,0.8271610396493762,0.4675112260044334,0.47668629509059146
1750,0.3797268321273106,1.7260738192546259,11.277006682637712,51.8662141506517,True,2.3946915578293986,1.5445789099218723,0.6450011922712555,0.43275806252104587,0.4236086824565306
1751,0.33381433618260425,1.1219091537038768,9.580942146519856,110.65757691377999,True,5.6868890277348125,0.44936758489707906,0.0790181736808165,1.3234552905678592,0.3284819043201952
1752,0.4037598903547212,1.7961037806327966,3.774631940530918,119.57105556439461,True,5.618543302611881,0.23825230353700808,0.04240463954887599,1.3532891901781055,0.2543470605814311
1753,0.39721453240020665,1.488461387772626,8.213783076521068,98.78146015976276,True,4.6289307551641174,0.38729035911604637,0.08366734773121813,1.3585994506477124,0.3041093966516537
1754,0.35510756895969664,1.283479537430302,6.669865321172956,121.12009819827239,True,6.054806656240179,0.3130009656988938,0.051694626016886944,1.3263021305380778,0.2787185781320134
1755,0.41838112948178235,1.8655151698487156,4.963313635138554,80.93827833578649,True,3.716754823840575,0.3714415266874139,0.09993705377197792,1.407922656059689,0.2983549520420863
1756,0.4363914612565072,1.0633583673580063,2.0520014920047585,79.14870222504749,True,3.5572497098410176,3.4522116057219616,0.9704721026953853,0.38018992846716326,0.4227184554725709
1757,0.33366797027294726,1.6878252304362278,9.879995223332884,101.69469798015615,True,5.2204179307337455,0.23733619643114773,0.04546306437151276,1.3293344499531008,0.26124406922686827
1758,0.3132171568371175,1.6659070853477247,5.094169493936315,77.46683393545855,True,4.195442925799652,0.30147875329989887,0.07185862342351779,1.3890974782119954,0.2778764112914831
1759,0.3781662709768372,2.314196101293234,9.400564887047206,50.273303552411974,True,2.3769389696040037,0.5506961384921933,0.23168291047200884,1.4202952354829574,0.4013710638756387
1760,0.42257388505578286,1.0456019526920248,8.049573517122301,50.889558877078684,True,2.262465720925613,1.776758593878818,0.7853195641576023,0.3959317007124348,0.3818961687774216
1761,0.3657682336392083,1.275278241098687,10.098090405580407,69.56033938065062,True,3.3723574877114406,2.5999528934905847,0.7709600488573862,0.4450528720629934,0.4544432369856155
1762,0.314126649100508,1.2022812339313995,5.715101687741722,114.2050450374489,True,6.056643507188447,0.32826940523297043,0.05419988890601823,1.3320709541320817,0.28354521543533373
1763,0.3110786228720145,1.4009279718432248,8.024374679884595,69.51277288279535,True,3.722360137794635,3.1695169440494286,0.8514804658120086,0.4931726721632277,0.5041235045139918
1764,0.28732217788879133,1.4416447292489074,2.142079890245869,94.89170132878729,True,5.356255979147662,0.2717821411883262,0.0507410665670939,1.3753410248058184,0.25514078546221297
1765,0.41989550437828005,1.6727407478766632,10.85363328348255,112.8622176967686,True,5.015682226510043,0.276761696616658,0.05517927255316398,1.3334848808967896,0.26688280197818504
1766,0.3524729746799398,1.0668923426082255,2.791401573695612,124.97236773297342,True,6.058471640076236,0.4697800293314916,0.07754101318622005,1.3535172443140842,0.33184875074629216
1767,0.38629870368952635,1.758469148951056,6.65667329138949,98.27523291635788,True,4.722139329540253,0.2764751595331928,0.058548708591389734,1.3619433153949374,0.2688592646629191
1768,0.38681919548705523,2.1561026278499518,8.041016713404971,85.84421842694917,True,4.093100420525531,0.23384848203197312,0.057132358849370304,1.3703044855889939,0.26086176865081434
1769,0.4308556419694251,1.9990049007322896,5.229422105968231,89.3319849991629,True,4.0083220696246356,0.30133973427008404,0.07517852334114045,1.394488386153657,0.2761713319473129
1770,0.36068123106548344,1.2528708298605191,3.2610254120845426,86.30563230764129,True,4.375824100779803,4.1476491872557935,0.9478555562863354,0.4636341421893606,0.47274215165809297
1771,0.3929112304979214,1.0009324376406619,6.966271571039492,76.13277955832552,True,3.614505225484108,3.1969687919577825,0.8844831014263085,0.42277355377829773,0.44154210571623365
1772,0.2915446048520401,1.9747539077620642,10.492600777598113,86.01917986638213,True,4.673616310178866,0.19473094351095696,0.041666009913317925,1.3355674834067033,0.2627870566714523
1773,0.3447838592192029,2.492673224329222,11.736619247371667,117.71314298181758,True,5.867274232508555,0.1623916824361224,0.027677534064517686,1.281111510229171,0.28187500569685087
1774,0.35662929515759056,2.084998423094404,2.0138253591022472,138.55953895878275,True,6.059099465401076,0.18042134483596808,0.02977692409015855,1.3418467997181236,0.24341280928658415
1775,0.4214961457325015,1.2938079127992141,9.577140488365167,56.252196420337235,True,2.473763581172761,1.8095847749789815,0.7315107994762758,0.4107356668738924,0.3976937678305066
1776,0.3089620058342797,2.0994664228825086,6.271792910477433,122.73943146986441,True,6.058670789908711,0.17193565118159873,0.028378444240273595,1.3091572971070136,0.27236914186994854
1777,0.42030631419803866,1.7813894990496735,11.925210400836157,51.72870233986751,True,2.2014323627309524,1.3146418302011171,0.5971756627445318,0.4203433184758296,0.418616698476618
1778,0.3704672753638414,1.117351488435048,11.880967333761769,133.20966289777033,True,6.058314827731599,0.32645232406718944,0.05388500488169946,1.3064257776131178,0.28124109554295007
1779,0.3613124696037942,1.105982481015827,6.558850562577268,55.50566652287771,True,2.7727888571041603,2.4229446253852225,0.8738294728707517,0.40551048667841494,0.4142684507014498
1780,0.416561071771452,1.5639949138004492,7.850222360657886,101.21592013045077,True,4.599191640848899,0.35629164278341463,0.07746831847990833,1.3610341883727486,0.2923767142938094
1781,0.4451302788932206,1.1162516820143253,11.553414361627217,63.16435201160934,True,2.612928375721084,1.7144968869042148,0.6561591595219555,0.40882966856089187,0.40101859774213366
1782,0.3764876429827752,1.367271552736504,5.2327472985780625,126.33504857747945,True,6.057387149875835,0.28908025130538184,0.04772358843058388,1.3340976762428323,0.26914932424421245
1783,0.36498891025784436,1.9611832372234812,3.788452950313192,91.36954515623609,True,4.590171836057098,0.23610444232401995,0.05143695067564852,1.383680415826865,0.2582143658442786
1784,0.4068934426018449,2.4503254513906745,7.9564431189812375,116.3229699033624,True,5.361850718621061,0.18727765853462847,0.03492780167941561,1.3250230725094205,0.2622875184056346
1785,0.3527241283627096,1.2912153394584305,6.1261726580778495,50.940730346959775,True,2.5847590552439095,2.276530361187667,0.8807514791636327,0.40553438647447626,0.4113281224251679
1786,0.44984258037319935,1.7232070207741526,3.013303527056533,89.83562887164514,True,3.9268969762792576,0.5949806911156176,0.15151420949152655,1.4191175056610352,0.39419132618071817
1787,0.37267309459644604,1.8830493315801187,7.947207594132971,67.92193834299951,True,3.3083959372007072,0.4053326413730233,0.12251636414351978,1.4013532358566545,0.31347399990995495
1788,0.39721506290835507,1.970816085813013,3.6859564106411886,122.0115076827208,True,5.790831402039068,0.21290143895812422,0.03676526290908027,1.3456472595223983,0.25145658573685514
1789,0.35634225628582716,2.1310341063539617,4.614034583962695,102.46255431636223,True,5.193152192761387,0.1984155850843082,0.03820715775687742,1.3531909671595947,0.2580676950428833
1790,0.30060516009458477,2.0331630287028353,5.067146386535404,61.79908807694815,True,3.410989071993007,0.24712862739587318,0.0724507238750778,1.4125729290287374,0.2678637421112344
1791,0.36288080426919583,1.637186938131101,8.056410336772283,128.87614403654715,True,6.058303117807597,0.2247925990730879,0.03710487816503258,1.3160562726717258,0.2574593383040731
1792,0.28462956308430487,1.7394836464166645,7.742481247164335,75.58045985933936,True,4.211955581901713,0.2462478340036603,0.05846401492498136,1.3691529918365402,0.26540618624464996
1793,0.3692724871464588,2.4072628864073446,11.41320801632847,113.0447421094679,True,5.441106626832278,0.1745526785525549,0.03208036352233306,1.303634811021197,0.26718567174595975
1794,0.44472018370074207,1.1350202045098619,8.810388334208424,74.91537080766135,True,3.208624030675792,2.606767571202026,0.8124253718354767,0.42807771499553393,0.4369437678038466
1795,0.2975729975001065,2.1276726877797327,10.56655029985194,70.72894275473038,True,3.7936860314234586,0.1997004094892802,0.05264020475999935,1.3625431480369277,0.2623731724511571
1796,0.3162042800229429,1.3191979036806667,7.878697055027593,56.06037814949549,True,2.973088669385546,2.482666691571662,0.8350462995389774,0.43102171946793044,0.4373225340316056
1797,0.3292011486341081,1.1315058699479157,9.647366845333774,113.4378111597217,True,5.864565120906794,0.37786777938955063,0.06443236141116014,1.3181283181560266,0.3003189754447577
1798,0.389942921689089,1.8943804691146247,10.911020125717169,65.93198070787969,True,3.0409237598231824,0.6336098480909251,0.20836097782595084,1.3947981665740583,0.4133435816645954
1799,0.4212588930067368,2.107087064890819,6.4814760153085755,60.58883509046159,True,2.743331124009554,1.793293234679581,0.6536918635102889,1.1142045843056096,1.110770058304996
1800,0.3540031844237429,1.6454920688534012,7.304971802575888,130.2808007806413,True,6.058615733512733,0.2181965888680394,0.03601426439064339,1.3195864598461275,0.25658449896056323
1801,0.4282734470042483,2.2019482535320574,11.107281155890538,53.10317628346567,True,2.2570317909428814,1.4338768026855033,0.6352931351872971,0.4709561767096657,0.4652074210192212
1802,0.40765523966880024,2.1185324800562775,9.682428691351582,107.69958163296825,True,4.919098144093494,0.21838899630687006,0.044396145372520394,1.3363846550266971,0.25811415120143044
1803,0.36171400687131217,1.1420489232430155,5.795923671478474,66.01692816025016,True,3.3148163902442604,3.011085200059579,0.9083716398052744,0.4072928208468438,0.44006618858123847
1804,0.37293127462230335,1.9669633069650332,2.2136241822516,60.02619576635807,True,3.0041304432566482,0.9985442367833075,0.33239043897868453,1.3765646028053626,1.213912919463017
1805,0.30913682253958624,1.044851394352426,3.242381089045482,85.76889681598854,True,4.694886601944589,4.438275788304872,0.9453424895218064,0.4435048816535456,0.43441668865400374
1806,0.3580589607017794,2.0844211913057884,10.439865551798448,106.41563193908993,True,5.244772060623402,0.19883009079004124,0.037910149095480045,1.3207050519979182,0.2601792719262206
1807,0.4368936919234827,1.5842585034584424,10.063485018496914,77.93500711612884,True,3.3549271957081057,2.578241220868456,0.7684939405441498,0.47827424470764424,0.48763562062613275
1808,0.2878032745650026,1.7549696103213974,3.046970755523342,136.9498124626229,True,6.0591729151095,0.18007052273793553,0.02971866379467425,1.335991637708541,0.2526426725881956
1809,0.32323401101894184,1.721780521764968,5.102589700508602,111.61190770941859,True,5.9191802135069675,0.2136188443881937,0.03608926180364254,1.3324231105226807,0.25633839502934164
1810,0.30774663144894154,2.0827825812460907,5.8514820637141085,120.16309709803896,True,6.0585158282342455,0.17354498921689382,0.028644802479202817,1.3119680809800314,0.2705440339504528
1811,0.3666604375441751,2.2772596020708384,3.8256045156040432,138.86613703986507,True,6.0590011235748396,0.17375931331343333,0.02867788101859841,1.325526921066936,0.2630467661783067
1812,0.43828812575086673,2.4275492865667374,4.372325943510961,100.06187276360393,True,4.440055633967648,0.2157977971581997,0.04860249847035409,1.381396366046813,0.2564084505516604
1813,0.42213246005286353,1.5522918454083223,8.487311470074731,89.41780130419588,True,4.007955695184395,0.9047187806042805,0.22573073392286008,1.3769476386048987,1.0564235770647894
1814,0.3711668942560705,1.3225689688284659,7.171441316353277,95.40270707098747,True,4.687531871231694,0.9591821726122914,0.2046241388776429,1.3636403958224763,1.2102665028772623
1815,0.4395548606560172,1.705879999583967,11.452266578942153,137.0739917540668,True,5.863771303625572,0.2468800664652444,0.042102608318403956,1.3066007769834767,0.26018085069146757
1816,0.33571219348246717,1.5564590582125553,6.0383981052018125,112.16169906714937,True,5.8268961057248125,0.2439986018390922,0.041874541335886924,1.3329093436184114,0.2602570574563545
1817,0.30848240238787006,1.5472316532720554,7.870699881085582,68.31867375453197,True,3.674997434779022,1.3655271319025695,0.37157226804559085,1.2787134183550761,1.2388049954958622
1818,0.36346821127016116,1.4333204291216857,10.341450688503862,82.00594206306141,True,3.9994473561251738,2.097271209217888,0.5243902525697474,1.1315863489399014,1.1352262016672086
1819,0.4242116445677315,1.2117574340404205,9.16193920691319,84.52671012672795,True,3.755835251788729,3.0842889203799415,0.8211992043343858,0.45625023297509415,0.4652308763334245
1820,0.3369739140336417,2.478185596901507,7.859208749095299,131.62402727837332,True,6.058782284624405,0.15725525277517136,0.025954927143403684,1.2888366090002763,0.2905312082319509
1821,0.3061857391940634,1.6788148430137353,2.8560129386520154,68.75974766476958,True,3.793159957475096,0.3801938566314076,0.10023143260335436,1.4232670447187221,0.3057299997521077
1822,0.32763618692505686,1.9906095770304326,2.258158080312206,111.81798089255133,True,5.929465484991741,0.1905093855241528,0.0321292679764065,1.3459591177871246,0.24698473664186604
1823,0.4246845408665736,1.1993916614503606,2.3417691041569495,137.48072474013009,True,6.058034476164344,0.38251371437002424,0.06314155455454151,1.3562592157783815,0.2910213964130097
1824,0.3989416003604235,2.0799405748832447,10.335460752490187,90.33606141450397,True,4.16256179856928,0.2397920586723194,0.057606846522912564,1.3578815454821314,0.2600779173583865
1825,0.4450312135667336,1.526755230641094,8.925604778347637,95.78852927474381,True,4.113457453506928,1.3162315159675773,0.3199817989719145,1.298138715927768,1.2303252706646326
1826,0.297889837673961,1.4459106644505866,10.614637042868381,104.45958184428827,True,5.626961329295232,0.252037771637081,0.044791097163741904,1.3166758479521636,0.26394160158632074
1827,0.32886425500179045,2.345204072492284,8.703065885771961,102.3673981643561,True,5.319403729260053,0.17139265705015508,0.03222027613873113,1.3158382185665713,0.2724963249129564
1828,0.434325786894299,1.9640364931672132,7.463443063438962,133.46723696280358,True,5.871338076286997,0.22028962568200544,0.03751949263008807,1.3215193914262415,0.25623152145872563
1829,0.2908061037616069,2.4347718755126073,11.492707080880617,139.2202841129445,True,6.05893623617462,0.1475888550055896,0.024358872457580366,1.2526899711706236,0.325738045320882
1830,0.30515596402338885,1.6824723613445425,8.688035590021773,76.86813910917645,True,4.138501008975952,0.26971818145697946,0.06517291668456537,1.3683148127822902,0.26768025280739316
1831,0.31640288977381087,1.025238047935847,8.25015976787409,117.66070589435348,True,6.057855023704074,0.4279974957827988,0.07065165708127161,1.3208754042966118,0.3194128628214643
1832,0.39812647261676215,2.3684302350664566,9.753942283865081,132.49014625534096,True,6.0565203565887336,0.1806203874541573,0.029822468483518758,1.2955564250237006,0.26535332339116957
1833,0.4373043002686145,2.1770065232766296,3.6580547640058643,82.49442208619162,True,3.6826375503804227,0.2940164179488827,0.07983854341530579,1.4185535279951917,0.2732146844549095
1834,0.41050539763610416,2.237883811082289,9.329339285154093,127.04441375017164,True,5.778152785337022,0.19473605716378053,0.03370213014407548,1.3098223577933519,0.25938924803194574
1835,0.4293835205661969,1.081536210270279,4.335610365540917,85.63755018076725,True,3.867321827492856,3.6400794208597556,0.941240368200642,0.4093859201420651,0.4425809099286342
1836,0.389793303462027,2.326347378699098,3.7783009283197835,135.25354695850797,True,6.058552220804844,0.17936669498320376,0.02960553750238632,1.328062944034082,0.25899906149567364
1837,0.3999975331185519,1.5864024376818002,7.844815729306915,79.73790590457895,True,3.722801546100149,2.2054335139663386,0.5924123235300196,1.1201170076859452,1.1315255866163767
1838,0.3781789995463079,2.3975684476499977,8.01255519937361,103.12770542723123,True,4.98569239271637,0.18786658440183535,0.03768114227750811,1.3354842589544877,0.2631999455638945
1839,0.3474297842875914,1.9103940553930705,8.608619350661737,58.205484404615135,True,2.9277986871496378,1.2211212755789738,0.4170782919394632,1.2810406251889361,1.2726085025465514
1840,0.3934342795290103,1.7291724305957807,6.9205144507802165,57.38794823338832,True,2.7148298405788966,2.3250389100129776,0.8564215978697206,0.4458351047790292,0.44889202559645813
1841,0.44071934234428783,1.5759313973233549,10.044152796997274,104.324741118878,True,4.487674273792308,0.37994242535672096,0.08466354779257423,1.353867640758938,0.30128781407800087
1842,0.4280773243573931,2.132555913349222,8.398508921053148,74.3971846379894,True,3.2929854844726956,0.3173892546927234,0.09638343569666442,1.3983916724658703,0.27952151502412814
1843,0.3898594199795231,2.2563829061137386,3.0822581757881,76.94843480510994,True,3.730592995578898,0.24302621004991626,0.06514412329029863,1.4197380090983645,0.26012116015438513
1844,0.43588326633815877,2.220282085638093,3.642870987217842,99.48422657097962,True,4.443646808385596,0.23624599276357927,0.053164889774263785,1.3898796135930498,0.256871834352534
1845,0.4150347142377947,1.5877157991913933,3.3602750158605286,70.15717829356686,True,3.2621989517902454,3.106828300582092,0.9523724170400801,0.4209503043422185,0.4686579637667787
1846,0.3599748797905725,1.5191577613633886,4.6722529525433,104.30921584589176,True,5.257292872051536,0.2959670463235849,0.05629647301883919,1.3601950993733634,0.2725055676442292
1847,0.3343970708883739,1.6380818242387907,3.6136959463114486,139.68436041366914,True,6.059155223672104,0.2034023894852828,0.03356943038703213,1.340365029525855,0.24809597213638046
1848,0.4476866323042413,1.0564462607972858,9.360722831551815,59.949579387660364,True,2.5244719455036226,1.8841358067213243,0.746348482928158,0.40502412324363846,0.39371539635206343
1849,0.28073185730722533,1.3612604397055723,8.385000695758961,109.95037967970853,True,6.056483691117992,0.24879768082773904,0.041079559281668336,1.3149673468584693,0.2633055056380753
1850,0.30519932507312286,1.114558921425483,5.018393472735575,51.95680860430268,True,2.85021157417735,2.6218608953261513,0.9198829024062514,0.3864059914768383,0.4202007968335053
1851,0.4007389229518178,2.0297397410167948,7.720202999573642,107.52909771886918,True,5.018574635018926,0.22437723899233677,0.044709355805264535,1.3438846208209356,0.25844507361284474
1852,0.36783992154922523,1.7955913966496846,3.751175064105994,127.14182309659586,True,6.058264148007767,0.2116517637506605,0.034936040849301894,1.338188552987991,0.2506157889471128
1853,0.31093191157226063,1.421803754220805,11.69670903127335,61.077399432144176,True,3.163112493100984,2.1919255542300777,0.6929647804214529,0.45618710452888545,0.45861054571638515
1854,0.296557482249792,2.1573417739023952,9.992692594641461,55.48565643713125,True,2.9732948982432905,0.23228456577890064,0.07812362168183894,1.3955192757067167,0.26521364395059654
1855,0.3790160221961716,1.3726016466597453,10.483586246470074,53.30766173879931,True,2.4924839976322994,1.7231235793076691,0.6913278403971806,0.41480291363607646,0.4030845700824761
1856,0.29974135614819175,1.4326099555734855,9.395036741027502,64.30273151307034,True,3.46330415304109,2.7662440814577023,0.7987297560997331,0.48003798620056903,0.4903766671880665
1857,0.37013405287274365,1.4673032946730964,11.890837462885615,115.71584498592516,True,5.551931455591776,0.27403513661720247,0.04935852303097162,1.3150199152911601,0.2665892964732355
1858,0.3212491830952728,1.896899345779971,9.7899516847312,76.75546330470378,True,4.0062314694212935,0.23700936248529442,0.059160176912975725,1.3650384174206671,0.26152506005526766
1859,0.41437739089126124,1.8847316855785654,6.778881286032151,60.71376439749287,True,2.7764922285314544,2.3932264524349383,0.861960436208664,0.4689221717699432,0.4748795231396805
1860,0.42876019524008435,2.4521357928636016,3.5514302785079304,91.57306676319033,True,4.146080573274631,0.21918317022746214,0.052865149712792076,1.398411460542968,0.25620423339051834
1861,0.3033708887687731,1.588259584106609,10.161788709314125,67.48837590718605,True,3.5978698641090796,0.6696014536203977,0.18611052620331708,1.380369358882144,1.0262632470251818
1862,0.410264821633353,1.8396331379588213,4.5838003593362675,87.74086250246415,True,4.088989873875166,0.3330758351543037,0.08145675226107746,1.3975653871685982,0.286403540278775
1863,0.28769943688785365,1.5350476157275663,3.8352209039699128,87.05576819257163,True,4.900747394363874,0.2698939660929188,0.05507200114074673,1.3755534388071098,0.26599098105424757
1864,0.3834678510676888,1.7163947491732032,6.684432459393458,78.50060938996008,True,3.790788905344495,0.42226618768652685,0.11139269377178697,1.3934200037796107,0.31865073454071435
1865,0.3931790205887784,2.2940706767933143,5.014807915321155,61.47922029185537,True,2.9450121751101785,0.29583322774897663,0.1004522936269046,1.4321366550339496,0.275409209684375
1866,0.3439240133472861,1.3412473885572367,11.103936042039793,84.46189126218309,True,4.227475143982306,2.124528824167542,0.5025526471023135,1.1380555915429342,1.1385143314010784
1867,0.4422835891160312,1.0745514399556662,11.719113331683516,87.98837130701065,True,3.7118513093324426,2.7049556861674944,0.7287349251751054,0.44660805574294793,0.4559307922374525
1868,0.41103995463589654,2.41190435734278,7.513063466973397,108.29653789071014,True,4.971135577456926,0.19637003601037997,0.03950204796281911,1.3412255870385992,0.25966246853296937
1869,0.3501691878901496,1.4122940619980033,7.232877219812531,77.40912482825655,True,3.9293607186375916,3.1838765912744575,0.8102785209239807,0.8059097704292437,0.8182901380817418
1870,0.3591772539983993,2.1580627101921834,3.14724936476091,101.94040322180311,True,5.164753170410605,0.19794587682512244,0.03832629949465435,1.364868329782953,0.2539354243995251
1871,0.28295004473867896,2.1431571898824666,7.0836783919350745,115.96912025127605,True,6.058410174413227,0.16269838498217368,0.026854963645298487,1.2974169185006317,0.28302202612111227
1872,0.4045113380398299,1.425233760343726,7.930264686790543,113.7200010340812,True,5.268644081777847,0.33198863904542825,0.06301215908541734,1.3416730667793626,0.2840077860459318
1873,0.44798021042759234,1.9119189038771862,7.250505272698337,96.67653007175302,True,4.168495125879212,0.304981523518639,0.07316345930818687,1.3764465825386774,0.27581241984313865
1874,0.40347675921619086,1.5516232915661434,2.03669120329369,60.663917728594704,True,2.8907501555865114,2.8053394799471696,0.9704538022857903,0.38784072287489035,0.43591674682720694
1875,0.4157023690224715,1.7772007034250588,6.679058873140518,84.81002942419343,True,3.88163442502598,0.37965079570295157,0.09780694267735184,1.3903192955367425,0.3015505969815795
1876,0.3085997349390193,2.2181983259710307,6.515177731446035,101.84682760033981,True,5.500485476987165,0.1747321411825236,0.03176667621677484,1.322467669900972,0.2722171746225044
1877,0.40506717093428046,1.599562269493874,6.121984066534637,57.80546696108031,True,2.696800936129226,2.382493666643368,0.8834518094105271,0.42542141139874223,0.43593088727269613
1878,0.44149495415517803,1.2964762777040588,4.266418315999352,101.59193838369798,True,4.485129439272802,3.8610103474981936,0.860847027889612,0.790888153328817,0.8050560205790811
1879,0.3939110170535408,1.1554956723979324,10.783186676710715,79.11411375408807,True,3.6534795444855326,2.7776007494390234,0.7602617492771958,0.44823880097751667,0.45804386605944414
1880,0.2967399712600477,1.6874861513037687,7.342689473374006,102.91249079962212,True,5.637053422895867,0.2140714676441749,0.03797577414730303,1.327360926212334,0.2598822760949835
1881,0.3959239070939541,1.1033273414809155,2.8260974333021185,89.20529204715717,True,4.279797202882846,4.099340437897059,0.9578352065690794,0.4215587863942778,0.43458115515526696
1882,0.35264245018623985,2.4691207267138116,9.874445458074682,86.40107918095788,True,4.301226094323035,0.1812999174553326,0.042150752710865616,1.345219831591808,0.2648444619019581
1883,0.37023674126367356,2.2869658431750093,10.018331824814368,101.97673100408565,True,4.941139114448675,0.19180979711553733,0.03881894289408996,1.3288477859141503,0.2616184305912945
1884,0.3865468621076732,1.4763830165073735,4.144353670270523,61.91293645479156,True,3.011009447359243,2.8284012813412436,0.9393531740067594,0.40252216065737345,0.44792419073427414
1885,0.39619954355221376,2.0317123360772995,4.321757969357758,90.68107429493769,True,4.327915241113667,0.25092150406829916,0.057977453367070005,1.388914395153591,0.26184173373667763
1886,0.3488031830407119,1.3822709905380783,7.242340257720239,70.06754132603011,True,3.5619832732355103,3.1079908270767698,0.8725450370387734,0.46024982732335973,0.4770547024297853
1887,0.34382544856070213,1.1979946216712107,7.185578949792175,101.71979238069952,True,5.210685136167333,0.8375873559423527,0.1607441889222329,1.3484628226014714,1.2004665885601802
1888,0.4364596419699637,1.1648341289355946,3.171584616994211,97.11862105708467,True,4.342002693362435,4.135483677323373,0.9524369212495504,0.43636101252498394,0.44662094611654224
1889,0.3661645731772606,2.47350883066796,3.730728796374031,80.24479808828524,True,4.029549219419227,0.19784126130541121,0.04909761626734163,1.396218231996254,0.26036455011736725
1890,0.44856230689181953,1.857030134343995,10.234398437162017,88.45520010926006,True,3.7341662672284412,0.3807256103758858,0.10195732678461222,1.3757566114893276,0.30170955689218815
1891,0.40398985998646303,1.952587099999891,3.464816825290982,107.21147537886637,True,5.051789172434164,0.23614605276697997,0.04674503323605543,1.372236396842864,0.25485113398792913
1892,0.35948297458391143,1.9945174972248956,11.911749347003509,97.43225346693399,True,4.7431951243831065,0.2148653246263611,0.04529970178157201,1.3315333698526044,0.2584207323776577
1893,0.3480785689456769,1.2734805412405028,2.2499564265133665,109.58084673025141,True,5.649633746630949,0.38025469729750555,0.06730607935855368,1.3684993277157753,0.29124364294753535
1894,0.35769826824930484,1.6944789605828139,8.1599093367477,139.8034863727652,True,6.059013380713985,0.20714649788074666,0.034188156530583005,1.3159487449710872,0.2565879696810933
1895,0.2951080242728228,1.697614800792068,10.46419757798364,129.25442077417847,True,6.058992995376053,0.1903603302543291,0.03141781652489175,1.302242362114499,0.2624143631059801
1896,0.3553478709255008,1.6282169561714461,6.309271401191333,139.9101038912318,True,6.059069851256155,0.2124190264505289,0.035058025681366026,1.3261380757471506,0.2548050061365741
1897,0.4138224711797217,1.410670463325574,10.818144362217236,52.25424222962161,True,2.287436543972092,1.4993349340766355,0.655465148542686,0.4067252578126328,0.39722739246000005
1898,0.3199651986963038,1.5828916106587239,11.186919007635188,65.5750419537787,True,3.3767032156452785,2.1107388985903555,0.6250886630517806,0.9717712473791447,0.968959685668445
1899,0.3476345613383696,2.4484722203986276,6.0279777612880405,139.8830000536148,True,6.059020598051994,0.1610677968947927,0.026583140672368208,1.3012590702629798,0.28558618755308274
1900,0.29224015699494793,1.1230116064144935,10.502436904917662,137.40917614465258,True,6.059113599209431,0.2634552829799433,0.04348082911241636,1.3145434623227779,0.2651957828168343
1901,0.28782872764962336,1.3397607732156147,7.82610696098687,128.97206669939186,True,6.0590852391318375,0.22825175724553579,0.0376709929365906,1.3211056489473139,0.2584001012381991
1902,0.3483975756225808,1.6248275782450599,9.091158237470747,91.9065995118039,True,4.633152392368517,0.2818300533970625,0.06082900572432671,1.3521289490179464,0.26957229114857295
1903,0.3852582265254102,1.9574385521127757,7.482983793398276,78.94359803805841,True,3.7842647252731174,0.28304591700766396,0.07479548539967325,1.3866510233897573,0.27000995944645334
1904,0.4179300286752,1.0017363760954743,9.69636895738288,64.49699498047873,True,2.865271763721185,2.17099780273441,0.7576935040587188,0.4118595284757447,0.40890861756959795
1905,0.29314780972478993,2.0059435830498713,8.659467550512106,53.14378722219716,True,2.8931805512282742,0.304947385607759,0.10540212759217406,1.4078777178278026,0.2853230458207401
1906,0.37354952643658523,1.8917085806677336,5.730261508392674,68.40941468852708,True,3.37193702357159,0.38564216377566085,0.11436813946400005,1.4135272707898503,0.30568084879320967
1907,0.4275558406358803,1.8468712662085807,2.33745562912955,86.2384116700232,True,3.9290780608558737,0.40156600779921253,0.10220362170960257,1.4249806756832903,0.30738145646386883
1908,0.3542146108506097,1.1135672691346916,8.584418364498577,119.5698839625281,True,5.9747301884954105,0.39807584337546986,0.06662658075204489,1.3203845294378702,0.30782984861641394
1909,0.33894776166975865,1.6427880759009068,7.687136890641934,93.00321773878602,True,4.790981556666958,0.2720732493644142,0.056788623822984,1.353867129547679,0.26840397458573095
1910,0.30600737162854813,1.6413137654370413,11.71336421669571,82.86328501694082,True,4.370146000143423,0.2581923138595794,0.05908093547700828,1.3469549788050177,0.26429256567999637
1911,0.37743598983782056,1.2488095876289733,10.034681112467695,134.9876749829598,True,6.058471721230487,0.2984211591796625,0.04925683784805265,1.312518014888873,0.27406034630745957
1912,0.30105304386382387,1.5807248077008458,7.060901087521701,99.44498995621737,True,5.424393565625415,0.238409885541941,0.04395143579786566,1.3374865816618122,0.2617315930545976
1913,0.43839510035906903,2.3319695437394588,7.8989287208853325,111.5257207277605,True,4.874237669685978,0.21144634743865023,0.043380393359495874,1.3451953688257996,0.25752674072442483
1914,0.29455256114275846,2.052417696652411,9.804288060375058,115.45020343726391,True,6.057849311941644,0.17065558462977679,0.028170985417773416,1.2919160039201953,0.273475229645221
1915,0.33274906978477237,1.1920063852774037,4.916729650654708,133.0279159058872,True,6.059070508666419,0.28487840020367716,0.047016848507738844,1.3391788600041887,0.26627032356047753
1916,0.3511326452240743,1.658161845045175,3.8611419619994707,128.5984464022386,True,6.058693535562552,0.21705449292806706,0.035825296601326356,1.3390062837032426,0.2506256028050666
1917,0.28334623677782694,2.27911622337072,10.36504035295391,62.50217573569705,True,3.415364973033198,0.1895348337328028,0.05549475245817616,1.372658670709554,0.26727865058532974
1918,0.37962549536089696,2.1269488217846475,4.427660035168113,137.59121291523394,True,6.058823594317538,0.18552170623004907,0.03062008710800667,1.3279105237971294,0.2571173762211112
1919,0.40560744384329817,2.0755272569180416,5.635442563973825,51.12621927049049,True,2.3886112332223592,2.1161644444675654,0.885939249985336,0.45057448891476115,0.4526126282283047
1920,0.4195702618363622,1.6077476499286143,6.982741572520972,96.85171697443266,True,4.396946311369461,0.37720442805115406,0.08578781757598287,1.3723385953440732,0.30028608329921225
1921,0.40673297658538393,1.234874196966465,4.712513569878945,76.60970509878125,True,3.59307540343539,3.3535575976574465,0.9333390539065958,0.41045400693491096,0.4511246380734617
1922,0.3786532060847859,1.7684735326346,9.934841414235946,109.69592947563069,True,5.249483847984434,0.24107380262292372,0.045923334484681805,1.3286971116545838,0.2607509699653683
1923,0.2895702898933894,1.620831406673599,6.653763383632301,82.82371371888009,True,4.607533253047897,0.26069907851602947,0.056581051985588215,1.3642430059892212,0.26744057197128557
1924,0.29943798942738414,1.543127311068237,11.459443074465714,62.66400597740412,True,3.3134621535255526,2.3467841366479196,0.708257414122241,0.5122401219469381,0.5160846529774386
1925,0.3324313961981932,1.3071038195298095,2.9872372705652483,131.46609660410633,True,6.059069945183932,0.2574233242073351,0.042485616858070556,1.349848526513207,0.2512788159252737
1926,0.3410786688794818,2.040617893986153,2.8440952369195935,66.89916430926186,True,3.507191751549951,0.27164580662761617,0.07745393633170082,1.431745545173333,0.267762398262112
1927,0.347883292416927,1.8837504016715092,3.8428258913825175,51.98992962570589,True,2.691820912474294,2.5276184825711625,0.9389994969047929,0.43847228047513864,0.4783311280490281
1928,0.3709987906716212,1.6223231716202695,3.663631556405207,107.68796216487088,True,5.346794183068569,0.2676259593870203,0.05005353679677783,1.3638323037715798,0.2616640027992956
1929,0.3893491069010989,2.0741268393370746,11.061154441465913,89.80529947401477,True,4.1828086316857895,0.23331202986793675,0.055778796118125404,1.3536535889407353,0.25899171019589273
1930,0.33591332976981275,1.4433523866675269,3.814716094829775,50.02703497736589,True,2.6384727428582653,2.4874791292792824,0.9427723428306441,0.3864817517168744,0.42532918488470584
1931,0.32276718771289736,1.1444551174844468,4.419410622646215,129.32303227248443,True,6.0590299811513875,0.30373921512930224,0.05013000696055034,1.3425212634559882,0.2712023673907673
1932,0.3746389974974519,1.731135973069229,4.1017253233657875,131.20528271309604,True,6.058528660550625,0.21752138320350564,0.035903334850897015,1.3374260857995357,0.25134112989681645
1933,0.3097215768924303,1.0133193058896077,2.5558833500707165,102.13714967236415,True,5.575003211731251,3.3418447717203685,0.5994336944395406,1.0945039281173505,1.1000278182087677
1934,0.3892472292624235,1.253919733605522,9.829540664065567,96.10517723111747,True,4.521363912535277,3.083813283540459,0.6820537658981013,0.9830238321253617,0.9786943841831217
1935,0.4346568465387225,1.7736566183548799,8.590918791441258,56.934011689293065,True,2.470851379795375,1.9149528858907023,0.7750174298420532,0.4351265932735613,0.42285234653186476
1936,0.41142812381260707,1.3850629135733419,4.277292750197226,125.93099227864444,True,5.828175398303034,0.32396532593293137,0.05558606318321494,1.3474705533582463,0.27943179894523595
1937,0.2898355344248027,1.5243911148653884,5.265715759111982,114.33797522765683,True,6.058334661708296,0.21868826781018405,0.036097092686609614,1.32960173602789,0.256574517207961
1938,0.3758032604523081,2.3103634504570065,9.387877566162587,95.99409499090584,True,4.625736816747106,0.19781728367558607,0.04276449169338917,1.3421299269398692,0.26059387262395584
1939,0.368049762685526,2.291479010080593,11.48826066587203,113.96455539355277,True,5.494539842757362,0.18156449279725995,0.03304453111511959,1.3044773018891225,0.26426700032537864
1940,0.3362401273777647,1.9037934491997466,3.908726448854724,59.66234539728833,True,3.1417174163037633,0.45287941270848986,0.14415026964497124,1.4368138974815783,0.33936217182471573
1941,0.4442510396529337,1.2984971020882436,11.116362214738228,91.15801387326081,True,3.8556343545025027,2.9151632588647693,0.7560787644348388,0.4757279791917055,0.4842991342755414
1942,0.4047818914312503,1.6969814368052276,10.429738925224589,98.19083174860661,True,4.483789077655473,0.2955312387762001,0.06591104836954782,1.3509120003216846,0.27178170828661097
1943,0.33660250571091144,1.557285533305081,7.846579742293913,72.390757729672,True,3.7368892621747185,1.3669569854615513,0.36580077426914104,1.2807450843953996,1.2376297115916377
1944,0.3286879589713602,1.3788447701901732,11.313992220361643,132.7231994352586,True,6.058889308927588,0.2391102350312407,0.039464367615846534,1.306715679753483,0.26017867853630694
1945,0.4121101174292687,1.1715290079333585,2.4774754263141467,114.87996548229567,True,5.346851354493925,1.2119208451032737,0.22666065778781708,1.377837527734826,1.2123155899541547
1946,0.3019827909791163,1.78677614920129,7.4465343098267285,88.88690236072142,True,4.8392491343043895,0.22328244162448385,0.0461398939024823,1.3499892615916957,0.2614050886071402
1947,0.38807404903642534,2.1000707201933864,6.546435600716664,101.14247444176442,True,4.84599090169402,0.2179978934534151,0.044985204858145576,1.3544682865215307,0.2583684983336947
1948,0.2859349678462109,2.4269406775827864,4.476825798904919,135.46691006644932,True,6.059017030059963,0.14752280008475405,0.02434764572419333,1.2825131415133848,0.3181635070915636
1949,0.29893432623234933,2.110093001995488,6.163102244464627,78.60779884769482,True,4.324341271071838,0.1974955537726584,0.045670667829532066,1.367986658633713,0.26442914550779273
1950,0.31891341479528645,1.7343968714991977,11.21822917712517,104.38324704374503,True,5.4353495642701395,0.21723852502972232,0.0399677191799702,1.315968478851954,0.2596946915453282
1951,0.38453106031499706,1.0347354316966233,5.926094832962238,83.7797258637971,True,4.054025044004412,3.703563089664337,0.9135520993245019,0.4259527169993351,0.4459470784526385
1952,0.36092466825224345,2.36722704204283,4.93433528448363,55.14850458357978,True,2.7829168172509138,0.26893809306118804,0.09663892624963788,1.4364926855009772,0.2707922373768028
1953,0.4416953804167259,1.3148119877578681,3.2122296445155434,117.75567261888307,True,5.199376272862175,0.4857153183034942,0.09341799723914106,1.3757566391545342,0.3385589832045679
1954,0.4156129024141222,1.4465055042416768,2.100135959732155,84.62949364129905,True,3.9387043603386127,3.790870544818945,0.9624663843754553,0.4504424822340951,0.48013503930199475
1955,0.42656990163657693,1.4533164705640602,3.238412225530562,70.4636121140736,True,3.21352936917686,3.0706124904224636,0.9555265061134312,0.4018391892503388,0.44997221226186657
1956,0.34936103098865173,1.266094860728724,7.4510486236646285,102.68840356740407,True,5.209940920798841,0.41825136896730364,0.08027948403360649,1.3466846845512648,0.3159144961337157
1957,0.4457666301421043,1.8893607036677578,7.415164216779919,65.08913055545415,True,2.8045601622413954,2.35891012542129,0.8410980649229706,0.4684340298814478,0.4714566646695375
1958,0.37196233994928757,2.109480117160406,6.636981896186092,88.23481041889877,True,4.340172754389003,0.22611769723867514,0.05209877809817903,1.3698686110170413,0.2602734789457486
1959,0.4172528374401907,2.274460929413689,4.97629319313525,71.40527573679714,True,3.285644325687099,0.28973076887253746,0.08818080721867194,1.4206325015329746,0.27368836837586397
1960,0.38201052069557867,1.0987983795858336,3.3246506778701264,94.07300594698276,True,4.606590952345842,4.361495415576152,0.9467945951127094,0.4450650491611752,0.4413121727697251
1961,0.4024758990013093,2.1367925019518,7.397464068034758,72.53211381699393,True,3.3778823347735423,0.28350098497896453,0.08392861470053865,1.4006427329929894,0.2697510084595778
1962,0.4111367253108943,1.6437226109388208,11.332265003292989,108.68721074382874,True,4.887073425484559,0.2805441901436569,0.05740535607275854,1.335351025733647,0.2671959552284422
1963,0.4009905946344543,1.3753874145911698,2.283693718241946,110.1293570356209,True,5.227162462003884,0.4399269599547438,0.08416171549144724,1.3819054328736682,0.31850226158186334
1964,0.44037826596427204,1.2825683286917702,8.915792057016235,66.03164633634219,True,2.8392442139453515,2.2373861532018813,0.7880217355776024,0.42266484446363695,0.421149312929626
1965,0.29873290575343675,2.26972080960191,2.3643637119085765,115.81250191429154,True,6.058387951761111,0.163520684270241,0.02699079120918746,1.323028097173892,0.2701347491418793
1966,0.35286656119150395,1.1781519243518561,5.704913534877926,109.03170785005999,True,5.533341966298494,0.4673715095805559,0.08446459886758131,1.3479724554787915,0.3345694122920748
1967,0.3324799548305323,2.295479337205234,2.7048328584364407,69.43805007109428,True,3.6868092717209078,0.2109669106775427,0.05722208422760876,1.420758856502239,0.258514506872773
1968,0.3514627886401862,1.99218737372846,8.642290268839034,103.76943341081196,True,5.21659052493249,0.20698493933139198,0.03967820329046636,1.331161336872836,0.2594588352269813
1969,0.4157749013565334,2.0269170810105193,3.0501474166812397,55.3123216867263,True,2.5747102162018103,2.4540145249871745,0.9531226114476351,0.42698634459872986,0.4672606486712776
1970,0.38146676396223,1.4784779427980326,6.748352938919441,79.53311839465793,True,3.852260577213183,2.9760792318276854,0.7725539776389302,0.8204023851088555,0.9658306635281679
1971,0.28373491689721186,2.0834802155067464,9.408509827262264,109.79512944638813,True,6.039047076030196,0.16718375949061146,0.027683798020748447,1.2907378415310813,0.27656416182421006
1972,0.3557599788858479,1.1540056772462317,11.732322529529828,130.23901514121434,True,6.0583330523979235,0.30991825703412457,0.05115569816873259,1.3064960125629494,0.27625941114842156
1973,0.29129623319751796,1.4723877330816415,8.828082751603903,106.80548530766617,True,5.854397247903359,0.2387048792318202,0.04077360471520921,1.3172822150327845,0.2618761160301566
1974,0.3755753532601592,2.105444467984399,3.5802078759812677,66.32127208325923,True,3.288640440281392,0.31101367124195056,0.09457211175550062,1.4336134521190074,0.2808274378792661
1975,0.32935448732782846,2.3712822776507174,4.660274172412702,106.04017902924036,True,5.586011691150088,0.17136649740411733,0.030677790681249928,1.3286277069374903,0.27257166035887614
1976,0.44974884426698847,1.7648593066608846,11.271905950355135,75.79270044986556,True,3.146673238709486,2.1686204029111007,0.6891787733894148,0.6508903218475153,0.6500419042201542
1977,0.39759673292019837,1.100228369743128,3.350076207349841,105.02865556968216,True,5.006081372320718,4.521040217125443,0.903109614262938,0.48720591383859047,0.46930666854417424
1978,0.3497500709901601,1.5048449696855795,9.41549759626747,132.53088280542983,True,6.058725351908386,0.23137714624100686,0.03818907984797947,1.3123362587501628,0.25849316487093565
1979,0.32684478795465755,1.6922117822309595,6.975351167501863,106.36573247638668,True,5.586369948085383,0.22574208441970786,0.04040944057009265,1.3323407543030394,0.2591944507863384
1980,0.38415461236906623,2.0639542930981247,5.765931659616932,81.60908363256547,True,3.9532270364282525,0.25833009603699403,0.06534663798879503,1.3905608737749757,0.2654941431308817
1981,0.43233312870538293,2.3131046713963594,2.0440750845262254,91.33518304392868,True,4.126074700469989,0.237059957353363,0.05745411185269143,1.4159773752407756,0.2505723268313722
1982,0.3883745961186782,1.8252303602838276,9.00351973136096,83.94992152942035,True,3.9690538516674585,0.2991147114901331,0.07536171658756168,1.3731601789497732,0.27358529471649673
1983,0.30498404969736087,2.328122016730463,4.03688570414989,60.51624518178,True,3.3331239770904317,0.20626870417235535,0.06188449802350662,1.4187415020206506,0.2652707379377923
1984,0.39082174863488023,2.248578365124394,10.333925903176372,118.82197170727562,True,5.559072140108821,0.19145996224526413,0.03444099256490602,1.3105096911452638,0.26090658056669946
1985,0.2888257462467701,1.609477970230615,9.136560565672031,78.82188480241936,True,4.333522438519849,0.26569110538582147,0.06131065643600786,1.3599313430435136,0.2671071079937404
1986,0.4359242311259841,1.2330618197654022,11.670336425634174,109.29137543382576,True,4.694538470826313,2.2943589065110945,0.4887293864496229,1.1428528374828582,1.1407294368258492
1987,0.365655608065388,1.9233217553619562,3.996723551923678,131.82737243615878,True,6.058688708870798,0.1967468372519367,0.03247350156212364,1.334132141521116,0.2524283693057692
1988,0.4043646275545659,1.9667060947852963,3.600811602439962,107.16449610360627,True,5.044729014432451,0.23461862947144083,0.04650767737974053,1.3712153693394278,0.25508136381902524
1989,0.31235440061244374,1.2503077364931072,8.654475970500593,117.5926516623389,True,6.057948906009248,0.28888239993279136,0.047686503206758865,1.3167544237678008,0.2721886218840206
1990,0.356997937471217,2.4480554210982017,5.381544464102152,77.05804314029513,True,3.9027494724188525,0.19900652218540896,0.05099136482928492,1.3874741033349194,0.26251660082507744
1991,0.3420363346601088,1.2596394016294257,5.177448563654118,68.00681944948482,True,3.5305539023917056,3.2608174989072496,0.9235994093443161,0.41663483140552726,0.4555220960782953
1992,0.43528758074186297,1.3742178775006797,6.251815048092528,80.36824892913006,True,3.562479071041057,3.20334817819231,0.8991907360893494,0.43966631600666783,0.4667629052923785
1993,0.2942353793311127,1.5399894184305367,7.556100353697259,50.54452114234197,True,2.76982873926018,2.316510590913746,0.8363371200821914,0.4417881049103447,0.44312958818919235
1994,0.43216369496523305,2.2720312353901373,11.950484521226706,80.67001918917693,True,3.4466975155798973,0.25622161417186157,0.07433829426971139,1.373852711170756,0.26185620272836907
1995,0.2808161404022823,1.8288278622490213,3.290365306023214,116.15122238232568,True,6.058690344287649,0.18285868385879445,0.030181222915807236,1.3328670677363363,0.25680109327344436
1996,0.4208646930350384,2.016098508377544,10.245275229319446,87.08237863399327,True,3.86327500798013,0.2735194399520183,0.07079988853680516,1.3696913280534946,0.2658317891184736
1997,0.3409733788340674,1.6211070398002378,10.50719411789418,75.15751428745648,True,3.7852542480726075,0.4193826820143982,0.11079379469105446,1.3729466882343782,0.3187554532256538
1998,0.42857201540628964,1.1403520272276364,5.674722481854814,110.77974018265019,True,4.973930052284491,3.6407482753146647,0.7319661187520108,0.9508582230495048,0.9607568196293088
1999,0.36558349732037776,2.4058906486806526,11.998838769210037,125.87215674292997,True,6.046301280534853,0.1683463928265111,0.02784287203293635,1.2814949232249666,0.2725610037287489
