sim_id,eps,b,Rp_um,L_um,solver_ok,Q05_Ah,Q3_Ah,Q_ratio,dV_3C,dV_3C_v1def
0,0.3332292137358728,1.247170841170186,7.755707010400444,92.40361843869232,False,,,,,
1,0.32750699492542956,2.4377682832362724,7.781194301490049,81.68962710626255,True,4.276210979108288,0.49357264827111247,0.11542289439938637,1.3512396834258156,0.41375193848594316
2,0.39507911034122256,1.5104122105465785,11.268146009878837,81.23329557550181,True,3.731400243644649,2.759505947681799,0.7395363047375612,0.491197741885097,0.5040971802555876
3,0.3006852714647932,1.041382928790047,7.272782929005863,77.66477425751968,True,4.242803369781232,3.7446125921868374,0.8825798100513712,0.45503650262997786,0.45391633167456114
4,0.3204978602931037,1.1529521370579219,8.330861844140037,88.8065751020395,True,4.688760002232953,3.9085301140219837,0.833595686740333,0.49689223974784147,0.4787973172425928
5,0.40378056254209277,2.106734105523903,7.085146509878026,135.9998095495405,True,6.057937287640195,0.7378093122840529,0.12179216740810116,1.3142304074012294,0.565168046594855
6,0.28749883740274873,1.678604020969111,10.412666394981365,103.90802883053956,True,5.683894668670843,1.0012787221976744,0.17616067512943898,1.3094807273102265,0.6905954054254551
7,0.42202188539317426,1.982737713285068,7.691276189220461,58.37146206204046,True,2.613920940309405,2.143424001394314,0.8200033781972766,0.4545140542251569,0.46708559849856135
8,0.2874523048445583,1.4497221552204738,2.812652220943621,89.3214737888412,True,5.040609961893023,2.78930625615651,0.5533668102161536,0.5776567675751507,0.5911979864444619
9,0.3561489566720465,2.4973932213053303,2.6388654532547458,112.47485837023928,True,5.7122297414359275,0.48656481312440175,0.08517948947237024,1.3302428289312482,0.41519535771404525
10,0.3592678420868959,1.7906254913529565,6.586498674489989,129.4559435011378,True,6.058335785451364,1.0093956637753438,0.16661269687284935,1.3210159885137744,0.6632074213393744
11,0.3215792579168814,1.2333964267318773,10.28306260810485,90.08202523532314,True,4.696128018836972,3.6515277331672804,0.7775613693920563,0.5183059208911489,0.5092851254414539
12,0.32397198788216214,1.766395185637293,5.374000458987625,76.5046686978612,True,4.074601689235475,2.5024128204455582,0.6141490656759362,0.6077539118937443,0.6215934957027409
13,0.3545631114279123,2.390001361857556,8.341474173106867,106.21486719360401,True,5.317627577863739,0.4665156415097579,0.08773003274087354,1.3170481274022339,0.3976216560597514
14,0.2861659921590793,2.2145734441030354,2.8993010150093617,102.2398461466909,True,5.751079154067279,0.4847152684202459,0.08428248950067842,1.3238058479762436,0.40489759664103486
15,0.3119881857482478,2.1148966778453926,4.922173819467594,129.5255750514163,True,6.05884336281653,0.46172571157027653,0.07620690681721758,1.3157130262407621,0.40165589087444165
16,0.3248260489428,1.0970848154495065,2.7572039641962727,70.77632224558718,True,3.8011953798264884,3.651853269478932,0.9607118036762495,0.4057681316953472,0.42979551584017006
17,0.44192238048406174,1.5651724619580758,8.223927076635903,115.63661621103239,True,5.015634339904123,2.8904436914754337,0.5762867656597722,0.6048482440841045,0.6123188417346004
18,0.2931874607387722,1.050074545385601,11.234708486291556,87.78733772485901,True,4.739933961390382,3.696761670789644,0.7799183914590361,0.4910040524139401,0.4865816891022754
19,0.28864504453058987,1.676003562613955,4.077214839238294,136.63472458059022,True,6.05903243836722,0.7230257096738492,0.11933022591123298,1.3346745230505626,0.5793035251758436
20,0.3759935333490722,2.24619520985392,2.53592989807667,62.09748621860415,True,3.0887900889123503,2.333148459922769,0.7553599929946474,0.5459428465434977,0.575945493882291
21,0.30966306947378364,2.494682464104418,9.631388203247019,77.15921552463868,True,4.098510992975396,0.42514846511277526,0.10373242034520694,1.3419538577973773,0.38429733496018237
22,0.36609129189878215,1.2298742164186725,7.654238439486433,56.1336655831215,True,2.760895790960367,2.301857763553518,0.8337358371475605,0.41607242891999885,0.4211162191993947
23,0.4072070767165762,1.6739642340804277,6.063492439554261,118.77663728330965,True,5.514172366907709,2.1618656684880775,0.3920562370269955,0.7262614525391258,0.659577323476761
24,0.35349424592810297,1.545934262560513,6.109409970489397,57.921714605095275,True,2.938632570040359,2.612911385344211,0.8891589278574985,0.43425735007036703,0.4534083828543962
25,0.43938277064128983,1.101475219649642,6.788670650192702,95.58638706301936,True,4.196083570335475,3.7446110184447914,0.8924062058529049,0.4549400156218044,0.4541108200353374
26,0.3354388061731629,1.9722123323581309,11.807753192489281,81.03774912971697,True,4.081616653101959,1.5030241694580935,0.3682423650236288,0.8220245820602652,0.7570674780110531
27,0.40188180676821694,2.242073048202592,8.367721118550833,59.12589364858422,True,2.726718327345582,2.149760803348632,0.7884058950237779,0.5124312261495909,0.5466824027731678
28,0.3388789936869472,1.0460655853232936,8.069116136085304,134.47145235721584,True,6.058861575945889,3.2390873778797693,0.5346032975467168,0.580785330637553,0.5915238256380251
29,0.34504552583996406,1.8807104027830368,6.882839534801125,66.9367711021684,True,3.428122158490926,2.8247949064582603,0.8240064898100793,0.5489891304955625,0.5633128342503135
30,0.4273403516726424,1.634762615048834,9.8945777783943,131.79128866690232,True,5.8094758944141045,2.0941463642960185,0.3604707898537923,0.7905864428839191,0.7104679014730668
31,0.43877646279522176,2.1816295068855664,8.498350693938336,82.93349641150103,True,3.6048206809981487,2.289169733763138,0.6350301266939258,0.6336526637016533,0.63167828053487
32,0.30158121074774363,1.2403092665708666,5.809147035157316,50.948369594673046,True,2.796688777507609,2.507204517140136,0.8964903557751392,0.4069845806199943,0.42678282126274025
33,0.3845856098031255,1.417489847646599,7.202045422542593,102.06397382580366,True,4.905628611740301,3.226837393062495,0.6577826510021425,0.5556702492934598,0.5549175479349078
34,0.4349585224668745,2.0196382724222928,7.661086323863749,94.14127715000349,True,4.145757210306062,2.277130597568209,0.5492677168618127,0.6632914305100828,0.6713039875691407
35,0.4474936340418788,1.7301319697542341,5.445310867725125,71.84427223764308,True,3.1274916155161088,2.8415377165439826,0.908567652890434,0.4462222825523732,0.46659695775831356
36,0.37209975340091017,2.2500497682526808,11.793342155013287,82.06156974188877,True,3.8997871410892,1.1155156143791898,0.28604525683615367,1.0098291880422,0.7755508427014117
37,0.4154526925258741,1.6772337909400896,5.300868540379028,76.23967276526722,True,3.514124245889872,3.2020150617312333,0.9111843627829374,0.4711647809149073,0.48668241158910197
38,0.37782307882743515,1.7668344728923457,2.2644571212943228,63.06474919581321,True,3.1303167551408984,3.0099244956714326,0.9615399114892299,0.43324901552140016,0.46795119268529506
39,0.4412210951283737,1.815505433023981,11.961365026928565,107.8804108628637,True,4.577810424913424,2.290244347005765,0.5002925273055794,0.6562728259614508,0.6562967923706613
40,0.37485084201959373,1.0788129911161468,4.603848930045526,64.03831643497207,True,3.167316626737631,2.954703235466059,0.9328727069858607,0.39506988561854506,0.427705717482302
41,0.4423878375401017,2.003971808287103,8.170851051284338,99.6436286837571,True,4.319087798100576,2.223006092094877,0.5146934250960348,0.6847742099925216,0.6878111868400247
42,0.3341180431941101,1.8685353254536976,5.588545410809299,75.22182242918457,True,3.943057581769018,2.3318970904895324,0.5913931110900357,0.6297102294859664,0.6433290743931019
43,0.44402824296730176,1.8850479673224634,5.314176960912089,133.87797902212736,True,5.833697949227284,1.5296675160024016,0.2622123272949051,0.9593324176562539,0.6679174755258281
44,0.33402301674989976,1.2272557183269581,7.745541613668726,60.09131263912444,True,3.1092105543522277,2.6275829006387776,0.8450964817936583,0.428556364167028,0.4405572579136674
45,0.32165928263827537,1.8588299150202265,11.817405708198066,94.04078319266762,True,4.853477959715509,1.135990586277556,0.2340570196684571,1.327117179717746,0.7618237121806728
46,0.3572843789432706,2.3742537540526243,3.1881317113556316,135.54074899993725,True,6.058787319531756,0.4526714340815467,0.0747132074800293,1.3212961718714005,0.3968306733301534
47,0.4478965228830354,1.7573031546130577,11.61531593424733,78.78915632412475,True,3.2769351986401025,2.2945602754444603,0.7002153342539948,0.48425700114144155,0.4994310321312505
48,0.33736456557574507,2.4386266654959066,5.0342335784168775,69.9269329261329,True,3.655826428268474,0.8750909977828905,0.2393688581646815,1.3961592895293418,0.6420411772740384
49,0.3586590524627208,2.297594078469372,6.7540178266714275,115.1460354347195,True,5.757876963101277,0.514883690182883,0.08942248913661384,1.3142676298995872,0.4311352109492277
50,0.43106392058874954,1.9810211301804541,9.737496294068988,121.27352461238519,True,5.319081908840572,1.3114809067592776,0.24656151742644397,1.325723648040245,0.712013138352773
51,0.4175288154155448,2.472077757977501,7.7093408889110675,133.39950535968742,True,6.019070771691057,0.5160754635460285,0.08574005575299744,1.3033858324571508,0.4377924711870107
52,0.3138196442371066,2.0278702525512844,3.9615286878217857,109.05884975258505,True,5.8812808353835955,0.6553892646833713,0.11143648518539497,1.3278745864798513,0.5193753676479869
53,0.4103730190696089,2.1423969066053634,10.291422964351922,105.3617457198238,True,4.772317787294733,1.0920438587986043,0.22882882227707796,1.3367575988632914,0.7144250103043941
54,0.29834886009111766,1.9171571846472621,11.945362187244967,106.90710898127787,True,5.707407817090272,0.5410973914948816,0.0948061552347142,1.2961237567101636,0.44446980490420795
55,0.28762441936119865,2.4171335619659864,10.731685678936183,121.05699695343289,True,6.058228099963502,0.31582575583020134,0.052131704290253454,1.2613769162283588,0.3185127886162893
56,0.375770652070715,1.028556393678016,5.099875702543069,108.9250160880953,True,5.346791814254444,3.9954165905460575,0.7472549389139023,0.47808317769421027,0.467343803699642
57,0.33528111211550715,2.094920576947187,6.0792983020146805,124.00613985563076,True,6.05824753326803,0.5403923317673149,0.08919944733189343,1.3130003656991152,0.45261879097343183
58,0.41081787028746786,1.1105529680850743,3.715334883891999,100.18380375879742,True,4.671216212922212,4.102519321488585,0.8782550698765745,0.44939529042607296,0.4436862541367681
59,0.4215702725638678,1.3579114274130608,11.004910816080114,79.06508852014554,True,3.472382172014555,2.569926247070317,0.740104665835021,0.45584259613130573,0.46652358244800496
60,0.327529498567735,2.385402387183756,5.663836796290168,51.281115368423045,True,2.711292565179448,2.015957710828263,0.7435411938640551,0.5933331961764465,0.6415280591800423
61,0.3394484886552405,1.073599195784668,5.261984464213306,133.9964342793827,True,6.0589178815490925,3.178934491478604,0.5246703377775176,0.5604985932991267,0.5688021880923109
62,0.3090381943563104,2.4846805884352197,7.516740344872101,98.65096292157114,True,5.302432717903165,0.37540526539046515,0.07079868531343068,1.3068578570927194,0.34226590781985955
63,0.44647641876502353,1.2173141203277864,2.8038166881850124,52.756429357389045,True,2.3307868698520213,2.2359443463834197,0.9593087962287075,0.3625843179881931,0.39470235610869997
64,0.364760591655109,1.2894210414401095,11.429667205715225,69.14325048513096,True,3.3165195555283384,2.370233613277639,0.7146749999790214,0.44543025272015635,0.4565936266992048
65,0.4124175752742436,1.9908815018571577,7.55344832663038,107.09852576301628,True,4.905814281516582,1.5693218948459502,0.319890196569123,0.8682881753131464,0.715406328001909
66,0.4408267175098386,1.7093758512079487,10.553576399588309,106.87308739721635,True,4.582457026041061,2.690821871288924,0.5872006777145089,0.6122806150238302,0.6096393109483325
67,0.3078701833445885,2.4069841389877475,4.334723022954179,113.8471411338079,True,6.056917303179426,0.39901499813625324,0.06587757074490688,1.300145586193136,0.35476074366681143
68,0.41633546253572673,2.0585566421379164,4.121596427366002,107.58228662944256,True,4.956966319356673,1.495781039796757,0.3017533191532524,0.8629176689711624,0.669083153535702
69,0.2865179707567591,2.3556216053222334,8.680624975288827,53.696699076793,True,2.950643815331117,1.24573887507315,0.42219222415137725,0.8221775467587835,0.7631966569179283
70,0.3997613046197289,1.0066138761928025,2.613816275644478,59.84377755908755,True,2.8648585170324012,2.7652180364993595,0.9652197552023423,0.3687168602324693,0.40952868189929337
71,0.3178614452246019,1.8786878031807226,7.019753729400362,133.68318736376932,True,6.058902478085724,0.581897997278873,0.09604016558832623,1.3155302099521515,0.48000219159807767
72,0.309875480999359,2.499923746072822,5.530832707231058,89.05766171600906,True,4.826089537697796,0.4209944430213676,0.08723303613264412,1.3361021186282063,0.3644518370738763
73,0.4380213884411335,1.4656756651438152,11.600782125242011,135.09938060852326,True,5.792266976382171,2.5638184001483872,0.44262780196463575,0.6763669414561058,0.6696167811232359
74,0.4006167364921501,2.081648480589795,3.036102612296143,98.48108825258021,True,4.677833345949374,1.569740010366918,0.3355698876545455,0.8029703023020955,0.6635503667533733
75,0.43412378530986084,1.0921490858436902,2.292319659820262,113.11185997084144,True,5.075362035976269,3.9965507292996594,0.7874415068265972,0.44897137602896997,0.44791787720129106
76,0.31741210636774964,2.198152900475805,3.763074552519498,100.86621965279431,True,5.426872678704351,0.5798659083094754,0.1068508407401805,1.3395051332293604,0.46947862147589525
77,0.38384735061801245,2.0476451736917847,8.422610613629882,81.93123997841323,True,3.9155358282823993,1.9953293120796467,0.5095929138656161,0.6959968062286386,0.6978313308262969
78,0.3155952315550551,1.6034743661424136,9.47316803775087,139.17526269960143,True,6.058950679494867,0.822463106536628,0.13574348926788038,1.3117972672015874,0.5969185160737163
79,0.43475274555322324,2.445485692490908,6.888515617627144,132.8023013932978,True,5.8482306293324235,0.612397725748002,0.10471504367089354,1.3157686598495557,0.4977716588067187
80,0.2850221104183393,1.3251393171787749,9.723358193974976,72.25090543445765,True,3.974707001438375,3.190183180558091,0.8026209678860909,0.4912054564755852,0.5051526297683311
81,0.40215787235845424,2.46726055949458,8.905978040860266,69.82102749757703,True,3.216282699852947,1.5454490893904345,0.48050785133442864,0.7392030141400516,0.7327530099524653
82,0.3304362020015123,1.9545338832893633,4.401325534188448,73.84089179330934,True,3.910358673446307,2.105121635702071,0.5383448965940429,0.6599320815270944,0.6702000624573237
83,0.38177094215905044,2.2031044606987553,3.974339485813492,70.53735291167561,True,3.4569855355307584,2.1285281464715897,0.6157179787403398,0.6246291403294535,0.6484836267653211
84,0.4136119168614005,2.3419557132787965,3.849577533905882,94.14788270797847,True,4.369145064023997,1.1946501206202393,0.27342880657754187,0.9823496247353813,0.6711325250394529
85,0.2948633203259468,1.8985308398155682,11.480995579119575,57.353284309799015,True,3.0399239683718777,2.0587523380228463,0.6772381018218271,0.5544191384906103,0.5908582105687601
86,0.3549034769511065,1.1051536638707626,11.810269864685914,72.89359774907723,True,3.5479991406955755,2.538024007054952,0.7153395213498781,0.4422286292518698,0.45297726389356363
87,0.2917648435488946,2.460928713101827,6.59191917149988,131.71229189131583,True,6.058687173854252,0.3250936948910054,0.05365744848057506,1.2799200792228183,0.3129949828036698
88,0.3822069791980249,2.4583206771144743,3.887670074235094,114.5964815701019,True,5.574619466918917,0.5550286866746214,0.09956351101062415,1.3351232167213198,0.4654879881095564
89,0.34640506651184944,2.159650566462616,2.132539233922123,71.70801829513148,True,3.733388516484286,1.759418047375994,0.4712657253879458,0.680766945334573,0.6677320250058627
90,0.3636458449199664,2.3619101998086243,4.564414482170499,135.22605309446402,True,6.058682130499362,0.45981065071720284,0.07589284943709447,1.316389140057419,0.4047149977177482
91,0.42070408162077155,1.1129360437744071,9.11612839291929,55.054794586401115,True,2.434706897378661,1.8256392066029692,0.7498394195081768,0.4026466405137752,0.3967859754852969
92,0.3889416407905421,1.9248262250894788,11.631187339264645,60.24782592765904,True,2.7494008722834993,1.8133122089972118,0.6595299460610033,0.4781408462297785,0.49596630808587605
93,0.3475440436784894,1.0170141700148467,3.139211941756875,58.0933497482356,True,3.016775330322639,2.890524598204033,0.9581504360468555,0.3770256823840463,0.41627089070443324
94,0.34299042916561306,1.220921571972101,10.793083400886113,115.21716414310951,True,5.801366265347051,3.050160855663269,0.525765951700483,0.600925775138268,0.6010321912422385
95,0.3985279955894535,1.797297895009871,10.906098492530454,79.76842836961438,True,3.6513305906780373,2.678951617797438,0.7336918833470972,0.5424362635768332,0.5618426857540189
96,0.41299300944475414,2.1190100263413068,8.111411198819981,134.82719624029983,True,6.0562331399437666,0.7555877665681852,0.12476200124871695,1.3085373961170226,0.5665922819842169
97,0.4108049293209366,2.125862099740607,2.776814630580044,102.50951352447493,True,4.787439784522877,1.4605994468562051,0.3050898836530788,0.8507608327358729,0.6608336929078495
98,0.2921899980700026,2.369735427726171,7.679938486570556,97.09455569171712,True,5.342126566032903,0.38516568523829736,0.07209969297382707,1.3059103470271096,0.347618293983496
99,0.28689984104154836,2.2950284807309917,4.097707259591007,52.90509586428195,True,2.9901403482525106,1.6717969480864237,0.5591031702118767,0.6630889010715668,0.6823018804377061
100,0.3129543361717274,2.2645611685783633,6.566093529822842,101.43002352150518,True,5.4430671709743725,0.4642755824782795,0.08529668436834094,1.319185370278975,0.3928139057430471
101,0.3566702520540838,1.9368405999817693,4.75858045781068,124.70733965391526,True,6.057926624819641,0.8537613300797231,0.14093292688323733,1.3266953969664175,0.629369840875563
102,0.44293595433979094,2.1407506714521443,9.026671576319465,122.64574437429985,True,5.285974114933612,1.0609064277059133,0.20070216097137233,1.3284865125569634,0.6674842698306938
103,0.4406423125382064,1.7110772249508275,8.549855002483977,105.33916273738814,True,4.572128270428493,2.765357065447993,0.6048292834069653,0.6069665497542904,0.6058752602616795
104,0.44777784314061087,2.178417424044481,5.764008978863935,101.2590212797791,True,4.396088851885534,1.8368675657320714,0.4178413193227924,0.7608078812597605,0.70869058039536
105,0.42571921713165717,1.969722877967129,9.099972850829356,57.01767539373435,True,2.5020203034110047,1.8823952740799241,0.7523501194269504,0.4463540783369373,0.4571215116603389
106,0.35058349635989994,1.9023988886418555,11.748807235896864,97.66177660206846,True,4.82747549885357,1.258468161498415,0.2606886688078016,1.0639180756764093,0.772685288906084
107,0.29402013528508697,1.2191492771097687,7.715361022849139,69.94525512204031,True,3.8466354122093573,3.3243896710216365,0.8642331062803368,0.4607371703408023,0.4709982285265446
108,0.34275565973336186,2.155121514836009,5.324799243502264,86.44091980501764,True,4.472441187507268,1.0005023239339168,0.22370385254670067,1.369816821515205,0.6611957537352269
109,0.362694381487259,1.8883716017573553,5.961274059358356,130.34164946699406,True,6.058379155646987,0.8657366274112759,0.14289905025246344,1.3226012471088424,0.628191970544258
110,0.3875376538565203,1.0006335902556691,3.4113268945403243,107.5013131329109,True,5.2048626828786455,4.115281666034842,0.7906609485725777,0.4550455804701454,0.44555239624127596
111,0.362256985506138,2.037467571477039,5.220098976075507,118.28248053773103,True,5.90807854426281,0.7991189228199665,0.13525868297671353,1.325917792719416,0.595485310223764
112,0.31586536747322574,1.0617877682725543,10.5147882472421,63.415213442988495,True,3.302641372219295,2.482021225429738,0.7515261106784598,0.42907103800798474,0.43996798895825995
113,0.34564468584576646,2.355120154115183,11.639541394970879,106.73674100470038,True,5.321640705646528,0.4250341498864161,0.079869005330524,1.3011814562397253,0.37753311728218186
114,0.3355066976897379,1.3829060795181563,2.116079595258293,131.10636162460514,True,6.058917228544136,2.0775418436196476,0.3428899529823828,0.6895961992864104,0.5959659444421024
115,0.42411134488225355,1.4821411523090011,6.52526987773221,128.19643958153682,True,5.766716963364902,2.72639634122951,0.47278136911346635,0.646641220696146,0.6347507680366222
116,0.32083586853665635,1.7269751680415582,9.516753834223772,55.2676732515637,True,2.869265932843635,2.179201970128822,0.7594980810890145,0.4667038355785622,0.4895180376779651
117,0.4278873826858568,1.659618735446165,4.2029798280462956,87.46366240717327,True,3.9608388105214067,3.4236919225793994,0.8643855724410817,0.49105741976533457,0.5005098116630102
118,0.3320098665102732,2.3828994290425953,7.943609622271094,77.52628829283077,True,4.027237020173059,0.6117163158932639,0.1518947886178741,1.3625830854429308,0.49194581026755246
119,0.29101362822683713,1.8575417593397225,3.8718268544129084,130.12646850965365,True,6.058964495245072,0.57589438027864,0.0950483173701691,1.3286687276149602,0.4804888119286814
120,0.3489002534356986,1.7153367786049771,8.072058468757955,124.86573315899072,True,6.057919298897676,1.0956221209589014,0.18085782706914985,1.3136637240921263,0.6706563856895387
121,0.3759619349140864,2.3354361999668827,9.372629336624549,61.284848320930806,True,2.9284739091551573,2.0181015178143307,0.6891307829327863,0.6222580822454051,0.6590311995510274
122,0.32857134107568464,1.7728256710746761,2.6314899890944483,122.19584231830095,True,6.058421894420555,1.0811109431080759,0.17844761588883643,1.340050816302142,0.6885088396590437
123,0.4008995431901957,1.592262839386132,6.51106283889007,59.20028850273802,True,2.7747891774870928,2.4215933745909513,0.8727125628996424,0.430356463554888,0.4421999079428809
124,0.42675832945340975,1.1862804906392943,10.143196713327749,77.6069267339927,True,3.400247597451146,2.6207766130848666,0.7707605219835821,0.4404022238476206,0.44922485581627125
125,0.30577738001647903,2.342585197834957,3.5253947140135242,132.05733651836675,True,6.058838357140313,0.38959919772604784,0.06430262283972422,1.3088672116102305,0.3500926533927493
126,0.42590077661524706,2.206900097191927,3.953427746541279,70.57231779369447,True,3.2133435163389414,2.6546866164238647,0.8261446692286509,0.5342559763806665,0.558715819723171
127,0.29636299796004606,1.5676631074567486,3.984639704264635,118.72211030550322,True,6.058538588242348,1.3132229426145003,0.21675572805016688,1.3364627514991314,0.6878043203726469
128,0.28416027672706295,2.2515395414228996,4.913329349797492,104.57721524996637,True,5.862660910013378,0.42532106301056954,0.0725474438209661,1.3059795158641023,0.3681015272590331
129,0.4137633190635669,2.183692980574956,6.904926585782199,80.96777719589657,True,3.7126611788798667,2.0758280387227184,0.5591213252993392,0.6714776669723053,0.6819424124807365
130,0.3041521934179962,2.188470803820106,3.454231935504697,133.13296218164248,True,6.058913123200949,0.425279734313127,0.07019076287538017,1.3174646270611539,0.37437733087141467
131,0.3854748278327515,1.7744763104791912,5.235207854095495,105.66520409873374,True,5.106477949628817,2.031469387904711,0.39782202291745444,0.7318608942617826,0.6681235811949686
132,0.3843993710842349,2.0902667788675595,4.271561674754169,89.07325671355322,True,4.33467562872526,1.670632376680358,0.38541116331965464,0.7740029431192608,0.692919079873815
133,0.3713420334559111,1.0362693335240605,5.044946361775121,73.75059240536291,True,3.6601810751642674,3.3955229102199858,0.9276926033140577,0.412289928683232,0.43668910778473524
134,0.4197803674942478,1.1776271865218062,11.579170465660617,108.32736630692524,True,4.791009158398943,3.6580243207601844,0.7635185406288435,0.5075656208880255,0.4987342288048584
135,0.3917759236947719,1.9790830229289786,6.960804651345591,84.24543552510531,True,4.007744125097919,2.25482634869653,0.5626173424036742,0.6557293158271538,0.6658561745530704
136,0.43426296434947165,1.2719138157900591,2.2080371364207902,50.53639778223592,True,2.287319730563384,2.214613799285712,0.9682134813484233,0.35780842306528315,0.3907063731015352
137,0.43506079693531247,2.4434246657295082,4.717653365329048,132.1182197161784,True,5.85583925005465,0.6660616684066859,0.11374316130697573,1.3277610783454965,0.5378202375192345
138,0.3575896212345604,1.0383196722833827,3.7397767545551286,107.00452164717754,True,5.424649168657229,3.919145349412703,0.7224698275525189,0.4718704929653956,0.4698592335569116
139,0.3651451749569233,1.0723823518431987,10.892067774134926,130.3928019510867,True,6.05802636679652,3.3087659504066367,0.5461788625651541,0.5821352941949778,0.5831392724918776
140,0.34212785019656267,1.6575672494094582,10.525782058076187,124.22130850847847,True,6.057715747735774,1.0982557874718186,0.18129866656128918,1.3033151252356818,0.679322064739385
141,0.40888982233073856,1.0227473475584865,4.411185484904802,52.697385118322536,True,2.4671722412885586,2.2886599538461985,0.9276449838179411,0.3734240933933739,0.39843937229857707
142,0.35000883828728074,1.7855953544235537,11.628307717583514,100.00199845070208,True,4.953778475878142,1.6148871827747193,0.3259909966984248,0.8691097052293926,0.7707266420573435
143,0.3236489813367701,1.8694235293079056,5.590739922415595,137.63728438326933,True,6.05896218030975,0.6164888381903777,0.1017482565238361,1.3240605226186668,0.5086478240050525
144,0.33389768805927095,1.5065596570445972,6.365748628505831,56.77967341419838,True,2.963560913201525,2.615009446035619,0.8823876149758747,0.43550536623607616,0.4546571473201064
145,0.34676760055852485,1.1796014417192466,5.3294751014205195,84.40706513719843,True,4.343862405826913,3.9595172185626253,0.9115199443820499,0.4590242265264517,0.4564715194554676
146,0.2871470262978331,1.9872768758197263,5.944112467087815,88.86475149639756,True,4.96885668431562,0.7538271934647021,0.1517103916166843,1.3460413777740539,0.5558239993805132
147,0.3654087137441787,2.175231382651151,8.595362697707479,137.36983067022845,True,6.058647521634897,0.49382948202835525,0.08150820463889567,1.3034571125931325,0.4221442550569994
148,0.4010988595188443,1.7540511421063316,7.619963427718535,137.01748900520298,True,6.0581406122211305,1.276803166751403,0.2107582587594119,1.3178466617728373,0.6809236882313332
149,0.4212952421554156,1.290524672670198,4.5850909702622875,60.81708390306539,True,2.784829591022804,2.5846845128649796,0.9281302242682952,0.39357102812257194,0.42282617254391
150,0.29347441200074165,2.054678925577612,2.6204833606401796,120.48256868239767,True,6.058672548387426,0.5206233742868465,0.08593027105011895,1.3242339433842027,0.4363770991798255
151,0.4052081270459983,1.2064134961219464,7.265665992808691,108.80986531679673,True,5.0523779756848795,3.77677692956016,0.7475246206313761,0.5111624196868494,0.4908234177544366
152,0.32634774485224555,2.3661699334753545,9.567234480987945,94.4755653915733,True,4.907037864694903,0.43875837790125277,0.08941410072622961,1.3209310410949442,0.3829529867764707
153,0.36874256571508,2.240511566438926,3.1285588587725606,65.6719810926153,True,3.2968803598905194,2.0976444107465144,0.6362512987326515,0.6083703842802155,0.6351778748375212
154,0.38321125139927553,1.9484901303540152,9.21438065112568,95.94315738678715,True,4.5740955992830585,1.7565426806026303,0.3840196695665805,0.8078705250273615,0.7534118111299208
155,0.38516392583416004,2.4216327251936374,5.315072299152526,138.31407619447128,True,6.058566386104882,0.46892774538076293,0.0773991263768658,1.3139101560493613,0.4121134351074458
156,0.32505187705677874,1.6019413179983544,6.3610315892472,119.47618313274597,True,6.057921698877513,1.3635537983051562,0.22508607177240547,1.323220362725038,0.6832067307968086
157,0.44349278575463835,2.036648455159761,8.1403764916639,138.07298376092223,True,5.954399151161783,1.041788501090171,0.17496114631262236,1.3141985696837644,0.6582147094847981
158,0.4307018574881879,2.32272047324402,6.894756507638431,59.175082296899845,True,2.6264569528576853,2.2142781641153753,0.8430666117356906,0.49489307998326515,0.520172436918354
159,0.3811775990215633,1.8814650563527662,2.916131396586242,127.2260544553375,True,6.057482669588091,1.1947630131046805,0.19723754540859864,1.3396845299474531,0.6891220837956049
160,0.42460714832517954,1.39314934630592,8.714755181450883,58.49444591823014,True,2.5840061343180962,2.013008572011469,0.7790262357649897,0.417014144495504,0.4169187392620315
161,0.38067213868926314,1.8228564060215313,8.879977499375302,130.03184167960478,True,6.057481001386757,1.0137462438827112,0.1673544240007738,1.309048518240575,0.6541228131238519
162,0.3187874305710541,2.2172277945331533,11.352993222212232,121.14969643033773,True,6.057710409806125,0.3902152183278422,0.0644162879916095,1.2801534492437598,0.3533097371671712
163,0.2857229129112473,1.3620717562274796,9.530736094351841,95.47933858594658,True,5.26461295396253,2.7070467446470925,0.5141967260118472,0.6315918685179858,0.633216811383094
164,0.2880874657029528,2.031025792261661,10.972048398745583,134.71713769695134,True,6.058860936067204,0.38056436942139177,0.0628112071620537,1.2884869371323049,0.3456999429164491
165,0.3990616398706859,2.3433350818283714,4.349062031590302,93.15118347839439,True,4.422412728640661,1.0383966854126514,0.23480320565462656,1.3796841023177806,0.6531291164466992
166,0.4452959362102237,1.1689617706392688,7.045962841970119,109.130056548347,True,4.732579197400245,3.9673336841316043,0.8383026503414852,0.48726097396136847,0.46868512388326034
167,0.3146548092251541,1.7834440435366516,2.8543158936098516,132.41413076316695,True,6.058980986208098,0.8029658008415076,0.1325248920023479,1.3388982245096268,0.6251812539770958
168,0.3281102056968327,1.1742243392424094,6.022023935797933,56.91234339081852,True,3.0029879537521027,2.690087496285068,0.8958036254937088,0.4102973308816926,0.43064045594013667
169,0.29437219960537575,1.3746273125529023,11.409328165433434,62.98855796915604,True,3.358260937090848,2.4056002659266893,0.7163232134101475,0.4625520783545869,0.48074972320270826
170,0.280674290833148,1.0140985157217335,10.149911656095,106.6346024037575,True,5.896330316402516,3.6161111107055595,0.6132816373340207,0.54192368145246,0.5306804507693132
171,0.3816910640774791,2.170492530653216,2.677898091142474,83.256835582722,True,4.090893008924032,1.67539098521458,0.4095416285783612,0.7362039422374789,0.6769122509333099
172,0.43625108313466615,1.3835943575222913,4.51357729562444,96.80463514405523,True,4.312192359951506,3.814678366518694,0.8846262059055252,0.471197359381355,0.4728129786564885
173,0.37433001674506516,2.4637559929521125,10.450454675927885,50.83117060751217,True,2.3903031625567093,1.5916706127625533,0.6658865024719606,0.5457874987729792,0.59326592191141
174,0.3494669029742995,1.4023069414043772,11.301732803954952,124.82152775188183,True,6.057302883182543,2.192537549204912,0.3619659758623362,0.7743955929775606,0.7117926778576247
175,0.28890448337476177,1.4265081307396235,7.569222792179582,95.68065585356192,True,5.300943782062524,2.5603852050124107,0.48300553831117976,0.6606887640547798,0.6563267230994398
176,0.29553092401067377,2.166578882954189,8.881040127874293,121.4247279150781,True,6.058410490889675,0.38861655153795216,0.06414496873764722,1.2893787746280747,0.3489563987478159
177,0.32475773716802037,1.63189280701856,10.220026491255325,74.62964311353595,True,3.8611896812044737,2.914136616810138,0.7547250607748158,0.551129517326935,0.5697210591448454
178,0.439645755732335,1.6353230845230855,3.091062050818853,111.77666692947709,True,4.959085004645845,2.92464001029702,0.5897539581509723,0.5600556651716215,0.5858908696967919
179,0.39801721548763236,2.086673579382014,4.63673538936718,74.97700927573155,True,3.568559013474255,2.4349916827632367,0.682345919899078,0.5880871505271639,0.6053674843830503
180,0.4025264177745345,2.1869252706303492,8.944820786242909,58.64181014649519,True,2.686763389974681,2.057441693553812,0.7657695877615782,0.49670752742683,0.5280537495043585
181,0.32138624477184896,2.4114691906800214,5.028769666942475,112.63705113047368,True,5.976148131593843,0.413089503430715,0.0691230361655282,1.3029056282301732,0.3649391627120404
182,0.380856314983395,1.2216129341490571,8.138437150254857,85.72770677828413,True,4.126713448942439,3.5371187697420154,0.8571273032413916,0.47401211769373486,0.47080963078510374
183,0.2900205139686988,1.0807116217165076,2.7296973577458674,112.65358146234756,True,6.058101506556053,3.44237110412256,0.568226052402265,0.5171379040034436,0.5313548830904988
184,0.4167474032539704,1.1122734463234123,7.45802937111411,52.096252566511886,True,2.354465522084672,1.9275900950618825,0.8186954011351039,0.39909641962993225,0.39334076612582747
185,0.34128485883984766,2.418165947221751,2.1506861771812957,103.36994451218698,True,5.386580724391835,0.538904824815243,0.10004580872146633,1.345564756719579,0.4436512606248084
186,0.4292168057747559,1.2741328734951196,9.358334529194947,79.63559028409341,True,3.498025181903468,2.8112250925253193,0.8036606217327392,0.44969638015943003,0.45809039082652747
187,0.35719865060331024,1.7373690972203386,11.203698257282923,126.08048793015644,True,6.0571693789198555,0.9827148761926328,0.16223995313927894,1.2992593987231076,0.6537125240329886
188,0.3924343889574926,1.8823901024495866,2.766583708211706,86.84472862060414,True,4.191437885849346,2.538454271940007,0.6056285077037754,0.5822750223989535,0.6103667303295781
189,0.32655188746192537,1.6023022115368082,5.2147571535507655,92.63926536776422,True,4.909653666023742,2.4781954377709727,0.5047597257054646,0.6497780680066292,0.6514209794275092
190,0.4124545175664643,1.3733871594913318,2.9497631298999725,54.853780758276265,True,2.569141264510323,2.461555555324693,0.9581238639261295,0.377333776756553,0.41222457908333654
191,0.4263769000285499,1.5452430551636342,11.539058390125945,132.03359224191945,True,5.780001610539605,2.3218046631283054,0.40169619657105043,0.7272710416615338,0.7020130114068936
192,0.4023905964952572,2.189784888035029,4.738791805456304,61.53938545773062,True,2.907262725202951,2.6269996346324738,0.9035989805321387,0.5046162515483075,0.5345511402266965
193,0.3935948333924649,2.3486129235001827,8.11997629303544,136.8115983743296,True,6.05818262452512,0.4916588330456644,0.08115615911862739,1.3026074990301653,0.42218378558832903
194,0.3798223748776537,1.0898779423854212,10.841135313059324,72.14650288061942,True,3.3997482258280725,2.530423885666193,0.7442974354519624,0.43454108897484645,0.44391434766899796
195,0.30386338760388093,1.272310904739323,10.577727712848507,131.242845899555,True,6.058883890610362,1.8773433628624643,0.3098497011589611,0.8313120743517892,0.6877727727513903
196,0.38327630478964253,1.4422288479410206,3.6759342032708995,119.28567203969773,True,5.794476377331817,2.734484087244966,0.4719121986487611,0.6131675737838225,0.6007561430641211
197,0.3866070668506095,1.720299449560853,2.953918221523873,104.88136882577948,True,5.092191766038445,2.3213733548759587,0.45586919376406554,0.6493230483000145,0.6271291568084254
198,0.3431280009710791,1.0801914187051898,6.534850826149502,94.98440846050667,True,4.887364695479555,4.047200834848945,0.8280947068657065,0.4798418468657051,0.4595623739421897
199,0.34230338209743555,1.1206258841818137,6.441374083395745,101.08813589439424,True,5.205994968611994,3.840572462459479,0.7377211245141562,0.5010985481524104,0.4853005454535344
200,0.36281222066715113,1.8225121351216527,2.5105499027144114,73.68827762533871,True,3.7373113645383973,2.88814385563269,0.7727865232308281,0.5155982948944047,0.5357805790220129
201,0.28202928776095154,1.3696422110039084,10.861534522865352,136.57221752286011,True,6.058969510906496,1.117044952316614,0.18436220058639813,1.309823959713261,0.6801559219998641
202,0.3779618801203656,1.0772561691430536,2.869979961976333,91.8942539089146,True,4.535703781474914,4.1983840215157615,0.9256301169100017,0.4328207060330649,0.4283408407099478
203,0.33482558781053595,2.0960615208743993,8.889365450122408,58.824621401011065,True,3.010914904794746,2.2916338041668047,0.7611087913901126,0.5710698296921888,0.6153685968078411
204,0.32727016767448913,2.2850978496901666,4.816891039850696,134.09270657638245,True,6.058848155972277,0.4186095647779436,0.06909061821681656,1.3116041234647775,0.37343007543144147
205,0.2964857058258084,2.1478040742933318,9.663526224033987,64.46013705290028,True,3.4796796439306763,1.3093690971581802,0.3762901275817177,0.8512047046320608,0.7623193894988596
206,0.38549891915996837,1.0427363795920643,10.457021431126572,65.82959237571409,True,3.073286277504562,2.2731763601425503,0.7396565613758304,0.4206015228683202,0.42563499998296583
207,0.4313107194776782,2.4428097516200786,11.011946149333824,59.470090662195965,True,2.532595100562875,1.6671206983073845,0.6582657835580836,0.5253849175952667,0.5630016868042902
208,0.355021325847495,1.4479917844273003,11.196371151826423,126.69948779921063,True,6.057613746022299,1.9855605339163052,0.3277793232062895,0.823825029147927,0.7192331638338438
209,0.40140053410983934,2.005012437193005,5.827903638060496,51.91184376266515,True,2.439616855059835,2.149125724272429,0.8809275603318942,0.43764766310669945,0.4535648463254405
210,0.426878940060375,2.055402978582767,3.36739884966477,82.47164173563377,True,3.752850107273589,2.5649153821742305,0.683457987624669,0.5633532019034093,0.5917102496131141
211,0.3805470038831374,2.1850827576837437,6.998024963799797,118.18928382808059,True,5.7065238574700885,0.6700285782163272,0.11741448821583925,1.3206978678263512,0.5204575325595391
212,0.3496873031967087,1.0825288377778441,8.18410779119089,102.64102061031953,True,5.188453750173875,3.928514963068568,0.757164880372484,0.5059484725624519,0.47742358751490066
213,0.4345419864568526,1.1380655629418936,9.513939262962383,132.19385896003212,True,5.767002302056699,3.47907126150784,0.6032720431318522,0.5547189872867624,0.5479641998308464
214,0.30637265293311217,1.157591225699642,7.468104736524814,82.55673412309177,True,4.468848471709148,3.882096290048003,0.8687017057356755,0.48215128485337466,0.4721213755490776
215,0.28452695410510587,1.8972016480175105,8.96608519934987,78.45935297816112,True,4.343009301545105,1.2801588522077503,0.2947630924373822,0.9443838979749577,0.765467553258
216,0.4490561077167716,1.6495720200318416,10.325672137303394,64.99408561538817,True,2.710441351742081,1.9410316548039943,0.7161312136698459,0.4359913451742825,0.440639258678563
217,0.4459115116894413,1.048596701974689,2.5462819981744618,89.28395869574382,True,3.9359362981189183,3.7868862001201937,0.9621309679046485,0.4052521300115539,0.42589274377564745
218,0.2926667659061349,2.003217141489733,11.871403437331546,70.88505930101803,True,3.7885069285839084,1.3037965896799966,0.3441452303658153,0.8825449080163845,0.7665263783135674
219,0.36012145645950727,1.3357606506335502,3.6669562943555087,139.61385547818134,True,6.0589750164515594,2.1553240319007676,0.3557241985729517,0.6839236771061725,0.6055076072908414
220,0.28659522310190194,1.1817986689330993,2.9803230931521676,138.1339561884518,True,6.059088399601736,2.1339543719275014,0.35219066486433276,0.6793056257620274,0.6026164614978788
221,0.3425432769146362,1.3267170955128378,10.958029465087035,120.77910010881382,True,6.050292963526271,2.5470219973825072,0.4209749862919093,0.6958543673847783,0.675609979578986
222,0.3670261559224529,2.3194865784449545,9.063302611228956,113.13702957236649,True,5.534272756399361,0.49986556139519994,0.09032181524071037,1.3104725371216421,0.4196924964799682
223,0.4162342942766445,1.3479258066211715,9.916232477184998,67.0153533776637,True,2.983714501588339,2.2522775946152835,0.7548569386971559,0.4317060722295003,0.4381956398822213
224,0.3947263603646659,1.5360984339237658,2.3940711693256445,133.5415094464385,True,6.058287847380372,2.062766835664429,0.3404867658370471,0.7008640241144573,0.602699169472527
225,0.39964018458549405,1.044055420120109,4.049774134415053,115.18333288968532,True,5.452029577667426,3.9000198675496467,0.7153335857759993,0.4755152076220317,0.4754607362971557
226,0.32615845675045096,1.9490106105994354,10.622522467216857,121.99501885666866,True,6.05780974186745,0.548036460397492,0.09046775711852383,1.2947701704056964,0.4479567652711802
227,0.43399854291530326,2.319028919537819,5.626175982236964,68.5905480141231,True,3.0551988666803513,2.5348745780279165,0.8296921701801372,0.555481141367133,0.5722433661725868
228,0.37435836044244686,1.6330115735438118,4.305088166584477,62.33211503902544,True,3.0892287070944535,2.8834236103408606,0.9333797797874405,0.4340345779513517,0.4620505739863736
229,0.4272138951180573,1.8181466548480543,5.92347766736762,110.2751195785671,True,4.957561638729506,2.316046384226879,0.46717450089443996,0.6895296377837306,0.6733902179493798
230,0.34323175687946006,1.2078656522816484,11.126916219104613,123.0105936018964,True,6.05705927784766,2.8985241995089837,0.4785365416695999,0.6350538432130604,0.6325840005788566
231,0.42236094853751377,1.8360600583942,5.209198439875089,86.45666300789924,True,3.938083311078021,2.9774995970965517,0.7560783665293976,0.5457295238947206,0.5509751295083527
232,0.3736203406318948,1.5896986529293602,5.98351983568545,103.84829363133103,True,5.10266266840037,2.6230639944579783,0.5140578879928742,0.6398293098420758,0.644756439938611
233,0.29144058732802375,1.837179988771192,10.986138235061627,105.83569339126187,True,5.73744008576453,0.6227718108198832,0.10854523995206079,1.3010641855811893,0.4902268877799134
234,0.3998549691971773,1.6201595084969171,8.575519389587882,78.43548219594575,True,3.64499536426503,3.0135209182125613,0.8267557615454477,0.49881596126454175,0.5040590080848948
235,0.4277925141160521,1.6308651410979491,5.859102539638269,51.19638944309105,True,2.2985771239518895,2.016529276380824,0.8772945903654746,0.40694174729594623,0.41062345819665014
236,0.2986617619595048,1.5090660557702327,2.9064487739933202,51.5366899407769,True,2.879601212731131,2.758602484239224,0.9579807342916254,0.40974126969795677,0.44472224190342624
237,0.39544066111311227,1.8052455083906975,7.222345748028561,55.928821711826046,True,2.629880569645616,2.2102423476619304,0.8404344946963759,0.4423494983543872,0.45302827824917813
238,0.42702919229736824,1.4431290594528612,5.000299904945962,74.80004050271275,True,3.384373654089423,3.1258453141769666,0.923611171124657,0.4307587089100213,0.45506040489867594
239,0.41287392450936716,2.2116117538590343,7.262546960422441,134.3961614450218,True,6.056280491129392,0.6825794234818611,0.1127060453163674,1.310817056153522,0.5344625065216815
240,0.33783939171884597,1.9784240776864768,10.52434122583554,121.40934512662092,True,6.056731810338093,0.5736835228201236,0.09471833008041015,1.2946247252176923,0.4637379260964387
241,0.36253905877415316,1.0183884769303102,3.4302339723754742,122.93763904050306,True,6.057172718628342,3.738280586959114,0.6171659222234717,0.4931257713755315,0.5071878408301411
242,0.3341828745930766,1.0313442120599863,11.298734076969367,50.71864754395575,True,2.5202780361709736,1.6597064866601403,0.6585410271565558,0.40318178018408446,0.3994526937049323
243,0.3014948889685871,2.020812363694278,9.968392335042587,53.21263418546384,True,2.827471453839812,2.050663995437549,0.7252642613429998,0.5384746029148575,0.5825546158035895
244,0.28914047379878094,2.020449661566066,4.50234056954327,68.57657424749232,True,3.853917521017626,1.5747501827506785,0.4086102450721016,0.7573555124311313,0.7147063415011403
245,0.40163596866862583,1.5941362690984722,9.666291926836342,109.64890583163438,True,5.061241092094299,2.574845732573088,0.5087380122229345,0.6518336759197854,0.6527821460594847
246,0.4329870054446193,2.122809500606295,6.263293064663092,67.18774519896364,True,2.9868886323199226,2.609200733704751,0.8735513957472795,0.5012150035581717,0.5180749656305208
247,0.3901308956874711,1.1914041572271281,2.166886456275059,78.85621226368647,True,3.830874871289051,3.6981748833077885,0.9653603961393262,0.4057200825116958,0.42899337212399447
248,0.29591254099237174,1.4910910340416896,5.285381083419534,68.65529046786858,True,3.811260582060492,3.44305249299192,0.9033894216517973,0.4896723879378162,0.5031724443142531
249,0.3331556838398126,1.04124826842056,9.445033157507943,115.10235966263161,True,5.919461223015714,3.5978101458748606,0.6077935153770513,0.5432513452387417,0.5354132867438426
250,0.4368197246359441,2.4471563034688475,5.12435484971409,92.0231452980429,True,4.08624362516151,1.272043066550018,0.3112988806436474,0.905926796391737,0.696736177243571
251,0.31309625596089247,2.233455304456322,6.345390737749225,137.82563795774263,True,6.058893003090658,0.390631244550332,0.06447237875814442,1.3040585407973877,0.35361909929313073
252,0.3623882746890874,1.3521541754273838,7.641700243494354,83.67801370894779,True,4.159527998705945,3.5865138147743028,0.8622405753465512,0.4926241330341772,0.48832527167354556
253,0.3195698133623155,1.4470374541790316,6.193286431786226,112.22702440244379,True,5.962216225758324,2.1201815062785356,0.355602921128355,0.7466651872840395,0.6536328534581228
254,0.3839823620048252,1.256615494329019,9.1947987313003,139.12476652902097,True,6.058546374460505,2.710340909177727,0.4473582839281435,0.6699993662945487,0.6464315169880925
255,0.3210641385463766,1.913687786035808,7.470040961417513,99.25108637847812,True,5.250860690312446,0.9201394671200462,0.17523593204779817,1.3340744320432734,0.6361088433487905
256,0.3552539003639019,1.7790231397891465,2.75026232200167,94.80351490301496,True,4.84478902378529,2.102276344932762,0.4339252616804827,0.676331235423985,0.6409187105095357
257,0.39332722658942165,2.1764476448469106,10.237190905349685,126.82760978592403,True,5.9058579048918896,0.6069206026207425,0.10276586609339572,1.3001036194009665,0.48557272558665066
258,0.4097517405971012,1.9240696852548178,9.277903495060361,125.21088176908356,True,5.70666808816284,1.126079936171284,0.19732704246582622,1.3163451548057346,0.6769059635478527
259,0.3223008991931695,1.6446938824988269,4.167799749458832,90.22433868417595,True,4.828916573709428,2.3819176705035057,0.4932613007794807,0.6515781161809828,0.6489656074879404
260,0.32334220348728,1.83199938255764,2.4617224113082847,74.72016906286055,True,4.021287407868104,2.4066206814200397,0.5984702005410542,0.5897728519713001,0.6108895170807047
261,0.2929183198521459,1.900505089867996,8.149010950763705,129.20998318598552,True,6.0588676235988626,0.4861637399271746,0.08024003330813849,1.3062751893871631,0.412399782391518
262,0.33466684641588135,1.7468149897170804,3.72666075420576,90.04417867384439,True,4.738510816744835,2.1471033392735994,0.4531177457031896,0.681117445278784,0.6583036440788277
263,0.3157616120353239,2.456396009127825,6.333582396167003,67.83463685536928,True,3.6393558447357903,0.6504976910005877,0.17873978768564538,1.3834192740471,0.5186020155745448
264,0.3273526222126343,1.3028481081940568,3.5372896048252462,105.27343740044404,True,5.586029537154919,3.1358261879175418,0.5613694247514995,0.5552237557541688,0.5713594637725676
265,0.44073900159017876,1.5792924546378346,6.198724465344863,65.40685348293887,True,2.8685117693298996,2.5400687020293926,0.8855005334779459,0.428813912562235,0.44311731258397513
266,0.43339775825125737,2.0627679037069813,3.153001619324182,92.22415575256576,True,4.147164689193692,2.3421907401762105,0.5647691653720143,0.6193800296094394,0.6427529754753394
267,0.29266302565550056,1.520199953915399,5.905624461933387,52.042539765000505,True,2.8919595240831373,2.5839935169620563,0.8935095721235178,0.43300457469073717,0.4581828000599235
268,0.3811122648546564,2.232298046875423,10.250730078119265,119.37550029467796,True,5.674887389690325,0.5565446555737933,0.09807148888714134,1.304649566342218,0.4557834411889039
269,0.3088537133858265,1.2898826318079306,2.196838987499426,139.71496499298686,True,6.059084811926502,1.9646120134362934,0.3242423690074805,0.7161548422664894,0.6114684804244406
270,0.3732242425749349,1.1650654961235585,8.405380627502508,74.48705047014072,True,3.6191750909012455,3.0426170388800746,0.8406935178486773,0.4460071200500444,0.4541401071802844
271,0.307626852623385,2.2316912563556652,5.52617666385719,98.83568344586168,True,5.3665278757213315,0.4952555508725664,0.09228602969028603,1.3280985569649268,0.41108572607515104
272,0.2984041483513699,2.2634076608541145,8.363798868619256,100.95598313625382,True,5.48922101688419,0.4130702161315158,0.07525115400909546,1.3047841649920215,0.363470666184345
273,0.33684040778843133,1.4513066436927233,5.07207019312952,63.03155079252987,True,3.2997207453705646,3.0370963288924946,0.9204101083867396,0.43734315595929374,0.4617112557683294
274,0.3498513971882525,1.9751379579874353,9.840697150403528,77.0374535216145,True,3.847365260469681,1.929616089473192,0.5015422136544496,0.694312575185482,0.6946120165972398
275,0.376729361902212,2.096997902523603,6.341012445821596,112.91723717601946,True,5.504198007245895,0.8361353117274423,0.15190865419934532,1.3326331538162521,0.5976178523878626
276,0.37722824202904015,1.1599192480741127,7.809421479163453,77.34244718344296,True,3.749380287551436,3.231083912822396,0.8617647891173189,0.448958907583036,0.4554153328397046
277,0.363470118191224,2.0093555568825767,9.179230182087112,73.47097398503539,True,3.604986011155828,2.2321795977143974,0.6191923049928056,0.6367101447224122,0.643813128974593
278,0.3763373281752926,1.84455032441319,3.230095894272335,93.60186617135338,True,4.625190171782,2.2223985720987938,0.48049885292447225,0.659032118943542,0.6498158351177397
279,0.40901827021102544,2.161906946519578,7.163646839238646,93.16018179232222,True,4.301595687668611,1.5913963779136548,0.3699548942909053,0.8300263990162153,0.7420071212878603
280,0.35567860647313554,1.1026661163982145,9.18583735357538,101.20206396289964,True,5.044062861952949,3.912011311618772,0.7755675174325896,0.5080408842989339,0.47993551186169014
281,0.34872900289145226,1.1518358613035806,9.702496169254598,97.98412266879733,True,4.9222295008921835,3.832089157152106,0.7785271199682008,0.5122156670378564,0.48959078058195926
282,0.37879952162753616,1.257255968495854,8.970002890453879,62.8917593268814,True,3.00491491090745,2.3890973182839015,0.7950632178008732,0.4274692110833018,0.43531259110235476
283,0.4153119080776083,2.358454117525773,5.280116679608917,123.69567531255669,True,5.6714073395594715,0.6857965030368334,0.12092175045393633,1.3307600674966662,0.5406198190249527
284,0.3984507972447038,1.0859314173063883,4.539742904227215,108.64974810059493,True,5.151807644775486,3.984557885934823,0.7734290875505831,0.47327875414973386,0.46517472806642557
285,0.3809499662959192,1.4839094020940264,10.60083939962359,105.40304461460309,True,5.006543963841718,2.7945120205411165,0.5581718727976129,0.6093638218814457,0.6081705991841373
286,0.3233995833901666,1.4115088407383194,9.556255896101664,90.86893747547708,True,4.744956821952315,3.099431816786116,0.6532054838616747,0.5740297705845752,0.5633976245505168
287,0.36453324311705676,1.5693302267353477,2.279280456519607,108.50544190491534,True,5.457191834838736,2.4430378856586894,0.4476730816135737,0.6239538474933228,0.5992376604238339
288,0.33932183190519744,1.951634855858459,10.58733079993363,62.86696166839157,True,3.153951354774827,2.260415227743215,0.7166931171342036,0.5522988699422675,0.5904282593299319
289,0.36848051139638105,1.4522496109418759,11.762818416701528,85.47014192534185,True,4.093859236182688,3.0045329822834694,0.7339121374102352,0.5145349043438476,0.5263964001167993
290,0.43988203874022624,1.9310108067951506,3.5758843634129187,132.702439961814,True,5.852132318836472,1.4809880140537528,0.2530681012264269,1.0682617830569057,0.6673492662357305
291,0.30701751658254023,1.2093543992697846,2.8458843769502495,54.07074762051811,True,2.9853382708158005,2.8697499154888275,0.9612813206272313,0.38700782236665443,0.42427782227007516
292,0.29880036801026005,1.6239304329419317,9.458027592410305,61.84679910997521,True,3.3306081848338085,2.6121447937237403,0.7842846257384315,0.49379703270877817,0.5201890689035351
293,0.3718631165834575,1.7981857533141747,5.182479106978046,52.39623803054233,True,2.5953137155204944,2.3515736781581227,0.9060845569825499,0.42854504080772715,0.44972216992393177
294,0.39063050223078216,2.2739740717448336,6.673904053917607,94.45062292963541,True,4.505940775287382,0.9693512715270286,0.21512738845645502,1.3614341342762817,0.6504314852262643
295,0.37199112328110145,1.0869108172389745,2.2895700882494454,66.867066888574,True,3.3484965048887876,3.242144058246272,0.9682387464083533,0.3825529832191834,0.4199640597922105
296,0.3025100955465264,1.4291326692828947,9.728007466882628,61.74543251941878,True,3.2998683249560457,2.5680055561863275,0.7782145538248207,0.4602335658275307,0.47997656092771335
297,0.3949933370430878,1.91600984513073,8.377756352463994,74.55231868204862,True,3.494768362697097,2.801879865436894,0.8017355013694057,0.552375720880137,0.5622551494050989
298,0.39323061784308044,1.9337683032656288,10.34563570520613,126.58134646944342,True,5.894459055357942,0.9026023551620526,0.15312725844479413,1.3050453657083922,0.6225033212410107
299,0.44879123217669725,2.4087579445906786,11.34855458209181,120.39193736911487,True,5.066475588922919,0.6954102124893372,0.13725719196392583,1.3206754603040212,0.5375415390591556
300,0.3871368542446812,2.412586818423632,6.255857265375806,96.90302602527157,True,4.655992100621506,0.6887599241293524,0.14792978794732342,1.3554936632666288,0.5215709631445802
301,0.32904274088997526,1.0239629056471404,10.17699220773772,91.828121356597,True,4.738331863320212,3.843349814582258,0.8111187492657325,0.4855833793906501,0.47126555491835154
302,0.33871288430429586,1.097936007934514,5.291210448406336,53.517802483190394,True,2.7899658099423403,2.54283284914094,0.911420792354976,0.39309591817981326,0.41656311347949604
303,0.39453229603922935,2.140460972889357,11.613646516192524,72.02651366881538,True,3.2851313814401717,2.1455984566119706,0.6531240938288927,0.6164305502920655,0.6487055349837791
304,0.4067932462824221,1.7503269286472145,2.6166167380874517,53.68702643550863,True,2.541882038440508,2.443709668749461,0.9613780780514593,0.3951163924922785,0.42901428708517875
305,0.3428999092654731,1.0073407921458695,11.645527442511407,128.81091691565473,True,6.058276686903192,3.3910334788907375,0.5597356565475934,0.5711864201530008,0.5698101385646734
306,0.3623503833700854,2.4138323020286325,4.172650220298563,53.75857587094946,True,2.7170292527788247,2.197292599819218,0.8087114253819501,0.5572491546429648,0.6012781646948819
307,0.4015554789347734,1.5422053849808626,11.308924108626858,113.28864029036805,True,5.180827425751654,2.5522843697831137,0.4926402985547851,0.6471603637329326,0.6469285663297399
308,0.4050183836466855,2.2009903547430936,9.468929538553315,112.45553793632305,True,5.164751206212197,0.7895173012178585,0.15286647307777804,1.3269837440249095,0.576928918623846
309,0.31185740626143055,1.691182949474296,10.859119308504134,101.78893885887845,True,5.36641077072935,1.3289865005442325,0.24764904464508775,1.3185218056360406,0.755450542603942
310,0.3894068760396714,1.712259702097302,9.14319620656741,60.21251283157245,True,2.8184305517132846,2.1810543290134614,0.7738542032506811,0.4498944481083247,0.46259465005151235
311,0.4309296235820023,2.316801394617009,9.22694757466329,90.85075743660474,True,3.990276399448401,1.5286467578679397,0.38309295017238737,0.8346970320628726,0.7728343180963124
312,0.33508948893648965,2.3493027500343104,10.879500844714116,136.71016686696703,True,6.058727291159597,0.3563136340168415,0.05880998052788173,1.2822688268010927,0.3334573975751227
313,0.43885519725276056,2.285785323057767,11.169390155178952,124.52664279569314,True,5.342701188508491,0.7306403835620193,0.13675486570979095,1.3144808708556934,0.5528327351931837
314,0.42443588692123024,2.315635143356322,2.2223696973655698,103.55014952548163,True,4.730633116390894,1.199213726895939,0.25349962624259603,1.1055229801973931,0.6575969152223848
315,0.40987624511624976,1.3154490512768604,10.318380316655311,68.67731095255793,True,3.0831972061217776,2.2962825250397927,0.7447731596540296,0.43450486159812085,0.4420081807899119
316,0.3046009668185277,1.1336453567759164,2.7841482940317075,133.7009614635245,True,6.059056277749549,2.5927884391683427,0.42791951754759977,0.5910826532430118,0.5614224543334956
317,0.31718761563851555,1.4961297459427971,8.615145576357271,74.19286704374522,True,3.9254366139363714,3.236219088754634,0.8244227093784098,0.5163121406143039,0.52415103405133
318,0.36080121037291285,1.7180614354728962,10.719359736947261,80.90055114681147,True,3.949558124235651,2.7772668795321067,0.7031842024276033,0.5766625008116866,0.5878502151736198
319,0.3168735772925922,2.46992253739067,4.880669276968345,60.458480097524266,True,3.261345768793732,0.9926782228461397,0.3043768717639834,0.9544765879021906,0.7149834454385471
320,0.37159951281272013,1.693443497966975,10.397842404981564,122.6015082868035,True,5.911577580965877,1.3647557686634444,0.2308615170775549,1.307385741856046,0.7121955869364234
321,0.39441622460172343,2.488800415285257,3.5630425401023467,87.56018318931811,True,4.201420419677385,0.8874082468263443,0.21121624550358278,1.3908921210719467,0.607128368439402
322,0.3538266610474843,1.8065740493271787,11.787690910442752,105.63535609655824,True,5.199457005922014,1.3237065391818332,0.25458553415754265,1.1167483066069432,0.7638852133374163
323,0.29771787608301276,1.6050094633399794,3.5432713459711866,113.2529633245598,True,6.05783323036137,1.358738398317526,0.22429445424605604,1.3368043333492645,0.6794094139847924
324,0.2904469556196988,2.0603754530256895,8.481384430989273,57.49749064798151,True,3.152339890999353,2.1303686663359147,0.6758055095577103,0.6286086461781419,0.661956384548744
325,0.3081167641873324,1.2673279956920689,6.246222302287633,59.52841599369446,True,3.2317061889665744,2.8874309916181353,0.8934695243881281,0.42706003709275286,0.4483725857135443
326,0.4486547228600365,1.6585543713552813,9.257013027354631,74.35989735534538,True,3.149510336383077,2.4833266362878583,0.7884802305934739,0.46032810346031017,0.4708220316081566
327,0.33210053104082254,1.7912908600817334,11.043037576328675,89.60342448197545,True,4.57330461680284,1.7749224055379165,0.3881050037683145,0.7827098545100148,0.7413976507182038
328,0.32024078691039626,1.7604965359008675,3.4598072900033827,117.87438115374486,True,6.058023337497168,1.0662922064469702,0.17601322197736888,1.3350557762954232,0.6851648879315517
329,0.28624217321882434,2.4602301006720957,3.8012827001938883,110.3966534598319,True,6.056833221309501,0.3727618476475184,0.061544017150091924,1.2922212761565253,0.3359347095673102
330,0.41604280451399267,1.712900681919732,7.929972634455827,132.9446007629378,True,6.0156350543155686,1.5960107063923552,0.26531042724199,0.9473364110057236,0.6782079105162957
331,0.3517968891343266,1.2985909272851632,10.518134697062209,59.87457149402162,True,2.9418744531864904,2.1379758890687013,0.7267393368037692,0.4293577501413086,0.4361753596367408
332,0.3045420209480031,2.3041295587655615,7.766125460483094,105.77765342845193,True,5.710610665063948,0.4030316649023974,0.07057593111154326,1.2993930787499264,0.3567472517121
333,0.3477843985264811,1.7530259380348887,3.2751821004388892,125.74149610452339,True,6.058393886056188,1.1960845766624821,0.19742601738314727,1.3392097027943937,0.6936423314482139
334,0.434514053210115,1.3715542954792739,7.505609262876723,126.9331491228598,True,5.59022526159313,3.0963018760280554,0.5538778369631667,0.5910603467938587,0.6028764159848494
335,0.2918914059758955,1.73139177782332,8.19259118224319,95.15460232938383,True,5.234298862209915,1.2587852255618253,0.24048783967034842,1.3328288877472847,0.7317764384934962
336,0.425351517734813,2.3832945914271297,9.337875103071669,71.76335070344687,True,3.165673622229569,2.0329802006561146,0.6421951354619735,0.6415521095337273,0.6554493035269804
337,0.32390950236012445,1.034411200687616,7.751026247207912,110.98230274138157,True,5.832885120821977,3.6911147672807587,0.632811154484147,0.5259572470667031,0.5234276513024496
338,0.44394082624356124,1.5382721525361926,8.100628328718326,139.86392133400125,True,6.021825021115964,2.3669942785074163,0.3930692556172556,0.7262636662307842,0.6650399450295872
339,0.3516957611172798,2.365402243213989,7.441549366152108,124.46764737349326,True,6.0576666330569005,0.42927528009428906,0.07086479103219691,1.2977813344410496,0.3774667856769902
340,0.34607319188703245,2.491467449494094,3.391906426109152,54.948195724555724,True,2.8567943783519976,1.6908139685033068,0.5918570763495722,0.6470587292645149,0.6724485201242403
341,0.31863575318823933,1.0903583118295133,7.168928367985725,127.21371693556193,True,6.058745864571749,3.1389414663180424,0.5180843587899708,0.5891899068865776,0.5953605544393121
342,0.345348979684244,1.1077418941914525,6.644515949253475,100.22237060919218,True,5.134407486279868,3.9162661830197854,0.7627493909442925,0.49646420732842333,0.47635124456588596
343,0.3253555755047729,2.26164327279812,8.240127914384455,113.94136691239987,True,5.947951897373443,0.4319947559934639,0.07262916100317296,1.295714007121401,0.375871357334411
344,0.35431960809522556,2.279596443184944,5.346828827830166,73.33569382453892,True,3.7313774478929767,1.355598931766342,0.3632971873515014,0.8387928890924012,0.7385812504974627
345,0.41944835850960077,1.2152230758354945,5.157326996243554,119.7052905651446,True,5.461126320814821,3.5528348294595937,0.6505681467059522,0.5151963464155229,0.5295629443923477
346,0.4078435098602924,1.0959697005783684,8.601471014981854,123.87642058099864,True,5.68502520883262,3.6407636489971282,0.6404129296279292,0.5341820780246715,0.5242398030854449
347,0.42399824592196045,1.349466163940718,6.755320629489945,118.54231359152955,True,5.337795887343196,3.2718981720795437,0.6129680192226458,0.5562610018817415,0.5707322770138319
348,0.3913400121275086,2.2052051317470123,7.245826461678366,110.38299090480615,True,5.240121533427342,0.7831843197591738,0.14945918997549015,1.3349343544261196,0.5707956969450492
349,0.33307953365699705,2.338813191356591,5.007162759432253,63.302124501433724,True,3.332322211381868,1.4197745323970516,0.4260615997899827,0.7705785300010044,0.7338279372741874
350,0.4261621736353374,1.8444526621219721,9.245156238393193,137.10602056167136,True,6.047268710297684,1.2337695535504032,0.20402095766795675,1.308296691823624,0.6825801320264904
351,0.3008089041032078,1.4235354645236198,8.900178134025541,69.70575712759305,True,3.767613590303521,3.0959966693303276,0.8217394366816987,0.49048397660668464,0.5049087179656637
352,0.2814562792415574,2.2729691170791986,5.725849904104205,115.29608461068345,True,6.058194546743263,0.38049561065840115,0.06280676655769436,1.2932000671614352,0.34220215993953484
353,0.38906841685428106,2.0425424632365416,2.5693653237160454,76.06418951456749,True,3.698468372318362,2.437015217147234,0.6589255258710259,0.5699942684135495,0.5999098106011007
354,0.4020986175660031,1.5335923783036902,5.830505392118397,56.4362688281609,True,2.6507412052290658,2.3614352659373536,0.8908584743312535,0.41553752498057817,0.42970107797595736
355,0.3850850887425413,1.6746377962078962,8.502717980710491,95.83761463442497,True,4.573941101798684,2.6187721967259936,0.5725417399223116,0.6247222214385739,0.6288635804845977
356,0.28379426408248637,1.2269563698687367,3.219551233823744,91.62151537616327,True,5.189563958655575,3.448482500908464,0.6645033240522656,0.5082799656909267,0.5196857320703705
357,0.2811237110632709,2.2109154453303095,3.900346577557277,86.60245005461329,True,4.91447948297089,0.5304242139296124,0.10793090413086057,1.3498198557992875,0.42509008058711206
358,0.35318201004151434,1.758131857494012,4.393970901034935,77.72109187890246,True,3.976134798627667,2.8016019266783276,0.7046043629218203,0.556242163315507,0.5684830876010736
359,0.3328514101407771,1.438363183242784,6.905319115341799,103.19102632715385,True,5.3775461481743205,2.717580191061753,0.505356926036678,0.6386344813590581,0.6402152766476634
360,0.43756990936299245,1.2924631617671873,9.08423199083731,120.64715021845839,True,5.250817654318107,3.424251601585543,0.6521368341118352,0.5538801975974348,0.5377450412105591
361,0.3909084144395072,1.2313235727139722,7.410437756018522,102.08582515023375,True,4.852426347529325,3.795448828954953,0.7821754638042996,0.5072543925419364,0.4858062685542701
362,0.3356217908876806,1.833848599561293,9.085997081896629,91.05719949911725,True,4.679913690734981,1.6778017720733078,0.35851126387115245,0.8292328840856027,0.7544247532186463
363,0.28604654836951865,1.9757883676697456,8.853260496121216,113.8059239423659,True,6.057711275486652,0.46943222725202666,0.07749333137610036,1.2953935820134337,0.39656939291889026
364,0.40459079603857706,1.9566716188257431,7.420271531740878,75.7229760579932,True,3.5150938070247646,2.83085660368746,0.805343117168058,0.557995679396698,0.5602625473813645
365,0.4427094842768384,1.359594642480872,5.684085956147845,114.9205669646471,True,5.030941682205582,3.450113718313417,0.6857789130246636,0.5223334219925828,0.5298876233064691
366,0.40735947868977307,2.4574953599539864,5.607826201265954,81.1747109478802,True,3.7865087760942,1.2483927266331913,0.32969492491733077,0.8959453671537694,0.725496247542734
367,0.38814363792374146,1.2466233452187905,6.910316651540675,136.88654433894337,True,6.058452211072088,2.877159823307156,0.4749001433153207,0.6232744937771595,0.6124995621044618
368,0.4245758784491592,1.6131267642232259,10.127402252009452,82.42213131883497,True,3.631525014809396,2.81615731355397,0.7754751246569008,0.49316000873422094,0.5031660404694156
369,0.37762788326340624,2.3567538888303776,5.917568596936647,125.3984924038667,True,6.053832129790286,0.5123084140912346,0.08462547409767403,1.3096282774715382,0.43658557032527767
370,0.36632414988466927,2.150449880683974,3.8170352168442516,111.36974145024996,True,5.560343967613743,0.7947291351282683,0.1429280526091862,1.3433632436973624,0.595949375086172
371,0.33664080323668055,1.5377118749035388,10.050093064493735,106.45389477144442,True,5.435391479157298,2.1861405106494667,0.40220479408567006,0.7446740073587308,0.7107167013344036
372,0.4048737757934148,1.7511433291200753,9.12969834590713,92.03800039042578,True,4.233945577147577,2.7648206408936153,0.6530127963421495,0.5989987682481952,0.5889503484133582
373,0.2984749043829783,2.32316368221432,8.322859150682456,90.92129284650889,True,4.949012317598043,0.42357807706220263,0.08558840630806559,1.3214326206996043,0.3711088714012867
374,0.2952272205346773,1.479526700917846,9.80826163182582,100.50518616825352,True,5.458700239111069,2.148400144193162,0.3935735706460082,0.7489882711725917,0.7106653345909937
375,0.3298378923939678,2.33952955977812,8.623145438392292,131.29587132046186,True,6.058645536743908,0.37537896044467756,0.06195757090724557,1.2906872005246495,0.343045564478353
376,0.37139096954829914,1.3138706782639429,11.921317134534421,57.04431307409959,True,2.6647214845056055,1.7183894497432348,0.6448664371624013,0.4210449369134839,0.42135792472385525
377,0.34704668291294594,1.2281910971179142,6.1193442241540765,58.45106373514109,True,2.995454695577185,2.673932781592669,0.8926634028352204,0.41379997920392375,0.43272148622449924
378,0.40532171987646337,1.468939547649856,10.045526560565662,76.04273360761628,True,3.4605665611608236,2.680500544687701,0.7745843050013594,0.4650975348327857,0.47668052855649323
379,0.336430588438019,1.287282965005358,4.074227884559889,64.43610498579854,True,3.3895023287141925,3.193035673076661,0.9420367249866853,0.41627759850627166,0.44581683785031556
380,0.29051523699644755,2.16510295648448,8.295585872169829,73.86077542897715,True,4.067278550797415,0.7478817903425756,0.18387769143471838,1.3597414002147783,0.5989820141887061
381,0.3748848066079234,2.352118614574108,5.86821158684237,57.2684717783261,True,2.812019983693604,2.2962465995725747,0.816582603568998,0.5656766951239636,0.6017621185650723
382,0.30115246879395374,1.9935449277234052,11.863458333980237,130.49927257107518,True,6.058763219655652,0.41724074898818025,0.06886566347973143,1.2880224569459169,0.36873798147673265
383,0.3964032296261878,2.4004712288526067,2.354650341842616,52.36334946042066,True,2.5246706309337914,2.3987921371973058,0.9501406273776285,0.46848582588829935,0.5213081118259861
384,0.37802351204840223,1.1374390074032856,9.770924634518906,135.3448291715073,True,6.058342986076158,3.134020966154527,0.5173066254844638,0.6078271565930655,0.6118378662718369
385,0.4177152526479756,1.6148194351965892,4.008195947192913,73.6620639990612,True,3.4007882433871854,3.1932427089435182,0.9389713444089798,0.44174958090434746,0.4677905062078387
386,0.3227152638141486,1.4924559549831884,7.968795364417929,120.25616986808461,True,6.057988749018815,1.6187530895154882,0.26720965597330804,0.9394500925780305,0.6840660584297882
387,0.3665883230243705,2.2350453967523904,11.889345548345748,62.17525302341891,True,2.9428969307248574,1.8610786485769193,0.6323968159219636,0.623030492059431,0.6635165504365621
388,0.36820424800654883,1.7159730453689943,7.988820013686897,125.2956580029581,True,6.056445715187562,1.2707586923276033,0.20981921610243465,1.3141006762787546,0.6837826981099138
389,0.31213594971547487,2.332376551110408,10.896785007883295,125.11097724755271,True,6.05831514087693,0.3467049763648324,0.05722795336702268,1.2756405433262303,0.32898989799245193
390,0.40750009948082666,1.4877898626364527,5.600551102667301,77.859112628905,True,3.6326413059650084,3.3064188715312985,0.9101969044127661,0.45662073344244547,0.4715889313077728
391,0.2818027266235364,1.1279043014566952,6.46459422999788,130.4592887500052,True,6.059003687501444,2.4080808284477317,0.39743841605760005,0.6641131465052581,0.6106834971898696
392,0.4139194379461709,2.169629264099849,2.332963188060685,88.67443246919188,True,4.133144267065791,1.9183651172473297,0.46414182358294953,0.6781824830077796,0.658980640739196
393,0.3413230661702191,1.0023725402192254,7.134456714483689,130.58486700502525,True,6.0586866636648935,3.5066568608219635,0.578781682481132,0.5433351420511059,0.5607451344429495
394,0.41117259457678845,2.1213641223495823,4.470025878931896,88.25571895926258,True,4.107685178929712,2.035238082180052,0.495470804973021,0.6920691912650758,0.6899588812766213
395,0.34341935858439887,2.4225142390430277,3.062991691829953,104.25793617028307,True,5.404276492811789,0.5132884411989603,0.09497819770725714,1.3403329382069935,0.4304679793150372
396,0.38364846455115365,1.1177958959843448,9.153276795567443,94.52493491981534,True,4.505997593536412,3.7625561812017554,0.8350106947679956,0.48408781381234833,0.4710319765061919
397,0.4435998145314115,1.2668726500196705,9.384024072350908,107.28239245949578,True,4.611027569269619,3.74944200695838,0.8131467337013313,0.509001111808431,0.4912057847897806
398,0.4105643100505442,1.2801978402936194,7.57582939553999,103.02434017372897,True,4.7358621785502555,3.7565305555860093,0.7932094334586317,0.5094239890656915,0.4885176678907093
399,0.39439368670128006,1.7821184033150657,11.050940058992447,118.34308797302211,True,5.485255051561274,1.537492344461479,0.280295506773903,0.9454501015620407,0.746540682407177
400,0.31477237075938536,1.8413949584464828,3.346611456927728,83.62334867557861,True,4.539433233260177,1.8229329557342926,0.4015772150535805,0.7333466708674119,0.675895972932913
401,0.4449650032069847,1.5990428444774074,10.275177405569305,97.05809310775942,True,4.131950884166757,3.203869217503167,0.7753889887171914,0.5308799621096649,0.5305707528466543
402,0.3800084536507585,2.024175613305068,5.643734826250352,52.620089401110334,True,2.56511680738384,2.2806675476151255,0.8891086523038988,0.4515774605800038,0.4741042431586924
403,0.3574543928058255,1.0679662614893322,7.2958243710445965,138.37041162795205,True,6.058884586997466,3.2026409912476894,0.5285859047588801,0.5775112541231366,0.58707735129172
404,0.30192963400906825,1.5320716244784582,11.085029611137738,69.48326100605779,True,3.687124052116005,2.7242402931360616,0.738852356099233,0.5130572683629038,0.5367210089275258
405,0.3267323201637348,1.5501108140181348,6.210950296317775,96.16599310977162,True,5.074823080757992,2.5156871551215065,0.4957191837209339,0.6573865526596041,0.65603035007112
406,0.3457564050544305,1.6961896931495275,10.193142283957968,65.2915023610786,True,3.2589511745470596,2.4545311011050854,0.7531659634165047,0.4916508418688008,0.51474499734746
407,0.4193833828546713,1.9634424634098138,2.3726029146259706,66.20621835119829,True,3.0661966456505927,2.934592010077877,0.9570788664975558,0.4462094608324567,0.4815867527709128
408,0.3383404085444217,1.6257321985341133,6.850085064142321,106.77146704518645,True,5.516402957670725,1.8428262787450138,0.334063028550608,0.8070727500834711,0.6869228082318686
409,0.37457071487572385,1.6038074897742056,8.998770622064974,110.94215831391637,True,5.369861402236994,2.2773170674411887,0.4240923362551772,0.7288888956825854,0.6996042456159857
410,0.3325508612832515,1.316426659001916,8.977658842971532,70.19597468879053,True,3.6177975419416555,2.9656183057236456,0.8197303114236768,0.4621376936127879,0.4740003332903622
411,0.4128392431018118,1.322152128917153,11.68855285146246,117.95917727985683,True,5.28160790714072,3.2218451633576493,0.6100121818966764,0.5705618564313868,0.5633880087244671
412,0.3107778535842318,2.2271479595460337,6.473669845636891,55.65766395228401,True,3.0031817190791905,1.9446710552616142,0.6475369248910693,0.631960588909291,0.6626309346956138
413,0.36327834809024007,1.6756487214279578,6.435281008159482,120.67690784908294,True,5.990720471282697,1.5060671356754773,0.251400001534875,1.1527217822208904,0.676842361222362
414,0.4004259013946636,1.8093649967121188,10.66300402348671,100.62341974350007,True,4.6231016179999935,2.147912528205228,0.46460422151275127,0.6972133803867857,0.6928655453524137
415,0.3427162349665288,1.7592705622447329,8.73608547362914,134.77050795251802,True,6.058783630059018,0.7998852151393507,0.13202075927764384,1.311774774653597,0.5867403830535802
416,0.2907170213749124,2.090611752159961,6.450758096229695,123.65475524839404,True,6.0587219295441885,0.42831795232020375,0.07069443973515172,1.3043970137914531,0.3747671070130201
417,0.42271070444096476,1.5888494323453881,10.153470998856308,103.9721487628472,True,4.614722780993531,3.001298304654021,0.6503745613962653,0.5833869871151163,0.5714582701101745
418,0.36459540281488545,1.0261537800561167,10.951095808227404,90.27776698434675,True,4.384648109844041,3.434263547716337,0.783247243947814,0.4709650341930818,0.46989710834517906
419,0.37029308812791156,2.33316908293864,2.8806166093062417,98.53126440664673,True,4.9129621243394315,0.7710123539367599,0.15693431669604532,1.368409294708968,0.5738517331701387
420,0.35082669447113557,2.306634620542106,11.866253235691506,126.39704653057784,True,6.057439842440119,0.4023415728213495,0.06642105960383327,1.2801753912224951,0.3620605690097216
421,0.363884983268423,1.0095712461029784,7.387485625315098,81.79226253849681,True,4.061750714957309,3.5721630624290874,0.8794638846925475,0.4458983845508495,0.44798090813852687
422,0.3039204752303083,2.475703673621839,10.31106554309275,117.36890808123437,True,6.057368362307399,0.324617243450503,0.05359047428425641,1.2646816068663522,0.32064127391500774
423,0.28567402837045425,1.4569476075867236,7.591610140737275,86.15646092753244,True,4.7982888684249785,2.760583184529383,0.5753265925057852,0.607091769767985,0.6141576471676613
424,0.2866989749301207,2.011903575806063,2.4551968685718557,89.8825173650495,True,5.077772937436999,0.8289700720307557,0.1632546555831576,1.36218833288205,0.5887339340470112
425,0.29369198190028684,2.299761861051289,3.748239746628804,113.6912799401183,True,6.057870954055983,0.41832292341934196,0.06905444612339559,1.3054044072699877,0.3663875766792768
426,0.3915647157173008,2.4032600284398526,10.689530960879962,74.32644312885662,True,3.440550839374193,1.3071782453158787,0.3799328381828659,0.8352816379892443,0.765265399679151
427,0.43972557918121524,1.5390369615171051,6.796061035746806,51.782774757674886,True,2.259306564723584,1.8969202718894718,0.8396028682019748,0.4067381654218578,0.40367580464189023
428,0.40597170182410935,1.5280873526226821,8.568493398211686,54.0153413098908,True,2.4635350261467197,1.911978776156832,0.7761118700826465,0.41790089489151283,0.41814267054081933
429,0.3547713671937742,1.2087952278698384,6.286707596158034,63.73266820659114,True,3.225906560432792,2.8809430094335355,0.8930646177944548,0.4211814696613474,0.4403617240212019
430,0.38752292167852503,2.317584881581636,6.736440410947057,53.48464145433637,True,2.555979740359288,2.1548903285866934,0.843078016058056,0.500474269101383,0.5376676060288825
431,0.4140878735683529,2.014708592532469,10.083258620582694,135.551070489564,True,6.054652406040376,0.8261994071228465,0.13645695107098058,1.3013586509527943,0.5921648703303464
432,0.412342374108852,2.1359526728234766,9.775274258561646,105.25771036694547,True,4.766361396731398,1.150072049189536,0.24128930927860712,1.3396087402751564,0.7205823007447782
433,0.30875127501116123,2.2763067905378636,2.6906669558392315,67.51642694094683,True,3.711791447328915,1.1393260800717888,0.306947762620573,0.9110571448697256,0.6939723798918607
434,0.42790971506047704,2.2493380564071765,8.122343536225907,54.73493285253913,True,2.412723459695166,1.898804555201079,0.7869963495281727,0.463519035422725,0.4834141764093225
435,0.32307411552184545,1.6268269402710496,11.424864089332512,101.7968668117711,True,5.2617980693941035,1.789159803871871,0.3400282147425496,0.8317563613100187,0.7531740983336399
436,0.44942964856519535,1.6392733297344924,11.726280026386526,71.3060774186587,True,2.939254909385864,1.9823371270402714,0.6744352525227104,0.4500872021694091,0.4578483904038899
437,0.29695952862520736,1.0994128508191574,10.831797803939482,69.25093092610734,True,3.7098006579783536,2.8213322894837165,0.7605077872354452,0.44856019895960886,0.4624943808098605
438,0.39662951501092375,2.0891411857215854,9.11325218194274,100.82396258164343,True,4.705142758471954,1.2366867146626395,0.26283723537099796,1.0434523114263028,0.7325505784640707
439,0.3905730126795043,1.0367707403140498,2.2654855365618487,115.74851461220754,True,5.581064700803732,3.8724615331522076,0.6938571295535298,0.4598172653884296,0.4643744283859239
440,0.3069167661409452,1.6126231489694627,8.938941139182669,85.27594993740297,True,4.576006774903968,2.3766563229541755,0.5193734275019843,0.6557707483867565,0.6586316396033083
441,0.2824547905964414,2.3611965215993616,6.930050884653976,89.5966674042484,True,5.017555145122091,0.40121545749308973,0.07996234139711225,1.3196406703160135,0.3560563097362386
442,0.41879373392311914,2.436379559053307,9.782098798916284,127.09515122579438,True,5.686965959731232,0.5305677907932573,0.09329540471143108,1.305187629223862,0.4426386634135189
443,0.3058713724793394,1.0203383686972534,5.846807662361176,134.03650437081936,True,6.059011638791312,3.078565906142688,0.5080970444804788,0.5693576712293908,0.5721848959458007
444,0.3859344162760303,1.111414455436156,4.678269680885476,84.58395563963974,True,4.103761858094424,3.8257534981546923,0.9322552405443856,0.4329844993167882,0.44310335112511634
445,0.40595557430106666,1.278402571202648,3.2586964810933203,72.85309108041483,True,3.4403160622337396,3.285530308763047,0.9550082752076585,0.4066760235430147,0.439037703381826
446,0.41045406005944846,1.578368447386171,10.59334899352201,99.96412775587223,True,4.51710182528322,3.039000206346214,0.6727765553869643,0.5737954819970077,0.564308947489045
447,0.3016022051813943,1.4589416914998061,3.5211748779741097,133.37115505401295,True,6.059028101495496,1.4083672144071988,0.23244110950064484,1.3437678261487909,0.6924745754431458
448,0.38036658709904436,2.1252333239106607,9.155451016886333,81.08172413560794,True,3.877975747393003,1.7335569398084996,0.4470262458381529,0.7514220164712548,0.7352392086911079
449,0.35364664912654237,1.8435326244146129,2.527228572071368,56.632016208620556,True,2.9194007664589448,2.798099077364299,0.9584497988462963,0.437502416670704,0.47361180132746394
450,0.3510081214919528,1.128532340222768,10.094324601038913,127.5937906788686,True,6.058106906287842,3.1473707128440753,0.5195304014158862,0.6048934000802451,0.6079597302152142
451,0.3114776462197077,1.7719880589083372,8.639629647236307,116.62489225209137,True,6.057372183661061,0.7819827471940161,0.12909603760246208,1.3065858012546552,0.5714526851650419
452,0.3190652320137761,1.0509349663872676,3.4738881603605156,57.99015668156909,True,3.138485126544991,2.9915051270788884,0.9531684894017943,0.38551775940651334,0.4225896555918025
453,0.2890318529636621,1.8300722034422616,11.505851250449375,123.32543907714172,True,6.058558802954562,0.4975475321376453,0.08212308377612966,1.2928921111969744,0.4158600929430545
454,0.30424536415675935,1.6663955830124975,6.702504028872888,85.38711262747792,True,4.6507225911497185,2.237890086787665,0.4811919100585249,0.6876753621487253,0.6823932680934699
455,0.3921211224983059,1.1451311405639404,6.847356712309459,103.61291013664126,True,4.9268810002583,3.94299368493509,0.8003021962025005,0.49141751669868583,0.4711214906345802
456,0.4496823112133297,1.2841961122483854,4.727421562807391,138.89832837848573,True,5.993164806657357,3.2163380363960363,0.5366677106598583,0.5631074049453377,0.574157263664703
457,0.32012665677633984,1.2553798700646728,3.0776583973265286,106.11670100051595,True,5.694267032724388,3.2218149007654686,0.5657997565358313,0.5417388467746949,0.5576122084579054
458,0.34150170100059396,1.2976143366772583,8.203915419385972,90.00071656077483,True,4.607712284767345,3.650481212758139,0.7922545912483034,0.5179186036749579,0.4999195082956196
459,0.418549951709013,2.3541760407542496,5.756153787093508,90.421994010074,True,4.134519659258047,1.2934395918786448,0.31283914419958436,0.9078077026521529,0.710486834325609
460,0.34162226732753675,2.0345725128223044,11.029228584372932,72.72765156718559,True,3.63930104741498,1.779322349129976,0.4889187033300916,0.709537166505934,0.7065498982975811
461,0.31424077397503025,1.3175300205867269,11.598368808189178,55.956129740331605,True,2.8736418111482505,1.941969736918174,0.6757869854845275,0.432367678601961,0.4381016777302227
462,0.38128495801930057,1.0099302677107702,7.90884660437336,57.65423936661886,True,2.7622465319221856,2.2782591322474546,0.8247848647535689,0.40837651483756776,0.41075905881021635
463,0.3454074821798084,2.150682930139215,8.795751349042993,111.38005271250704,True,5.640609858266486,0.5499719746092203,0.09750221845306667,1.3106984581510464,0.4481755875546005
464,0.35155096461842456,1.3305348306898275,7.773747834566341,101.6481707900528,True,5.133101749470046,3.2281592011560383,0.6288905536480591,0.5627289345453281,0.5635008498449054
465,0.2949104921969692,1.1845048581076405,2.6650486095645363,95.2462952045887,True,5.315182688612605,3.54391847255028,0.6667538408685122,0.49355280822934233,0.5054535732198255
466,0.3162406826871275,1.489105022092224,8.260335332707731,95.98082627177017,True,5.098975022180951,2.5627139336880838,0.5025939375149069,0.6542931465371011,0.6548112537204474
467,0.36691007395303993,2.446125372209004,7.098483989616827,133.18520859308836,True,6.058385482316111,0.4166913861632043,0.06877927912964427,1.3003327899083637,0.37193646634661803
468,0.3903312222063715,1.2287612149774594,7.665469465946175,129.92906982448272,True,6.056800309586032,3.1272085372760814,0.5163136272342812,0.5996790997452641,0.6043936480821341
469,0.44181712390743855,2.0662593624444496,9.262263585793976,133.8997650181447,True,5.7699915689220145,0.9949693524839334,0.17243861461479046,1.3138277529247349,0.6486913404801635
470,0.35688203226035464,1.8537724972900627,5.1429583848868345,62.3862871629208,True,3.1658129885010404,2.869388730839996,0.9063670978867907,0.4867099922522482,0.5095098065655441
471,0.35978664825624934,1.2690019922522904,4.944363870190541,108.1315079505487,True,5.4438275371560065,3.3572162588913397,0.6167014358881094,0.5360233360200208,0.5542024492168385
472,0.4325877057252917,1.6836652882460648,2.4188606610672356,55.770829650498996,True,2.5275861299943734,2.4386182893434434,0.9648012625187463,0.38586225553732456,0.4208687764613628
473,0.2840329116043056,1.8167341329914326,3.1134181927133167,92.74203493649955,True,5.248615493321229,1.1741132669976124,0.22369961535411592,1.3589380225579584,0.6745254163981529
474,0.4195142508068165,1.7032937267195272,10.38967526610395,81.7675279254861,True,3.6267185219545843,2.7637665047933258,0.7620570739258311,0.5092844524952622,0.5217638549804495
475,0.3752355531796735,1.848233707408222,6.800756039434319,112.76800712963342,True,5.502033463891618,1.3357923855035152,0.24278158144074644,1.3348487315662254,0.6862282264430171
476,0.3818634418615084,1.136916483978992,2.3177857423938404,70.1117691285938,True,3.454567496916875,3.3413545658751316,0.9672280448586448,0.3893157644794032,0.4242086228401525
477,0.329401766058732,1.798830210636435,4.0599449166630786,112.40696281209364,True,5.923119966555895,1.1311767888837914,0.19097651158018578,1.335198745966514,0.6801823456502869
478,0.41065316814395236,1.4833378797904,8.749249802108759,109.8858744296326,True,5.020284717949052,2.984067893387976,0.5944021227957492,0.5925144368761588,0.593030363506664
479,0.31011890116923985,1.5679563873833149,5.7370028659571,108.41210832290393,True,5.8533990924930945,1.6669685676660502,0.28478641919426184,0.8800261325540744,0.6745216589103786
480,0.28582300459368876,2.172774796065893,4.382613835450121,117.078815016785,True,6.058412176881063,0.4307134542612172,0.07109345513083813,1.307843972116236,0.3752965757012925
481,0.3516359246491227,1.4972155275629948,10.668238937532175,87.90298657935307,True,4.363833239082191,3.1467186645193257,0.721090493637,0.5542284858136952,0.5535123317798707
482,0.4154034327867556,2.4239206161150957,10.41677995299275,117.11253181508715,True,5.256190041172201,0.5650730030845653,0.10750619719954921,1.3158763724683378,0.46298457745801125
483,0.2839289848829495,2.2766421102132552,2.696441470895403,130.8153741036735,True,6.058854700233316,0.39441559352418404,0.06509738441309638,1.310022751284528,0.34878500360136755
484,0.34863962309225965,1.8275474455318843,2.8887721698059527,82.98308516820589,True,4.290949823529448,2.370177201499698,0.552366561944588,0.6163485639945732,0.6328266256647743
485,0.30718099482272554,1.2809088291987005,9.017930348404727,118.66204998584027,True,6.058075679175771,2.4648075251658206,0.4068631122649113,0.711078005866316,0.6687928786417201
486,0.37954992467887194,2.0718057349984473,11.258993258404738,70.29816921879947,True,3.297125995148258,2.230649980797545,0.6765437487314591,0.6004513499904678,0.6343045386693347
487,0.31178848181847013,1.7823062781454697,11.045240356049595,98.3294576661643,True,5.177835856095014,1.1220756522019384,0.21670745913683287,1.3214260371685898,0.7429652549559709
488,0.349125143359774,1.2617723488205725,10.055470488905911,78.03631804274617,True,3.897731226675362,3.092729421052746,0.7934691340148519,0.47144294422079724,0.48020106294978593
489,0.34353322250201573,1.396691382895086,2.465751054010975,86.55737772848859,True,4.51296903437927,3.5075773315304515,0.7772216704369425,0.48012157146925016,0.4897132423013608
490,0.316752747376744,1.3776870597926059,10.477140790117394,86.93808890994111,True,4.557006279270634,3.291529133015279,0.7223007674990741,0.54704030230987,0.5419942905164095
491,0.3884821195477419,1.2684437370194863,5.471351096164781,66.79179597098188,True,3.218111860332248,2.9389252893733175,0.9132452248163597,0.41590984330086744,0.4407466916839149
492,0.337589840162407,1.6521176272254572,9.43343892863539,131.04637436373235,True,6.058620357983959,0.9904665960870557,0.1634805512746534,1.3099629143499283,0.6511319916492151
493,0.34632268441966246,1.5127232585850248,3.319125963068835,124.42011891835091,True,6.058312641419968,1.8511274705859306,0.3055516577223154,0.7828997875643089,0.6325504154157926
494,0.39258556660568067,1.5250430736997642,4.431329268271195,85.99031403133193,True,4.129795183314223,3.5318782729887945,0.85521874965102,0.48923115515201676,0.494118432993067
495,0.4150769373036594,1.7197163496077428,8.035741389086237,109.38912351809086,True,4.977159870169591,2.4331655943660846,0.4888662727008561,0.6804825658170746,0.6770581607486155
496,0.3682624138479854,1.264804997133939,2.603710529954261,54.69381830342364,True,2.7564457746175077,2.658021433596238,0.9642930247612337,0.37714746861274007,0.41509683800319186
497,0.35837107842730365,1.0201370512845678,4.064557988546497,127.54966121633998,True,6.058371375701379,3.641901211882518,0.6011353523967313,0.507397534236596,0.5254113644698002
498,0.34831112244444135,1.8939465666419748,9.012623471910581,102.70608031941603,True,5.179341220147914,1.118123895538105,0.2158814891725116,1.3309043084990848,0.7038844200643455
499,0.4413907645959647,1.4669987148418713,7.005771502996765,126.47659676394822,True,5.5145373066692915,2.937552905631336,0.5326925437749155,0.6098050797542545,0.6196052345675422
500,0.4056433677826515,2.2716652078808925,3.9152351241921997,105.1407142434627,True,4.935608164885313,1.0004978088479222,0.2027101373172257,1.3659945404543476,0.6489063762005682
501,0.44013014859644783,1.2955861802588298,2.172553674045846,138.01362624644122,True,6.0550296456086965,3.183849219673814,0.5258189317013244,0.5376955814793383,0.5452755981471786
502,0.28304702133862353,1.8259843495486676,3.609763137466352,110.33210328057888,True,6.057561150147765,0.758083639768902,0.12514667553135797,1.326935273541444,0.579751213909454
503,0.38640811805481007,2.146419191927787,3.757928231140028,123.551515560439,True,5.957565324105848,0.7974865361046356,0.13386114842548166,1.3320017069669343,0.6084065126493892
504,0.4357812309120263,1.8197259673079664,4.386928069467324,122.34318268987029,True,5.436000407138833,1.9232799540991101,0.35380423290133695,0.7444298384612003,0.6428682557719294
505,0.31207463652510714,1.6014184997718968,7.39493111322353,138.05382675884516,True,6.0589775141976965,0.8865820150040828,0.14632535158392648,1.320841466938428,0.6358798817977291
506,0.37125119347754554,1.8059544460193737,6.240948487223633,97.41299730601132,True,4.802774030846123,2.0884153176305396,0.4348352231892566,0.728649066608873,0.6959638178259375
507,0.2870949124997338,1.3048048633056684,11.844890843041771,86.20181899804192,True,4.673265670288326,3.302204850382416,0.7066161188689023,0.5456997000768542,0.5518442948785149
508,0.2911906893429511,1.0514340399042377,9.629498563007523,120.79477307454582,True,6.0585206236689455,3.200945469745815,0.5283378020107113,0.5970966045836636,0.6026615576199084
509,0.3519998956386813,2.271233298384528,7.701993136185943,114.81062701697202,True,5.778745354309941,0.4959099730969516,0.0858162010421672,1.3085090869720188,0.4171876483725425
510,0.4030557913549648,1.6564093333113525,8.516838224746168,96.5781876815478,True,4.474056984648099,2.8499783975323143,0.6370009160168253,0.5940468187763974,0.5869349895165881
511,0.32054661459103495,2.2164682404145006,5.487775311194865,136.28538554955898,True,6.058892366778001,0.4184592078155219,0.06906529815746673,1.3105654716000648,0.37329594862952886
512,0.4002625268251774,1.2779977856271794,4.260061762761218,104.08926962946458,True,4.928239132840549,3.6748341418030797,0.7456687962471031,0.49050170488887845,0.4940206175572084
513,0.3773715368258205,1.9803680090337115,8.133380493686403,85.07840906737601,True,4.117400308710797,2.017487768844467,0.4899906779955928,0.7079955727257445,0.705726909876724
514,0.31816686611160805,2.254393842372643,4.004345393439268,54.45267253287501,True,2.9443789581033326,2.059482430415343,0.6994624196547005,0.5902072919224026,0.6205403305666826
515,0.41345463959134265,2.3768006429400437,9.107479680467177,87.88591842052595,True,3.981291403596245,1.186370190367277,0.29798627382452975,0.9703170924996014,0.7608725803581855
516,0.41783398931475324,1.4440524208605625,5.4924879350318445,129.87629891816889,True,5.920172060697381,2.737193630403446,0.46235035102696176,0.6359071845383575,0.6185476136001138
517,0.4437729989708349,2.024871591070222,11.365702346040955,58.30482864404508,True,2.4122620349359467,1.5473858072706597,0.6414667166586435,0.44860147539481554,0.45644411824309916
518,0.28125124357324655,1.1906083934774365,5.083050552655637,121.5261174519023,True,6.058854576878982,2.468564503008406,0.4074308884105954,0.6524431070184074,0.6045814528803044
519,0.39857699519935474,1.462610137528933,2.498492996816399,64.80360186799686,True,3.1076161014035595,2.996524069797871,0.9642516874733936,0.39991259893268705,0.4366824582764113
520,0.38341169379465767,1.9620998624270611,2.2365998253229606,66.55184053435553,True,3.272611219561802,3.042035793040656,0.9295438990299557,0.4798579511025829,0.5154183023861814
521,0.3489626409160455,1.860052393428858,2.388223910829394,93.3643012706579,True,4.821828702395142,1.810474612256472,0.37547468481349344,0.7341878742500314,0.6501845831833686
522,0.28826907610123614,1.2104001180526462,5.173193505505736,112.87163197764323,True,6.057981737528716,2.8477669597950563,0.47008510147090177,0.6160964095498223,0.603951026318573
523,0.4496113841968205,1.4288396268840415,3.6154995436092814,89.7195807366785,True,3.9168535447969033,3.691062424389193,0.9423539537985411,0.4451123882271699,0.461298856209881
524,0.30490168675290935,2.2963790498320193,7.529380309727795,117.2192690100328,True,6.057848421616337,0.38394533485229204,0.06337981872941101,1.2897780402080148,0.34560080852038055
525,0.37513649557582157,2.2434019361399677,3.94096527887823,82.7178391720341,True,4.092393138852005,1.3617546399505447,0.332752644662224,0.8583590606109128,0.6990907231476657
526,0.4371984447714653,2.158967230605983,2.091432066950463,134.5103236419228,True,5.970670055935109,1.0917503326781404,0.18285222972468432,1.3443576653059495,0.6797524092928953
527,0.4258309692477129,2.329627857586568,3.507404163825428,129.40100375855758,True,5.848367687569985,0.7768456535459676,0.13283119240212296,1.3367191626889632,0.6014384010344096
528,0.41496487743849486,2.392290167935754,10.934929376332615,64.62825492188956,True,2.849561155776446,1.9071120957115117,0.6692651925878262,0.5932502260803867,0.6372648155746674
529,0.37857751118638516,1.3127203298437073,7.369458752792626,72.98418879732742,True,3.5378236147758093,3.071742381074693,0.8682576395966954,0.44998305919126436,0.4601926425852012
530,0.30437171797566853,2.282475392500377,4.998603225939032,97.96131762185779,True,5.352593328740224,0.4734074490128091,0.08844450155981294,1.328527402566333,0.39761912638008834
531,0.43279781722116806,1.771461124196983,5.1533049612969855,71.27024342524112,True,3.189758116200673,2.9167524691581064,0.9144118026831,0.4546479643167385,0.47564256124461757
532,0.316032372841392,1.4229810962896554,8.958989428499219,85.51595077576626,True,4.528341344539361,3.23080919206092,0.713464146415749,0.5559306804241242,0.5422570149557759
533,0.3349107811699282,1.5070536053687071,2.4924789032223114,131.38106792649,True,6.0589137843182055,1.6572265871697645,0.2735187603195526,0.8600814923587201,0.6495580239324186
534,0.303178260566632,1.2941695454210218,8.441176216560336,98.20200774390878,True,5.311076139514663,3.0596791727802457,0.5760940141708918,0.5875435808350926,0.5919725712117723
535,0.44516388211093827,1.475924238063831,2.251165622159464,100.6787120572042,True,4.439900094025257,3.611683555584516,0.8134605462056982,0.46759928576156806,0.48130569151482216
536,0.3000337809320877,1.6480530683169954,8.759528292486802,93.51525788693765,True,5.072686875167639,1.79834520399797,0.3545153186571445,0.8097967118266118,0.7351225787534577
537,0.4470445422889565,1.9884300468210068,2.746718851759475,80.86846192650823,True,3.5587369574239314,3.02848583566133,0.8510001924541128,0.4968208868430395,0.5234514421003968
538,0.4169545341092973,2.2474005828087558,6.596987948734543,134.24644128236375,True,6.05464027516425,0.6873016309826951,0.11351650961031703,1.3137151734725405,0.54035564959801
539,0.37289667992118175,1.9650430571184694,5.3579291123920365,57.60308939212273,True,2.846397319962398,2.564705769016948,0.9010357587923912,0.4696028539663679,0.4942859766743126
540,0.2913519016325565,1.3103010899079155,2.383036324939491,94.84587038156035,True,5.322158944213765,3.141632438157081,0.5902928625558345,0.5326834679128636,0.5501854237699408
541,0.33152025000265356,2.409797244272104,4.490531284356418,100.78583130658342,True,5.301362121145066,0.4773901240870943,0.09005046498954887,1.3339076130394014,0.40390026745952445
542,0.34295713634374103,1.4548731159629988,6.387911283568186,99.17341824591252,True,5.10394398808229,2.882087604017965,0.5646785330614207,0.5998982937859902,0.6131305631153157
543,0.33971227225739237,2.3986361487001906,5.678240350284885,120.57953944012816,True,6.057396115256966,0.42365683854254593,0.06994042167317856,1.302373375651427,0.3739258968877439
544,0.34592486029922687,1.408132065729212,9.928716391192324,127.8963602789526,True,6.058245314907333,1.9596047322415233,0.3234607762448288,0.8158626965534173,0.6919391982334515
545,0.33118829862822763,1.7965243052305018,7.055809317225849,107.77360532333668,True,5.620714757759712,1.125948399506537,0.20032121323219648,1.3281642538518308,0.6791671819945471
546,0.39300525089229604,2.385122516109103,3.3759088632368632,50.10871270328675,True,2.4208236513911103,2.2680365246068046,0.9368863045036314,0.4640746757655543,0.5077425278997412
547,0.34032760680827967,1.1890528007709946,11.854424069733428,111.0846261918438,True,5.583961349434311,3.255142224478566,0.5829449777277437,0.56913157267876,0.5643679351265023
548,0.44415871155285336,1.9472058635970007,9.072010719833969,134.92328444530415,True,5.794871798752482,1.229429744449652,0.21215823009480958,1.3157460048192346,0.6837079870094089
549,0.2960592601782745,1.74811581777167,7.973707214109256,97.85016839968085,True,5.354866301665033,1.1528075651995369,0.21528223119988726,1.3300992825016116,0.7104680632079576
550,0.2843249124237983,1.748547211426997,2.1255263570914265,100.34663115110558,True,5.676841728455743,1.2255698418911232,0.21588938013681627,1.3504600070807906,0.6663272914925602
551,0.331822522399829,1.2163092737690102,11.006409688316829,57.45008047931779,True,2.893656267586694,2.033763364382807,0.7028351595053006,0.4239882964347945,0.42837468227455
552,0.3938867152376333,1.2399218863796477,8.860001173315428,86.06950915453504,True,4.037800798623884,3.374505879833918,0.8357286671952656,0.4736670401737908,0.4731791414341062
553,0.43054583480132236,1.4151382179965282,5.55038821180727,79.24605082777528,True,3.5544546633735905,3.2454108046438543,0.9130544941494858,0.44165970154480894,0.4602531276332855
554,0.3675403083687366,1.6225527758592069,4.785262534774776,132.47083771486405,True,6.058536808645455,1.5033910038007083,0.24814423866425778,1.3347529191937295,0.6742903707960926
555,0.41928481098460557,2.402160662323874,7.322919191599663,101.47144796528181,True,4.599019129091059,0.8378037405886969,0.18217009259413078,1.354117703770608,0.5952822672436286
556,0.2849386380923652,1.9185600192994707,8.381473637952611,58.771977994501924,True,3.251774663495631,2.4975472562011602,0.7680566812450398,0.5782767997029779,0.6203977328864312
557,0.3296367061368201,2.378759702145567,2.453304920712134,115.58050432732759,True,6.054700327997186,0.4692233448440721,0.07749736889113468,1.3171087797229917,0.40091160400189096
558,0.3627820081978157,2.026037611465063,4.926257427665535,72.46056797451384,True,3.645968483026236,2.3041740841901963,0.631978607307565,0.6145801323022053,0.6318006061342998
559,0.37663340000290624,2.4832598792733305,6.2681582791789685,103.9308272308253,True,5.073097650979739,0.5259629160476738,0.10367687599037197,1.3373288299723547,0.4346459373413749
560,0.3184797661787319,2.403204526943358,5.653155608096313,71.18354528084177,True,3.816438443832237,0.6897050597825434,0.1807195556624734,1.3829807969239551,0.5319329744824493
561,0.3284171966902256,2.2613522803430346,4.7536905181271765,114.45678714468055,True,6.0131878798444225,0.4834819815657123,0.08040360474787316,1.3119578581957914,0.41302983311783725
562,0.32178700692406087,1.2014909624551229,6.0823304718363875,71.02526627566202,True,3.7847287699554517,3.423923870455333,0.9046682281794355,0.4427160648398645,0.4570283443778158
563,0.41834779622371043,1.5733093603805832,7.645168986873159,93.89651089486469,True,4.2578091597675725,3.3580957494103485,0.7886909965672726,0.5354172884100401,0.5194988174241653
564,0.324037667205996,1.0294047455318076,4.534706406591749,121.30569055078388,True,6.058367053141068,3.575899741822451,0.5902415140014441,0.5191642112491399,0.5370145755145881
565,0.3296656429353312,1.1342599660656638,9.692708118544193,73.30582465456429,True,3.7784930877175165,3.036389441856543,0.8035979877075129,0.45281188859824617,0.4627254520387276
566,0.31242222922014945,1.468655077155907,2.861242402198603,66.67215453511422,True,3.6465992911248444,3.4717394502106984,0.9520485178232435,0.4467648407364817,0.4714034341813913
567,0.44381850833368797,1.4980979786298412,2.061855259914186,110.04744023018361,True,4.859243895002131,3.2860320212792193,0.6762434840241288,0.4966625577655597,0.5212386475965851
568,0.34462086152488763,1.8753681587489106,9.345654731068615,136.26336064119425,True,6.058793831684116,0.6329691830733812,0.10447115393880958,1.3067993079639995,0.5026071039513043
569,0.42819272382477225,1.083837798017652,9.910698270546092,96.95082210416585,True,4.265259442598646,3.462210213838922,0.8117232399184469,0.47194132378828124,0.4680531122739753
570,0.4209792810892823,2.0258589218289087,5.418304881870401,50.46333000374569,True,2.299654028149371,2.0471165555544606,0.8901845801569821,0.4238824763727811,0.43760835733688674
571,0.408417629438657,2.1181798127909963,8.690559856208862,109.5006105342689,True,5.021338938311269,1.0470056388760622,0.2085112460518711,1.3369759632168603,0.6726464252377324
572,0.34551801743089405,2.193030766342427,4.2801396491143455,81.37813169809584,True,4.2108174286097055,1.161474240148142,0.27583106127012214,0.9948992228129816,0.6924382980564943
573,0.4385581056296418,2.302519278635932,4.293504374279168,93.24322143715894,True,4.14000674223867,1.6648838755308772,0.4021452087371739,0.7648875253897778,0.6950559333161594
574,0.4248630790413134,1.9974676185812072,9.689975713311114,59.05717272104626,True,2.5828095665213007,1.8891010038031408,0.7314131975852588,0.4562457270575653,0.47042306208532825
575,0.4375943457306423,2.4049326227142043,3.252641799046878,129.13312796376977,True,5.724760641808063,0.7776548469933954,0.13584058717043354,1.3419683418927315,0.6012385839001784
576,0.37244292840407484,2.3955065172496672,8.01739142892907,82.20059820692865,True,4.010490384421693,0.8251610140596638,0.2057506526545758,1.3673387351087087,0.6220562079869256
577,0.3860291557301965,2.275076409939624,10.67502495291338,100.44145655195527,True,4.724685397315303,0.6910961535829537,0.14627347547323546,1.3324420867928009,0.5374790917502974
578,0.3957373019048238,2.352864470353175,9.673239397630372,109.34206371416533,True,5.093641271445522,0.5959795728109388,0.11700462224380519,1.3242784300124106,0.47806685608029786
579,0.37076516434381174,1.174926942959934,6.012518556285853,71.19863394880022,True,3.520938523148832,3.185743367387476,0.9047994863989884,0.4259637641245795,0.4456318217241684
580,0.373922229642324,2.050699766490151,8.227983632085348,129.06138752058183,True,6.057689922540396,0.6617222055583908,0.10923672456329463,1.3071873193287935,0.5177009542406275
581,0.36854766798430477,2.2382604776926924,4.778955201962576,94.27108470163645,True,4.692556488723867,0.9001980164369014,0.19183530738523058,1.3661144177829514,0.6172267107649385
582,0.4252162405431524,2.191376501281905,5.817097808513986,126.03304691248061,True,5.672141438930044,0.9046011666853839,0.15948141921792802,1.3319656025234354,0.6302072883986063
583,0.4141447251994089,2.112896064586418,4.9528580367707935,106.17396071682,True,4.8986609761111675,1.3446081362837417,0.2744848322512752,0.9510838848298566,0.6774605378620233
584,0.30168619990257595,2.3647228212952323,2.3121612720045315,58.27688870247467,True,3.2438124953732843,1.2629599646512597,0.3893443182837002,0.7652214848846111,0.693587599560265
585,0.4324755228775105,2.2509481463781507,10.351360595540008,57.2320373014075,True,2.446887804606578,1.6812486214551043,0.6870967349994306,0.4735730402262619,0.4942940720243252
586,0.4181484816503337,1.0119502012907176,11.825687260997958,56.667401141085,True,2.4403504573039334,1.5329928983956078,0.6281855517134363,0.40090424750655673,0.39783492739051907
587,0.38734744105684077,1.776982182620157,6.7097185559350905,59.5915866422084,True,2.853234144618598,2.472056797735671,0.8664051642583016,0.45250521149635503,0.4676598949209714
588,0.4131750502034306,2.171088795011606,2.1828687789840995,61.03420135131971,True,2.8598314231574467,2.7306109275955643,0.9548153452278617,0.458999724188045,0.5010009547117589
589,0.407798443644375,1.087374504369504,8.7400545403025,79.33324416994628,True,3.634140690260323,3.020377381482331,0.8311118470391341,0.44265745578660853,0.4496211235024199
590,0.3305893901652066,1.440211187690797,8.912611756152135,130.735114932923,True,6.058725158537326,1.5564729798043706,0.25689776959285743,1.013333665878573,0.6835531728318225
591,0.28325845681292366,1.4389860890354753,10.028683413588718,87.33116413438873,True,4.817618972410508,2.678940525644716,0.5560714828188874,0.6167696073445845,0.6205731457431947
592,0.38689884060960256,2.2678589175923816,7.762688860349282,73.97028957416553,True,3.527888300567529,1.7596101414695862,0.49877150055644304,0.7206415687444512,0.7203116990595269
593,0.42914903414794847,1.3275618603312587,5.258174763765576,122.71325263349297,True,5.50195698069627,3.30550017037945,0.6007862624111504,0.5454609793956129,0.5659020420239709
594,0.43071587113432974,2.007548410456125,11.77433106787203,94.33877632996058,True,4.071655615705928,2.0924886620835403,0.513915925013897,0.6681453069291505,0.670123128526702
595,0.2970129483502202,2.237321848245961,10.204246997028314,62.46461222342898,True,3.351232099956905,1.1071316226764278,0.33036554606010876,0.9405776367854775,0.7646013575834627
596,0.3466359837211972,1.9474283114887723,2.3550640683397916,58.99798038548857,True,3.074651626002664,2.9174805859970605,0.9488816753493661,0.47163928708818004,0.5120917412674473
597,0.3855914139684782,1.5331961033756194,10.087039335875481,104.01097661229073,True,4.9176812696733645,2.74182537911714,0.5575443443286136,0.6159088783383191,0.6153050948706626
598,0.41256946762623226,1.502491798959167,10.102024053239374,139.28039399173372,True,6.057842913168665,2.0864973614909155,0.34442909652794795,0.7959758461245641,0.694531497159685
599,0.31278810251905875,1.5938578815421096,2.024380370536232,98.9800134971045,True,5.387440915148558,2.1126574480970266,0.3921448942774661,0.6791800853686274,0.6179443260208841
600,0.3312893021665544,1.2506557968721221,6.896234633631897,54.18983563273422,True,2.828357661937492,2.4423811292496036,0.8635333367196971,0.41681288658450866,0.4277841860654181
601,0.30866150932064096,1.3455645496876905,10.112220612975621,113.57161646184079,True,6.023991764368456,2.3759313860359343,0.39441145987108145,0.7293151158340221,0.6904604572732782
602,0.40951196824273817,2.4198010417230775,5.431590520474664,64.67114343140369,True,3.0080458011984472,2.1518151139757964,0.7153531748480968,0.6032806010834575,0.6193992785146185
603,0.44843456243437896,2.1890969218199845,2.832564422900418,115.51517208241142,True,5.044694892814108,1.3981232180001246,0.2771472304483022,0.9088845103266365,0.6605496553732069
604,0.35129488033046524,1.2613542727295466,5.299663128474335,118.0430842131811,True,5.993816013658909,3.08660455387612,0.514964848243967,0.5873678152061892,0.5923179708004702
605,0.3771444732870348,1.8931015144401873,10.406173393880307,107.86563794561948,True,5.160253341932367,1.2848843910398837,0.24899637787138787,1.326553190313771,0.7379899613347547
606,0.3072934763615327,1.5259557242719581,3.339656895714456,135.37886688224216,True,6.05903497756506,1.2459506941773864,0.2056351710777045,1.3437197023803358,0.7076047767741644
607,0.33740631157391543,2.056181987925445,7.405859010737553,52.57767422465721,True,2.706742123070547,2.243138656554069,0.8287227059552452,0.4920160816569892,0.5281948789134621
608,0.295760175014902,1.5480081525110636,5.77651363169085,103.68693627869162,True,5.718541016542353,1.7567005540419347,0.3071938364978455,0.83774001289046,0.6785665587345182
609,0.425555060648655,1.5740017413486744,5.507814359789001,90.24097456356156,True,4.082327884256166,3.523912758671425,0.8632115936257068,0.498406378391516,0.49838625908666767
610,0.28892519827165125,1.0696297080069492,2.823987973602481,53.8007253008601,True,3.047870247293097,2.9330778995932847,0.9623368652908493,0.3804983014822887,0.4188077542890274
611,0.3958140830912328,2.02182132266162,4.6597546297613786,84.22680755946513,True,4.020484675956215,2.258992877566011,0.5618707841558286,0.6439851566421013,0.6623804524283949
612,0.35551544684772446,1.1435611064865212,6.421713330191158,136.9075902786949,True,6.058871156455922,2.93846441004891,0.48498545920024755,0.6003175923153568,0.5942454751024502
613,0.33375046848771606,2.480657317633458,7.891876196826576,97.27081215518582,True,5.038295290627478,0.41801518582061586,0.08296758361865597,1.3215564599712288,0.36715208945965827
614,0.42895347330354455,1.136424104974935,10.598634217296372,98.57626700987038,True,4.311787732141241,3.408534258736861,0.7905153199747561,0.4789765951871159,0.47675185134207165
615,0.31970579608669086,1.899490711332784,5.41454795960764,106.31334762723,True,5.6700298692892686,0.879059153390185,0.15503607100051733,1.3321702204936754,0.6190178467582066
616,0.35605615227105086,1.3054494875801586,8.790862795737457,92.49829446773344,True,4.616480112766705,3.6396467844011258,0.7884030030446395,0.5209581613411394,0.502730690300087
617,0.3977597341781711,1.461746056417592,8.587768749894192,99.91111512407831,True,4.668548413624004,3.313334292630843,0.709714026518756,0.5548885449450407,0.5337192777659601
618,0.3736935177718678,1.0888601847552282,10.918158838068758,56.432732911777016,True,2.65634147253583,1.8264324151808027,0.6875744079081937,0.4093167934648232,0.40655330647918797
619,0.41904784437088727,1.3771052311078456,2.3981330822837066,64.85251353588157,True,3.0057577356025695,2.9048929538524697,0.9664428105580907,0.3879932986359944,0.42673814437449753
620,0.446812061961437,1.5803238698775557,10.749471249312693,131.43477625139286,True,5.574906781005518,2.4541305816607544,0.44021015562490085,0.6965087514508781,0.6840132679339894
621,0.3809956628959782,2.2192124929049424,8.706137470969889,67.8738782760743,True,3.2430178002610868,2.113827939119007,0.6518089228337964,0.6352054460285923,0.6473466072870089
622,0.3176455802345756,1.4772935051855298,4.185204519683144,100.29190378662933,True,5.393585019205194,2.55323117355127,0.4733829474199181,0.6398179524369465,0.6284425783551608
623,0.33830566975243476,1.8505575229823066,7.490581668592139,92.95150363487559,True,4.796649778475809,1.57112919233856,0.3275471975020458,0.8579295736224206,0.7329050257827467
624,0.3040930584847708,2.2875911941729177,6.860902746222277,66.71756299827236,True,3.630737468514398,0.9335268042914069,0.2571176826710584,1.1491677598223093,0.7127168554619496
625,0.3257271203874129,1.0122377387826633,4.3102475186509865,117.14768822793445,True,6.05751606909337,3.704654518976798,0.6115798087401978,0.5048224809737665,0.5190579503117796
626,0.44836143815808216,2.1489600061863,5.465298242937308,56.30283217738042,True,2.444307541502599,2.180752482768071,0.8921759826619395,0.43981887471789927,0.4570549797680803
627,0.2920247446978244,2.255018261941246,6.402686999696447,136.47111055848055,True,6.05886769236963,0.35944568118906595,0.059325553789818165,1.296630486306464,0.33247631350075
628,0.28678984688294606,1.3644274353262291,10.42383633926662,112.6923511664117,True,6.056908181233076,2.0046055965186915,0.3309618598363151,0.8076148584636047,0.714942168904797
629,0.4012826042544375,1.205329976011064,9.39225692970339,82.16531909518648,True,3.790880755909703,3.0843412826980496,0.8136212878471024,0.4584710872818243,0.46434941061563073
630,0.349346127431799,1.5403275128187266,4.9931595336450165,60.771822832137175,True,3.1225011566027447,2.872840511298452,0.9200446588221856,0.43518757832385546,0.46048406449130885
631,0.3027874625460653,1.9058867551514236,5.375432831700935,123.12938795146597,True,6.058669983648175,0.5903418364620219,0.09743752969798707,1.3197853809622746,0.4845413219331829
632,0.35413452755541647,1.3910265355620204,2.0968992667126725,53.03123543030286,True,2.7368372005304744,2.654751606362843,0.9700071329958097,0.37960849010262443,0.41734752849165124
633,0.30739630787814654,1.977237638349553,3.3402095371041964,54.15864783073405,True,2.982777425258397,2.773620982017231,0.929878628733739,0.49495676127299193,0.5421272938996
634,0.3172485754036508,2.217717038620704,9.59493801393042,114.95706194030556,True,6.025417046841767,0.4160040749492001,0.06904154048013147,1.2871079473232045,0.3666885682984238
635,0.3391168888398582,1.7024222580337665,4.65330141472919,80.76875782604856,True,4.2159967219881915,2.70587372933405,0.6418111558820203,0.5796081609315493,0.5967739220558395
636,0.3505051586856678,1.1624685413952298,5.360150340584751,128.42721827115048,True,6.058493648531365,3.1166196008499267,0.5144215347333778,0.5771042089296747,0.5822490505829636
637,0.2992678284267517,2.437529529646807,3.7822834541188204,133.09253238843615,True,6.058780776133296,0.35981326595228025,0.05938707460247679,1.2994623542517711,0.33122587969703865
638,0.33077528206043894,2.111537498672069,9.218573894572529,91.50382527938353,True,4.73246972252282,0.7138036467948174,0.1508311069371824,1.3377748648715295,0.548154808038722
639,0.3474028715827446,2.48855320864545,10.607681401360017,104.44860523451834,True,5.224130083057564,0.39600651630668626,0.07580334141965177,1.3041483811983738,0.35908651359189303
640,0.29167749809585297,1.0587412670436986,9.79126634142581,66.08675414728206,True,3.592983059554546,2.8510516000314263,0.793505439011142,0.4393815930991374,0.45277057305901636
641,0.34854366470347686,2.206452951061541,6.239793734837467,66.15050216649014,True,3.3811654833558187,1.860223084542503,0.5501721503131591,0.6813297335623867,0.6924028023693456
642,0.3400393253464429,1.7470033335253106,4.549920983804183,71.9799087426428,True,3.756492991265642,2.9868747854997935,0.7951232153087159,0.532855598584073,0.5412337904089703
643,0.352186164256005,1.9736299188789896,8.177273975493886,53.887103780891714,True,2.6953430415635173,2.1616050629687096,0.8019777184705972,0.47549432536094605,0.502404887051163
644,0.4443307783796517,2.46560577531273,5.4543885523139854,73.76332180116762,True,3.2288714867791577,2.062148744371635,0.6386592816763531,0.6345165107838358,0.6540145965367854
645,0.33754278852069813,2.486622850186782,4.684616297867201,97.19624173047778,True,5.067954614440734,0.46877279573484476,0.09249743365876126,1.3396742242660515,0.39697085074147864
646,0.3521646689975576,1.571916057470848,6.628328203866413,99.58253031898309,True,5.048794809733084,2.5795560896924523,0.5109251191432013,0.6488590190941692,0.6522047254835903
647,0.39598665733633165,1.913198221837621,6.686161694836507,69.84980913622685,True,3.3020957102287563,2.8550653475680767,0.8646222272492183,0.5148125733154019,0.5267146305290211
648,0.37420953178359984,1.9306566922084551,7.0935230460264505,62.51390067664255,True,3.0517172734221134,2.6013410999116697,0.852418775017974,0.4977545428409331,0.5172733475314422
649,0.29826745756809436,1.004944858120457,5.575287476903833,122.49722008213386,True,6.058742898492017,3.471365899469116,0.5729515111679548,0.5371388581118253,0.5548354345768649
650,0.32875504772995084,2.449249452333926,6.03271627200823,75.34609427572536,True,3.971375809961752,0.5947263191435843,0.14975322094972224,1.3741199113237554,0.47059110017421624
651,0.4485523155868911,1.363641882138309,5.391929005982282,55.88453514819006,True,2.4266179508157877,2.1800088644718465,0.8983733363296701,0.3958281788911808,0.4069278936956482
652,0.4297983855545622,2.122486582804404,4.435566772209361,135.64313332764982,True,6.047308544565062,0.9775289100789465,0.16164693811720382,1.3294607473662334,0.6683056733014818
653,0.30401310878699417,2.496420328684679,3.8686443105688246,69.28275831004346,True,3.8189947636251786,0.5639467794616366,0.14766890618260772,1.3895788604060635,0.4418444554065486
654,0.3795182140255916,2.0171043353736096,10.215884661917158,78.35440326492159,True,3.721703409564155,2.1333821701059232,0.5732273465487573,0.6537456658682301,0.6609606076108294
655,0.39875541445659596,1.3060303028034554,6.17385831884184,57.74306790691421,True,2.7218571390739523,2.4045553630229723,0.8834245297095444,0.4102496716029451,0.42180571076123874
656,0.3125914468787351,2.1906831286870614,7.792198130520161,96.37958289395074,True,5.153948850568252,0.5078535481445691,0.09853678468085211,1.3257052870470982,0.41845791351411643
657,0.36140547299440834,1.616319014246517,9.814587860052715,135.16265457962837,True,6.0585573924357785,1.1974053808752771,0.19763869570176226,1.3097604741707607,0.6823671056515916
658,0.4381945402575643,2.330027386023044,7.112395121836222,110.59571331867872,True,4.852905190589087,0.9698980395491377,0.1998592598573728,1.349295120911385,0.641147513903173
659,0.35790552586176305,1.597593041989321,4.970885320614034,64.34607276665233,True,3.262983256877081,3.0020505634368586,0.9200324755297842,0.4495702302702327,0.4728163442527813
660,0.3402040870656782,1.862680011241378,2.4821256547898614,95.63616831312703,True,5.000878188171619,1.5979028914209945,0.3195244577643286,0.8123590600044781,0.6567996726783565
661,0.41155526072004167,1.527338787084068,4.041352947702004,55.99405625775072,True,2.614138992463029,2.4495171114882512,0.9370263473176413,0.3954409689135918,0.42452494050267386
662,0.2967735107246902,2.1753652427372576,9.230034505686412,111.1360926715464,True,6.012315102801145,0.4067259113780615,0.06764880157205458,1.286637240786591,0.3601062258727912
663,0.36425081716688473,1.8724415651803614,6.112735649171439,114.75828729501204,True,5.706631057365419,1.1448895367899006,0.20062441837942505,1.3313217063444922,0.6742487691764851
664,0.32442147379598635,1.0108259005627929,7.979470288215046,62.13984011626702,True,3.258740594966015,2.7500941519437028,0.8439131841889929,0.4219613375224256,0.4331794354921805
665,0.4060685408255047,2.130702585457878,4.628029579552924,110.91893085418141,True,5.188128318911159,1.1257047965017193,0.21697705363192962,1.355109796378878,0.6673433820692654
666,0.33342321312158474,1.163645637278987,3.2205241794111314,60.93184485055801,True,3.2304541842959313,3.0898231710266257,0.9564671079525136,0.3933143662560341,0.42927979391282456
667,0.3747261402378446,1.9821495449740807,3.0219285907476423,86.33987259408913,True,4.284154997586722,2.050548923298946,0.47863555927692314,0.6735849365256725,0.6633292419910246
668,0.36964111519022746,1.6693960894656779,4.557090004356217,100.91745575550357,True,5.015206903304813,2.4428806508126266,0.4870946897929315,0.6533098320952142,0.6475582189835873
669,0.28471986772166324,1.8513866235175316,5.841271760043811,118.51963796776184,True,6.058546252322079,0.5887029483264629,0.097169011146994,1.3164907937890797,0.47779774555061305
670,0.3277869509450112,1.4141097619982466,2.234232538973129,75.66877928922212,True,4.048205096233254,3.732775067678715,0.9220815099392968,0.4528797250439598,0.4666034411586115
671,0.42337074848054407,2.119945620758555,4.133806073353206,54.469786841412215,True,2.490868142685986,2.313438964929475,0.9287681372145283,0.43369343178487973,0.4610234542255691
672,0.3047983144042351,1.7428666421774275,10.270256767660419,109.47284116076946,True,5.8441038826066585,0.8520283889335105,0.14579282060151855,1.3049488844817794,0.6112999503197383
673,0.39748056222869316,1.455259791564097,10.005625745755975,111.91253602866246,True,5.192301117716383,2.85846819982514,0.5505204985265412,0.6113679622116539,0.6112376512896582
674,0.39782532905133955,1.8114758879536748,3.6380334905815035,129.79081699820068,True,6.056756068227977,1.410128340227346,0.23281907416157618,1.338041941036296,0.6759764173794753
675,0.3694464560619154,1.3761004446794967,2.308060679874587,126.86844663740884,True,6.058125599905373,2.526324162059652,0.4170141606339613,0.6112356671374304,0.5722613727534482
676,0.32260968753566444,1.3813986960102882,8.470537578313952,110.01965233919816,True,5.776175758937335,2.556613734673548,0.44261356325900614,0.6860349618077857,0.6661390554682369
677,0.29545551672172155,1.8770178971767497,6.540140028286491,83.01887345420118,True,4.581600526604207,1.3697905411882234,0.298976423901253,0.916556894074601,0.7396917651057087
678,0.39914877801779064,1.1941453758640284,7.345697182223632,123.11481211068148,True,5.76139800970586,3.409074195510146,0.5917095451081658,0.5530014143891049,0.5643042299434442
679,0.31336222982522843,1.6240068456414984,2.22993929549539,99.87995812592702,True,5.4284934796068605,1.9566377451713544,0.3604384443901104,0.7210024465815343,0.6292216092780549
680,0.3590914554313701,1.4801444144676923,2.6732235923022363,81.52653463884954,True,4.1526846566077955,3.5509978306503878,0.8551089534332935,0.4713652850967449,0.48345843620605766
681,0.35682572527164913,1.7561943885762732,8.871076455454059,93.10385015056495,True,4.638189793008783,2.159766242819094,0.4656485265166475,0.7085994817873607,0.7001923761521605
682,0.338106556148711,1.213830321253478,4.369986463631621,51.11155584182198,True,2.6797559078098105,2.4967893899292046,0.9317226925977201,0.38725956004301443,0.4158897956293659
683,0.3677578214057705,1.460999429605255,9.988639774054112,132.37429831317934,True,6.058245071409682,1.8500112069467716,0.30537081038161035,0.8448931976820324,0.6911457386462581
684,0.37263457053581067,2.41635278106928,9.266466520393434,124.58411172713171,True,6.01343043773432,0.4334512590108258,0.07208053098792262,1.2913316517400415,0.38014152609020124
685,0.42143208570687707,2.467866693539376,10.944125110812562,92.4455834599725,True,4.080059373139973,0.856135077481498,0.20983397524007721,1.352164741586312,0.6570942239727717
686,0.3642043519655841,1.738162928988958,7.658968635482974,119.4266002053337,True,5.899377502815404,1.3165631637741335,0.22316984514820765,1.319447239394965,0.6865412324200717
687,0.4349127528030715,2.205975297988976,2.488873513306088,129.9774194486517,True,5.797614232362303,1.035142927654847,0.17854636168730845,1.3476372532783145,0.6752442750501855
688,0.43190882240434403,1.9959394109770465,9.23558961145281,91.72411172581761,True,4.0224959215057945,2.322458462980425,0.57736751218657,0.6433092821681123,0.6438208064097553
689,0.42765607683486495,2.2264761785840657,11.241629234663531,97.90137080449948,True,4.270055144672644,1.4043322533954519,0.32887918441697606,0.8957165492983425,0.7838610415040992
690,0.38228451308591826,1.826560667751575,9.294497389992916,88.55079059849692,True,4.223515160822764,2.3483695852539466,0.556022530009451,0.6462792356671208,0.6488151071539594
691,0.3709438413272444,1.270791396121042,11.397773672670002,58.51960949881957,True,2.757070873275084,1.8611511511626515,0.6750465391380445,0.4212497001141897,0.4222227518283721
692,0.41584350479451715,1.2625067498139426,11.959191087711039,68.99902193274268,True,3.0142417249763938,2.027718985302664,0.6727127982141327,0.4306711571984745,0.4343842878864925
693,0.3565095690536584,1.8564633434673619,6.066229547199073,89.17903736054615,True,4.505328940058215,2.0676455920353014,0.45893332530090125,0.7178060644478803,0.7005450227131127
694,0.448924869272725,2.1088644638529708,7.638701288739567,94.72391503870982,True,4.068441138467364,2.1939706670517296,0.5392656775361946,0.6751674807083323,0.6825555783615034
695,0.3618450594851874,1.1251725078567185,6.321811049799327,70.23418651168703,True,3.5168760974263322,3.1570522377758374,0.8976865122107044,0.42529641003421537,0.4434018307509455
696,0.3659165861577525,1.6774810861804705,7.5815657521711675,64.96073742684393,True,3.2049271607025034,2.717513115282174,0.8479172783092235,0.47372923693474656,0.488180528797852
697,0.2955605285855664,2.208710939326419,11.640820685143654,63.13661872664305,True,3.351326799806448,1.0783621790239468,0.3217717171259533,0.9553807025221595,0.7655432128861364
698,0.29277211435700673,1.4192586644396261,4.360767008918561,52.22391508763105,True,2.9253680926704817,2.7296056266784032,0.9330810825199872,0.4149677187866936,0.4453141259354463
699,0.4028567248845322,1.0709850328379222,4.84660257390871,50.73033220775684,True,2.3934050424016142,2.188164512234535,0.9142474731476562,0.3782999735388466,0.3956389052555269
700,0.388545150579105,2.4628806528122498,4.119693479671133,60.548186392217104,True,2.9347382027187754,1.9773989253602577,0.6737905696420801,0.6098663501031396,0.6364633746182315
701,0.32996988294725155,1.932816426217333,11.318356100443472,96.99210365570832,True,4.961908812333387,0.9136886211153638,0.18414055067765192,1.3248038580601706,0.6782008597022329
702,0.38784937630947036,1.7701256852898684,3.034775178787506,74.84570420286408,True,3.6426030652410875,3.2397214606737625,0.8893973355450795,0.48536336172807015,0.5061846706522903
703,0.2859760520389298,2.0889700401507865,8.83485853847181,123.27985965665862,True,6.058654649152903,0.39609418569688504,0.06537659078360991,1.292159124580012,0.35302522922480506
704,0.3421959845758906,2.065302455237176,3.3078269791215953,68.04845093469604,True,3.5559342293489773,2.1771350315588256,0.6122540213454445,0.6139119789581526,0.6359691929984774
705,0.35834553623372833,2.305990640973671,10.394729728441908,106.4769862759615,True,5.245086103678089,0.49222727265515825,0.09384541319731367,1.31287944819027,0.41565340500799586
706,0.2863766356152278,1.7134456940282377,7.612673937642182,51.385100295230274,True,2.847188633334472,2.373600490043818,0.8336646410617292,0.46098952968056706,0.48986075567955023
707,0.41805593611107894,1.5079477344271397,11.798890229802197,120.44969531176292,True,5.341543226722687,2.5943284348051345,0.48568893383212197,0.6440015776497536,0.6435879648278755
708,0.3502556620902856,1.1456301920875205,10.181580776578329,91.9560574605407,True,4.593195896711555,3.69848936144467,0.8052104557727573,0.494071270086172,0.4851205695150971
709,0.33842476466908217,1.585547147440463,8.508141443700852,124.92294519715534,True,6.058179360317123,1.3264317713844724,0.21894891063691432,1.3139723778903125,0.6883051192502725
710,0.289198110003456,2.4134252513386225,8.052808808214563,122.12395896807799,True,6.058444237531759,0.3296382193842652,0.05440971418737716,1.274901263699947,0.31750235944753014
711,0.38138719868107596,2.4508091335528235,4.2088372349239815,81.45211060167955,True,3.9864038450214143,0.963774297747202,0.24176534420887927,1.393928885432008,0.6421789855624742
712,0.31444476186964165,1.8779676479241951,4.843098822080503,56.82059067733179,True,3.0778921961880514,2.7967164648584397,0.9086466603093357,0.4936724364684806,0.5266726554252115
713,0.31342072119001035,2.187759372328045,8.836209818943711,69.62272048216492,True,3.694138520426449,1.130059603775965,0.30590612602299266,0.954816762905661,0.7622084407327763
714,0.4320088262033464,1.0274262391891171,7.546261051384266,120.04439461836118,True,5.313968194679381,3.993768056205277,0.751560398913197,0.4978342999342664,0.4720591768993021
715,0.32433477368195585,1.8201060376273204,7.128411388325953,66.3753087402674,True,3.502382703459775,2.8358682861430786,0.809696862465004,0.5520798653348691,0.5670466580137883
716,0.4211497375795303,1.056157107339153,4.7679477926322225,126.1149379825454,True,5.736448314283584,3.7674846224984067,0.6567625848066099,0.49565324201438576,0.5052926460866374
717,0.31247588954959754,1.348722833251716,8.416892707967492,67.21440191660075,True,3.581339422455674,2.9941901468838754,0.8360531615936033,0.4641281395134387,0.47798645049720845
718,0.31544327780410264,2.340812838868046,5.949407573738226,124.2852442634421,True,6.0584813300270595,0.39028423931974643,0.06441948370549873,1.2990404077259807,0.3514074244289169
719,0.37840666152930585,1.3986990202484635,11.057354803032556,103.68495545027332,True,4.9308693064245075,3.1651159567677922,0.6418981644157375,0.5705928540658198,0.560919010168135
720,0.3303062411043466,1.9351798252107935,8.027251633003686,138.77019163083196,True,6.058914952365005,0.5393039826122189,0.08900999384414693,1.3107513388572913,0.4527292070532192
721,0.4394983861924371,1.463333632523369,3.359878853229562,68.27263848944284,True,3.0430092980216057,2.8989925894987123,0.9526729318189974,0.40236609635681697,0.4378716016668678
722,0.408000793809699,1.3666548559390286,2.079267265867449,67.3708425564203,True,3.1832764551925505,3.0857027371253807,0.9693480225671233,0.390850271914446,0.4286263021142154
723,0.2819024988795856,1.495292282536222,2.1100665089924076,114.03102025538264,True,6.058441945795656,1.6339517756725344,0.2696983465866895,0.8810925731443491,0.6406554505059074
724,0.31383216742413395,1.1730969901400845,10.72688464248219,81.88609623956137,True,4.29972713783063,3.3708882400009426,0.7839772459844229,0.4848815170965013,0.48998451075043814
725,0.28634236409585445,1.9083015675036403,11.779253861357798,108.05013189450156,True,5.86976763501954,0.5005932015043869,0.08528330806790455,1.2903151307325271,0.4184173012698178
726,0.4170727743698072,1.7937634188220835,9.880160466342584,113.62740795273295,True,5.10313332880924,2.0552248496884618,0.40273783130177904,0.7655733898738499,0.7274753683993955
727,0.3710415565291514,1.6325741414609842,2.7214780156051126,117.04328671172512,True,5.8094865165973415,1.9575017811711914,0.33694919087577374,0.733649840665096,0.6205522948037396
728,0.4117046620683794,1.6107448647139562,11.562718763463062,121.81302566698523,True,5.4690463900287405,2.240563985043168,0.40968092520264643,0.7256442710669031,0.7065290056049158
729,0.34066924987861774,1.971359205406755,11.384827645035838,127.27810120647017,True,6.058107304852534,0.544680080568971,0.08990928241444042,1.2932461633099743,0.4477765277944705
730,0.44566505184689625,2.25399438775292,10.4341947715859,70.4896635064598,True,2.9646234199250854,2.1176924959184156,0.7143209089173048,0.537450597341425,0.5702964538554212
731,0.3949149007790603,1.765307657512108,9.546579999482194,77.55853341433487,True,3.6084506955477145,2.8304575251452095,0.7843968960522499,0.5276266708505428,0.539969783450843
732,0.3381939593002432,1.79972703827801,2.732028527859931,79.69065632725577,True,4.18979360900105,2.466115267487768,0.5886006561730736,0.5929866938660693,0.6147847040343875
733,0.43439713347879527,1.109588569587146,11.081665833571547,89.44376938216728,True,3.8512744874161933,2.91996315446262,0.7581810031986614,0.4561489399968779,0.462999066345799
734,0.31499266535125614,2.370935585342922,7.698776864336205,109.1294965961111,True,5.801292726113049,0.39186945842348514,0.06754864422882577,1.2957267866121773,0.35049418027330637
735,0.3680611367970104,1.7355831383109035,10.065925620286574,115.06241098031877,True,5.594457744443719,1.4388659711959428,0.2571948948269365,1.0495136198180957,0.7260648315631442
736,0.35452089390228353,1.2696862920105787,11.768377971679293,119.0390742134258,True,5.855836499027898,2.8404792224381987,0.48506805524876495,0.626363777271032,0.6260148971363049
737,0.44320359606031867,2.068093529137262,4.689232110665261,63.96004900956428,True,2.8160883921133935,2.5867731333320867,0.918569580619871,0.45536821402276173,0.4804248880294337
738,0.3094824245123691,2.2293149641700785,9.242410607121656,96.64986285103745,True,5.154765807211352,0.456102954390882,0.08848179945494489,1.3161871896236832,0.3905695967010363
739,0.3303916528327266,1.8617411431838657,11.678760265041696,117.50386909715235,True,5.988981282339028,0.6681948196415057,0.11157069760961731,1.2937996664355222,0.51546528871914
740,0.42562223271365685,1.207022654719187,9.839496192394394,65.90335195654225,True,2.885858599954505,2.1706858161023104,0.7521802406176556,0.4214450052850167,0.4243120789163717
741,0.4020381422097074,2.117092793720671,7.738397725572182,81.84724405023906,True,3.8107269366382424,2.049368404530151,0.5377893610865933,0.6819035459570042,0.6881069603521897
742,0.4491012231493279,1.016362511378598,4.03265433281514,96.72571344807301,True,4.21834471256578,3.9702367251700075,0.9411835674176418,0.4269187624666113,0.43485128798707784
743,0.3417841045237795,1.5025520542968422,6.712471376502729,137.4431212412652,True,6.058931821663607,1.4182410665394596,0.2340744389082846,1.326448693109389,0.6829098884736808
744,0.37939441803839724,1.222967499294083,4.811419345295036,111.20562050463224,True,5.429738887714843,3.513411735968719,0.6470682676690133,0.5163949472242906,0.5316990607872936
745,0.390022843538021,1.6987913371362091,6.229502451785673,74.67771872212475,True,3.5757308269582784,3.1672943368694875,0.8857753813543536,0.49571453289152245,0.5044999680551832
746,0.3169693600116795,1.9733190299112329,8.994696464076991,55.105300058494706,True,2.8907734617248497,2.233984454383356,0.7727981745931745,0.5163835014235096,0.5570601042769576
747,0.40340637125937984,1.834292194510425,3.766045674345684,98.74301536756528,True,4.660316002190835,2.409991174621115,0.5171304206599225,0.6381501753692969,0.6453008922480357
748,0.4033086888018083,1.409838284100479,11.387184946199568,124.36372007680306,True,5.669362473309709,2.684035272823186,0.47342805923225384,0.6489922087373485,0.6474855020445718
749,0.3277143153192289,2.4765924346571326,11.355103783802065,111.33058640778091,True,5.706998121189936,0.3509857450366164,0.06150093930001754,1.2797815379252868,0.33475042723506254
750,0.3697745162029977,1.1263044280097867,7.313775726264031,110.22144462497027,True,5.417465064315455,3.7102224816499363,0.6848632040267261,0.5177025599684453,0.5062844804025866
751,0.3802928191238675,2.0854191866241636,11.902050073888786,129.37501623567215,True,6.054307498527287,0.5854886964156047,0.09670613799481198,1.289884240290751,0.4742673870218024
752,0.35887324202713716,1.1186868727499226,11.823535320467482,63.324981416715474,True,3.0419615269403724,2.0711333228799007,0.6808545422213351,0.42410015125765543,0.4279718745599954
753,0.31980022379321243,2.1529763573164615,3.9686069697368325,87.58809749664402,True,4.707540408964247,0.8082826260672693,0.17169956194706518,1.3675950421981429,0.579611887222037
754,0.36245440744681623,2.322181330124222,6.823369186789982,76.31443974805423,True,3.8068227793445817,1.1560338816559523,0.30367420514778626,0.9496856874294899,0.7450687443659554
755,0.33674657373857597,2.0134432505088595,3.4426287870928727,137.1393171227246,True,6.058954704772137,0.5832699697758008,0.09626577490609187,1.3313698187796477,0.4906405997593457
756,0.41010829683451333,2.2928940330496848,11.13366533175531,138.79131438644413,True,6.0575900500364215,0.5201315397486252,0.08586443378509874,1.2916986296398356,0.4376136399465862
757,0.375063794558217,2.067716508495102,10.531050470091323,104.94209941553953,True,5.032254465038988,0.8696949572603381,0.1728241215348795,1.3266576030687047,0.628991526193817
758,0.2993584192575266,1.149077422634457,9.31007317718916,84.34822556379233,True,4.566895141128691,3.7698054630352607,0.8254635472325663,0.4950350810429818,0.4862124543190012
759,0.419687488195407,1.167996261276029,4.094078449989551,111.03640064181621,True,5.086702873243743,3.848502892841622,0.7565810287612627,0.4778522505908023,0.4773150403377122
760,0.3469477238572491,1.6795567897122408,2.1761763789042914,88.49986771672381,True,4.591352878569039,2.6285024102203836,0.572489738806483,0.5754825553094114,0.5960136870573236
761,0.36187629122690923,1.6487684467571304,4.742695095876493,139.97108633504502,True,6.058935298067718,1.2609521612101064,0.20811447872900082,1.335473357608704,0.6982992201119185
762,0.4493269135077198,2.164563494003473,6.165567210431669,55.84561048819521,True,2.408328829451605,2.089556418807045,0.8676375058313166,0.4443695308088116,0.45696104538226967
763,0.2960948819055001,2.3029128713837084,6.181926968903738,70.00270093381313,True,3.8667695264051467,0.7013732887018856,0.18138481849316151,1.376765828188752,0.5489394784125121
764,0.33851252549650634,2.174386252218415,7.608922146448348,139.35785452952197,True,6.058875879931244,0.4387131446492368,0.07240833998636316,1.3055488741927044,0.3865793341270618
765,0.2885341887560465,2.1156685741946912,2.653777620787571,67.9602735800535,True,3.844614151324703,1.3385148391081605,0.34815323109783614,0.8169639067152685,0.7015961867154017
766,0.32629321664357513,2.3691654762105774,8.312951494617256,132.61181256701252,True,6.058714077659212,0.3636416027261367,0.060019601200033836,1.2899397637618142,0.3356194654406437
767,0.30016781170368845,2.0879136563032983,8.849918714450537,91.26661938339382,True,4.9451886888262875,0.5671573648472688,0.11468872080225524,1.329177119124687,0.45672767215646237
768,0.3876256600930144,1.5724573304844311,10.975654540647408,111.47419367358775,True,5.227161430609514,2.403712086228707,0.4598503639380469,0.6802168641973756,0.675524352204107
769,0.3951463133749573,1.4592917809911874,9.316955960953972,63.66797151490352,True,2.951729937560809,2.2931400556679478,0.7768800344800197,0.4371898541313084,0.44596444323248763
770,0.301826134058627,1.1956645695588857,6.601703429020418,109.9048586454036,True,5.982135644231585,3.1228618471528913,0.5220312665701896,0.5924138803984897,0.5978631534687935
771,0.3573703189967411,1.7842627934671114,10.673973700747675,124.18458736196953,True,6.055446612503162,0.9305703461771394,0.15367493196219695,1.3000600295638298,0.6350685701937717
772,0.3819535208558796,1.5235606846540235,6.18562588422863,81.18877737509142,True,3.940239218369782,3.491813156747636,0.8861931885933373,0.4938010050352788,0.49619798952186533
773,0.34053272769726345,2.3942765640966726,9.427672500014156,111.87286369261551,True,5.686385138883805,0.4059717853875935,0.0713936491236826,1.296347701456066,0.3617341795742375
774,0.4210928972272674,1.3867072928936708,2.743711564543635,95.53235267338874,True,4.391468207206668,3.767103147617236,0.8578231629766074,0.4601931987853849,0.4680818520416161
775,0.4080989776791668,1.334353435308692,8.205203103638425,70.35076225218555,True,3.2265458602510475,2.6883003708048467,0.8331821357083325,0.4400937578612085,0.44953184081727837
776,0.44000051961786935,2.028492985779933,7.9383426283817045,75.08091078328738,True,3.264173261061183,2.6960528150616905,0.8259527296615388,0.5258886294041218,0.5356622076287905
777,0.42048913116994613,1.606046720925598,5.078491033300197,58.17851660694679,True,2.6605178711515722,2.4271188668539496,0.9122730928333893,0.411116409361151,0.43263524132793574
778,0.3035695511621535,2.2827576634614504,7.1427435054082835,92.09153991943892,True,5.003860316414242,0.4619158249109837,0.09231189435799275,1.328935572855713,0.39006455730945744
779,0.40621144308890034,2.4229950037694485,2.993646946524024,138.23272238104954,True,6.058364086175077,0.5602801000582667,0.09248042740395901,1.3280727503136163,0.47763005340102094
780,0.42023621470552974,2.0535007171487227,6.553343744698443,130.6645619444734,True,5.908619170987714,0.9952502060531301,0.1684404049832779,1.322442833669332,0.6537464296968944
781,0.3201038143421034,1.3171052443478808,4.257291307141684,82.12420051678984,True,4.414502585817349,3.7211585350067926,0.8429394847251668,0.48172267848639416,0.48105173499356724
782,0.38262144375432094,1.933042039655603,9.832866021891679,115.38945026090822,True,5.487843572903748,1.0259986175410494,0.18695842982969157,1.3189002282595017,0.668411253743805
783,0.29393164308975434,1.749967781779468,8.55639315561243,125.07075402921583,True,6.058758617931955,0.6307296878144738,0.10410213173829357,1.3089338276464204,0.4965868754427314
784,0.43692334004951794,1.6074573867412,5.611115464725216,79.41305575702415,True,3.520919318214511,3.196791471104262,0.9079422679657945,0.4610018060396497,0.476354935130173
785,0.441559216301222,1.8721202320589925,7.370019921224488,56.20713513848065,True,2.4353513183840696,2.0087645653430406,0.8248356408289863,0.43153977319388437,0.43591036585026055
786,0.42289970431875834,2.424520379173382,2.5813245977786905,109.41297272960352,True,5.001965886987711,0.8916591745423134,0.17826174641892434,1.3707558736016425,0.6272677566950069
787,0.3558320330687688,2.387362155947608,10.209995876915826,71.43806621799305,True,3.5168703698676103,0.9960310830911402,0.2832151823465233,1.0404194229248578,0.7493281309488617
788,0.3829049220156575,1.6891571595016621,10.584069306229479,55.745071280939335,True,2.591695311899431,1.7987377983232238,0.6940390678119276,0.43851400716009215,0.44517434170533976
789,0.40086403016347466,2.1347073150984035,2.0554198687258376,106.28095537627908,True,5.04971524645312,1.2803601696251552,0.25355096419040063,1.0802036740087964,0.6579879003192963
790,0.37843151039071476,1.741026724743752,5.669287143588365,128.76282840636966,True,6.057789988418983,1.3362600657374863,0.2205854062772215,1.3269963745182376,0.6811686569497857
791,0.44807893158442424,2.4904820146951714,10.039519044999928,86.71151479646144,True,3.66675672569698,1.431068057468946,0.3902817024756196,0.8234848621950746,0.7705801305323519
792,0.3921084857137767,1.9422968993460872,3.6700670446207546,65.0447606958054,True,3.139867356253148,2.9326010170611347,0.9339888231968667,0.47405777035337016,0.5032965376094309
793,0.30033958526952315,1.5565115612188425,2.901609942229141,91.26319182923172,True,5.055432397127262,2.414946681439844,0.4776933982565234,0.6330738504869964,0.6241925447849241
794,0.31707130452392723,1.223976491282216,10.359978181892426,82.60217446200977,True,4.328092420085358,3.4354523329502507,0.7937566945214393,0.4937397066834244,0.4969976996201302
795,0.39475535372492554,2.051307001984604,2.4225424341347357,73.93218004004979,True,3.5640528762646584,2.5519575843081586,0.7160268584406535,0.5435610544240146,0.5709600560260029
796,0.4201600961229084,2.151939591289965,5.1613649454701935,66.2511166488166,True,3.0305824950985207,2.713116874348378,0.8952460059201186,0.5088436208148885,0.5320861639258023
797,0.3037028195986636,1.1257837610741421,9.034024852661776,128.07379149003833,True,6.058846573980158,2.7910064854662795,0.4606498037848185,0.6520203559733928,0.6358980156254765
798,0.3941929583335596,1.7082250583723968,4.191760612595575,62.9425375903714,True,3.022172058772438,2.8250665968554873,0.9347801984520325,0.43385513053115776,0.4623936960549875
799,0.35985282412909514,1.944929425520023,10.299228481406386,136.31306924212012,True,6.058599559771587,0.6124893302132222,0.10109420901161412,1.3015955760113056,0.4899077790286852
800,0.3919652718414353,2.116057945678131,6.945416598577503,84.30577733223015,True,4.0094184133040045,1.8881049213300307,0.47091740664056,0.7354280158095854,0.7251587320684392
801,0.32582109971491047,2.2446874719226884,9.464981918776076,109.21718429978692,True,5.675699566004491,0.43971534244557514,0.07747332946925528,1.2999357073841171,0.38103400474785865
802,0.35963569357731545,1.5496784849101128,4.903241488045749,105.90344281368007,True,5.335074116284216,2.5536773551965184,0.47865827156963836,0.6476207682444874,0.6381270176536575
803,0.36161779485143897,1.6175573400442416,8.894267819127215,122.23634442790333,True,6.0209596879401905,1.5422990395757268,0.2561550183876679,1.0312292277757389,0.6959653157052159
804,0.35519484183687333,1.617240254988496,6.698597056897336,134.67512297506363,True,6.058747184725827,1.2829308618131416,0.21174853855058112,1.3243956698706274,0.6858077446314743
805,0.3472966891295065,1.9256410973851095,3.436200368012029,124.66870015863142,True,6.058274914037051,0.8533967500927842,0.14086464582771901,1.3335260986479227,0.6387120869511693
806,0.3133081845683265,1.5948941245677202,11.121614120191683,108.89623230410834,True,5.719656934016312,1.4408893875276922,0.25191884830685246,1.1517585265857462,0.7478764830398741
807,0.3691949120159261,1.3446373662692472,5.3078032496907195,78.74995445764375,True,3.916163978684077,3.5913496764834796,0.917058043542461,0.4565903852315074,0.4673933846379974
808,0.35849594413655317,1.1431750511432708,6.134178733063728,80.81903541585763,True,4.072270586303138,3.687287938246897,0.9054624097546196,0.44760488404831067,0.4535996117118932
809,0.44813390079627907,1.793286351482167,9.48822397838202,96.33550637271668,True,4.098683657949155,2.9449933798625376,0.7185217561621027,0.5738522982165448,0.5627823724970344
810,0.3599936487121599,1.9408277755664987,9.600404200505334,102.99650337923774,True,5.085384682916699,1.0975531009343664,0.2158249905108201,1.3307715661018134,0.7066871891503901
811,0.36363023905267333,2.3503328361604567,7.033272315041049,118.67891419249293,True,5.877354380090739,0.48369512643964413,0.08229810475239312,1.3076610625427554,0.4123369602913338
812,0.4322452490102425,1.5606455698668198,4.515143204879573,84.85011441471451,True,3.810059668125739,3.5246814522456837,0.9250987541566665,0.464726998233691,0.47909880974562524
813,0.3064969717665622,1.2411332683634917,11.174813448537986,67.64881994778816,True,3.5599289556499643,2.629359535571384,0.7385988788900764,0.4555347309080351,0.4713965872925403
814,0.4244063780206774,2.268768438633623,6.972173417264975,116.8230661193459,True,5.250624711782375,0.8593387651403376,0.1636640994760082,1.3373700974526312,0.603812979042424
815,0.3641432580635696,1.9152279127317902,2.9396411145346963,129.67353127101887,True,6.058455085431751,0.9560245351885778,0.1578000532656334,1.3382508510451232,0.6756263269202689
816,0.3801012108711593,1.6508289404440326,10.684056105510683,64.72564649178203,True,3.040223750293928,2.200045615941614,0.7236459539298429,0.4622034737875045,0.4775181322685893
817,0.30703411891358223,1.4363948651933476,8.185201593904129,83.72323568734362,True,4.510661688244578,3.1872291883117425,0.7065990332678047,0.55818977441555,0.5456441391789646
818,0.29023045886554416,1.937717555216393,4.1364794055482275,103.37810850013165,True,5.7688709332635355,0.6933564318998615,0.12018927792298857,1.330617764767657,0.5338294339572363
819,0.3083489051646355,1.454099981059364,2.978380864987683,83.25026340827975,True,4.56651625499612,3.1592606925797946,0.6918316975491591,0.5202523153756409,0.5340427744372929
820,0.4292885055837713,1.6652247925231103,8.293621824744584,54.90075965609992,True,2.410504318094333,1.8900214121566954,0.7840771733820768,0.42080802982691035,0.4214893947730922
821,0.44454378819162754,1.064020951815327,5.821857616848975,54.526052528915194,True,2.377738499447637,2.1002748484397453,0.8833077518522966,0.3921990731737597,0.3951582861085874
822,0.3853923353819984,2.4321749695626553,6.833236275640709,110.85257933812147,True,5.319925650817846,0.5422461060529203,0.10192738426138707,1.3282898542240478,0.4468270560950489
823,0.4132307827383031,1.4728813256744973,6.692565089588475,73.22151664007328,True,3.3633487735856495,2.967623618618884,0.8823419212201162,0.4493684738597663,0.46245799077475214
824,0.3334857149911552,1.736127265329655,6.872603886935555,124.33880844044128,True,6.058307577553904,0.980153629498231,0.16178670642766818,1.3190117637316439,0.6550658807002483
825,0.38497988671261785,1.8622606195211744,4.488720304590596,91.40002659835756,True,4.439887979572284,2.349877719336028,0.5292650918554037,0.6471312449481026,0.657927713978137
826,0.3105389113779221,2.0597144771700258,11.744690572614873,57.73885242962179,True,2.981229412204303,1.9334226298147121,0.6485319854620484,0.6091878346958981,0.6494398783089532
827,0.2936340323935414,1.2459463266249535,11.680333058215776,59.40783920569898,True,3.1541144457578634,2.1883027484621356,0.6937930712708604,0.43962217113693436,0.45086036645750216
828,0.43541858540432643,1.178787520801453,9.888540527992374,94.68212123559164,True,4.111022000108035,3.3184317645216166,0.8072036015458955,0.4728337534832492,0.4725894042380263
829,0.30679731586215875,2.0874236605084384,10.969572211794908,100.1159949600858,True,5.310359107474685,0.4924193203974495,0.09272806422909073,1.308037701861887,0.4150576481295807
830,0.4295139404189138,1.9889244732881828,2.7064615954495994,53.33893929808601,True,2.4286692753088794,2.327420452248438,0.9583109877949254,0.40367776869721395,0.43639777810149427
831,0.3289086338791771,2.0463648443476643,10.837967488981164,127.49680525617227,True,6.058356043342174,0.4693869473343749,0.07747761009361728,1.2924614207572889,0.4013222062108599
832,0.3849319497686077,1.3470827229040014,5.930279271766698,61.46262631067733,True,2.970121980129759,2.6636699708353193,0.8968217428965489,0.41724326581418536,0.4365927671831109
833,0.2958927728738441,2.2470679944677836,3.9881665621937126,73.60918926425198,True,4.101525051558439,0.7730416163423259,0.18847662921102887,1.3846876364507996,0.5636537049806183
834,0.3970004032616973,1.2745876548384731,2.348538308864452,138.44656532264185,True,6.058626525636692,2.795092632390992,0.46134096904038163,0.56881080018809,0.5540472089263755
835,0.3548560881889365,1.52213367020547,5.134211992433558,63.85534203792605,True,3.2510467296993997,2.984401702524404,0.9179817919136307,0.44092784754961256,0.4644894339971253
836,0.3199072454034748,2.266996084310676,5.136022373994546,67.43346688161927,True,3.6172199351851173,1.2261123641825526,0.33896538948489574,0.8723618066115812,0.7407194803918702
837,0.3605142227702879,1.1504554674560792,5.904835661648668,50.17477553114443,True,2.5185705220486194,2.2307814293853334,0.8857331608768307,0.3965776246659778,0.40465997410973387
838,0.38216670857889556,1.1467532922621426,2.4375225432936567,101.55396571323544,True,4.975522005928896,3.9399832384665516,0.7918733418868646,0.4539403237764419,0.4539013090215498
839,0.3739623490446194,2.4531395431386303,2.71661028599068,126.19998670263965,True,6.057552029673136,0.49873067792769665,0.0823320502217144,1.3222271951742939,0.4287209737904143
840,0.2921279645474958,1.6462403391584792,10.757074260891793,98.93316053894492,True,5.368472737057704,1.3628832333657455,0.2538679621036317,1.1146566727972158,0.7599732581370682
841,0.3060682505073409,2.4555022615856688,5.7515297749340695,93.66586651297058,True,5.095402357997764,0.4117180949730676,0.08080188099902125,1.3254088207443893,0.35949980976574025
842,0.30761352068160225,1.8036692185902434,3.555536469606447,72.9483662445753,True,4.005315517190076,2.3950031469268467,0.5979561751497315,0.6051403845983345,0.6228274741102808
843,0.37172731106454887,1.8496276163822019,7.597463756837691,95.34090486069846,True,4.669954032343504,2.005478920232219,0.4294429680340596,0.7503021587601468,0.7200880580112572
844,0.411834139006326,1.3345634522971828,8.347725373863328,127.71705792754578,True,5.824437678297101,3.0037160712833737,0.5157091958380392,0.6150920599915337,0.6189325336319071
845,0.3300406267684168,2.1348502931699382,3.1003880521300218,81.65494254126332,True,4.33864490037168,1.1661010088352914,0.2687707880254028,1.0063745074203587,0.6780079489156079
846,0.36022277238803124,2.2572360644259204,3.027255109667353,138.47249616503663,True,6.058880991839882,0.5034784435082401,0.08309759577491724,1.32743997985069,0.43442557841191043
847,0.35187266187474614,2.2882986147642703,3.1243085649925293,61.6685614894091,True,3.179270366704844,1.9573995039957648,0.6156756985800211,0.6235211462526196,0.6483934513230847
848,0.3349972006823867,1.8212287421720714,8.77129777322611,77.67828813368482,True,3.999021047076849,2.288091267460921,0.5721628469881246,0.6434237966577316,0.6499478774477048
849,0.3207936435695907,1.4004173724661704,4.4965402145077515,79.8508416480847,True,4.285799059678196,3.5716493331743404,0.8333683598881843,0.49367765196141056,0.49426903185051474
850,0.3003091496696981,1.8873741829358868,9.982382880760776,69.57917611819985,True,3.733351661581638,1.9931013902679777,0.5338638228962332,0.6779300341737411,0.685441297441451
851,0.29157037077511566,1.4351406191732123,4.632420505518779,127.43367302112128,True,6.058965556245858,1.458542293845392,0.24072463860466414,1.336930162280063,0.6832477609436571
852,0.41264199208216756,1.4934243914666487,6.466705769257633,121.9489710251347,True,5.60020900512646,2.7618654894658845,0.4931718596462487,0.6366703210310196,0.6339638283217952
853,0.39377155029818744,1.2497092135193748,8.923502437548628,56.51455637926986,True,2.6264938602585164,2.0311808127399336,0.7733430652451675,0.41322724314257187,0.41279921203949277
854,0.35440729731886955,2.182909909965983,2.6097134852272976,65.531737234168,True,3.369296851049508,2.102652686253402,0.6240627582572439,0.6052166799179974,0.6313858713783067
855,0.35192183474592886,1.379993298194284,11.376704979670148,62.04188241357335,True,3.025534499267547,2.106892557183086,0.6963703628873328,0.4402732039770223,0.4491823975887468
856,0.3110118937750139,2.1606035031860777,6.384568201627491,88.39046875300718,True,4.770467997278992,0.6325346339063401,0.13259383235924213,1.3480363062451217,0.4886473047683837
857,0.4203414353704502,1.0241337901472414,2.00218735939622,72.06990806339935,True,3.3338055429670863,3.238275689424965,0.9713451032728502,0.3762833244981243,0.4149130266748138
858,0.32377630837298893,1.8923140737326265,10.994620258170475,125.70971265843795,True,6.058298997862283,0.5619484170091368,0.09275679810577599,1.2958887957732816,0.4569416068907568
859,0.28558205322418617,2.0625082459203936,4.06996457322915,74.94816922657034,True,4.2354135467163045,1.0901317044051568,0.2573849501072524,1.0939614715146861,0.6973215278614013
860,0.4460675571353066,2.3888591060888555,8.034797840343035,94.3986037290586,True,4.0659879459831325,1.4385023060175173,0.35378912213417685,0.8718858610200804,0.7614265602749337
861,0.4027502876458472,1.019247496894302,11.096604628949402,55.23095538664691,True,2.464873795468295,1.6316970500545895,0.6619799573732689,0.40136830624927056,0.39662792395537005
862,0.33097211143121885,1.838633769448741,5.696540601701665,63.60983409970846,True,3.348923224004009,2.939121765589496,0.8776318741865482,0.5211635931082697,0.5426521314818018
863,0.28705491564055574,1.1589736819255578,10.56004567077947,54.95979722344234,True,2.9700700626027743,2.160723189413743,0.7274990636147576,0.4242165020812947,0.43218686515292015
864,0.3436703069530043,1.0143232725963114,11.834897785084285,106.5743668719594,True,5.330098827218695,3.911345340361484,0.7338222924475244,0.5106887251599623,0.48905797531619744
865,0.3907166526117591,1.3879078313469995,3.204966421079183,131.66203103144596,True,6.058115339564413,2.519473676293868,0.41588407203799155,0.6244586297293071,0.5840072257188305
866,0.31512613747905777,1.561905234408549,4.086901426993927,58.626443471474914,True,3.1832763260347647,2.983750912561986,0.937320737178567,0.4402636633390049,0.4695089005067765
867,0.4094286191797405,2.362774927027268,10.472803939103828,116.35487935023903,True,5.27409743533948,0.5875275602964588,0.1113986928568454,1.3158738018678036,0.47531724854040647
868,0.37625805171622956,1.3394428732473518,11.702236642177013,102.58554490597545,True,4.874394846435154,3.3389655544303456,0.6850010431289268,0.5485267561509408,0.5402615643914017
869,0.3196247292318338,1.9998182117351515,11.855339448700924,88.35960667073768,True,4.56702720529463,0.8762665151781357,0.1918680305127733,1.3326833465046861,0.6847039723866488
870,0.28514741737261556,2.311221069955906,10.63080838204352,126.42966579910701,True,6.058619735186777,0.324876975725533,0.05362227535732898,1.2699783702732002,0.31930557288095107
871,0.44713550161314514,1.811687702986959,4.986618031116413,122.95642398999217,True,5.345892540255687,2.084114709306016,0.38985346106607965,0.717881789851083,0.648370012521013
872,0.35971226514673277,2.224376219089734,9.067058657226974,76.18988849311144,True,3.7656244950193702,1.3730451218313164,0.36462613934219523,0.859136086296,0.773896096831062
873,0.2932722431867509,1.5035424816186662,6.769354318341509,105.44826393173409,True,5.813456757730669,1.8101770653512856,0.3113770585708981,0.8311077089307357,0.6858315662994796
874,0.39562405015785257,2.1056812753424023,7.833039787690692,88.97656088719873,True,4.186951410650784,1.7555612757845718,0.4192934437497335,0.7834116356068352,0.747311534143682
875,0.31940480765551876,2.167322118135291,9.494996788481501,74.1359807098395,True,3.8850334216452542,1.023192821278002,0.2633678298820644,1.0889048894177238,0.748951232630009
876,0.36672395505766914,1.8080746679758835,2.472517205914782,79.97855285868297,True,4.02840855104323,2.712647227570846,0.6733793738145939,0.5453804838189682,0.5715763181017914
877,0.391717083319041,1.16179144447021,2.4002046333096,83.98817297626121,True,4.064469344796535,3.902201201055071,0.9600764257333605,0.41587096681691404,0.4298691032594224
878,0.4133660251910425,1.9412715540127983,9.96040545138595,90.78100828064487,True,4.09237125379058,2.262364568491171,0.552824860744402,0.6507079743995576,0.6524121877442375
879,0.4416181985036778,1.8863708720022379,10.90228324291288,129.48055805649227,True,5.538037810731525,1.4707772951317906,0.26557732998531375,0.9958054729293329,0.7306493087925907
880,0.40830572714151003,1.6803488206536956,7.954451720504041,116.89785768433781,True,5.378870672754879,2.2489046149024707,0.4180997744180111,0.7342680490139997,0.6927631478507332
881,0.43372199302441955,1.471425756028098,6.774457067260892,85.903091226768,True,3.8086993197137344,3.368100552635287,0.8843177867053146,0.473920883640671,0.47843705996531805
882,0.2841788025301073,2.3938867118055986,2.1597563878662362,132.88925789334598,True,6.058787355619863,0.38018965714090497,0.0627501238821755,1.3059425970510241,0.3368468935939175
883,0.4499597545908305,2.3596267159555566,6.431474370270004,69.76421044418625,True,3.0054882513147523,2.523972847854966,0.8397879601595024,0.5541502162358314,0.5718949794142554
884,0.39609059477978115,2.0780558672913387,9.059227776782572,99.53133878067825,True,4.650249605530736,1.320454054590115,0.2839533716684033,0.9661677386517122,0.7444504172773292
885,0.3163044523829946,1.1758419264313882,7.355570556524279,53.454863848811925,True,2.8434339689749053,2.412781768991811,0.8485450322806863,0.41576363948785433,0.42500021167317925
886,0.31286694793082387,1.4526467858961574,10.712599599624028,137.66010584147674,True,6.058935635645661,1.1263124797923958,0.18589279495991412,1.3093532547235855,0.6778875753029965
887,0.3210452721478875,1.0593610262232989,9.22068158980289,65.3651060615808,True,3.4172429817682795,2.756335493774339,0.8065962849232488,0.43196971450045263,0.44365504640819076
888,0.417670756840698,2.270110580421784,4.083537661475967,128.2640401648202,True,5.870169703749823,0.7873876986533709,0.1341337198736168,1.3332811481780769,0.6031368759262907
889,0.39411264627150966,2.258555618365842,3.6818865432782197,63.88185563000984,True,3.0734127917928573,2.4482315537894013,0.796584032033406,0.5478453622994475,0.5757960992024214
890,0.43030455910491194,2.093872050276677,8.760477468247903,137.2016999317601,True,6.029496880938658,0.8483057386524516,0.14069262417802086,1.3074004727779367,0.602838688909479
891,0.37639226536188164,2.1971408570861115,9.995696333190676,112.9782691475433,True,5.421488271312927,0.6084904452691715,0.11223679086219121,1.31418433597885,0.48403180537040535
892,0.34359383786830633,2.312269919437317,6.57619025910718,126.3136797428725,True,6.0582448362502985,0.4377193854498278,0.0722518480650826,1.3034979261982773,0.384066949829061
893,0.35120390058714324,1.37016570050248,10.653388401409282,62.62758422979691,True,3.0814677437143407,2.2500121229207566,0.7301754585977382,0.44054962482568305,0.45148166446684046
894,0.3361152910966934,1.6425574930808935,3.001273594139227,67.77168295688998,True,3.5780098693692723,3.3617180497752823,0.939549686140995,0.469494351511647,0.4944079070884255
895,0.43616491217586123,1.3601559825678777,2.5429915061224877,135.60248849795747,True,6.021359757616078,3.032077857140087,0.5035536787691489,0.5620652629484808,0.5632907528944928
896,0.3831122132356817,1.959399465269834,4.773047767448015,131.15821039185738,True,6.058109002091821,0.9309259686483521,0.15366609751110621,1.3284627573737509,0.6585246950313319
897,0.29106875460869325,2.041530554057613,8.390980586298456,110.10523679858476,True,6.026593265468569,0.46546751002526077,0.07723559389552906,1.2953387075127445,0.39386929859099284
898,0.3148664908004972,2.081434899667487,2.934778013515447,126.99510460486836,True,6.058810505534454,0.5268190282015632,0.08695090029971023,1.3264670588996426,0.4461764820472838
899,0.2896160961445251,1.5295878643724004,5.425243600261966,98.89527576607635,True,5.513303049105476,1.9800982150409474,0.3591491701806987,0.760859382308654,0.6715107619773404
900,0.36472061897785224,1.2249024812537366,2.5724939543323075,83.06509782557856,True,4.194699565758281,3.9867644671891966,0.9504290842980799,0.43155793900053174,0.43920297222228744
901,0.3416304781771772,2.054496997628168,11.979284016311285,53.58890858661125,True,2.616733778999848,1.6485814338127032,0.6300149625625323,0.5120892689504108,0.5359066031743414
902,0.3075230886795146,1.6118306661725652,11.756719761974695,75.54526195647591,True,3.963654615462756,2.7517274228445348,0.6942399602906044,0.5750256909622955,0.5998973472382114
903,0.41220772292753827,2.194832306549765,6.396987216172372,116.20874602439213,True,5.344260473927898,0.9053435197765177,0.16940482676569707,1.3381595892819913,0.621906919477798
904,0.2966289322196512,1.419130196149283,9.733397079687752,68.81160728080832,True,3.719001020600847,2.950595515427018,0.7933838950520954,0.48811444796798753,0.5063612770998058
905,0.28343214603232153,1.1932918666604244,6.052745423664189,100.36240191331561,True,5.630747419629253,3.275476022734065,0.5817124759166934,0.5601372837584955,0.5711930875072744
906,0.31836318229649,2.138079510369453,6.475574185616831,75.97974021925025,True,4.059382105198691,1.1306266094482051,0.2785218489287461,1.0025574498833736,0.7386849919250471
907,0.39019036797288276,2.3086076738970918,5.484468056584938,97.7465686047324,True,4.687347651910929,0.872178161346916,0.1860707218913767,1.3619745474549294,0.6060655542357622
908,0.40651409703854147,1.9859382374431402,7.562054895895448,98.10221846175178,True,4.54015510824919,1.9279232890931206,0.424638199164209,0.7642511707351498,0.7283957212651044
909,0.4217101191817182,2.0670875158483266,5.5659772699684105,63.92595297005314,True,2.9098250854083876,2.6045609020078486,0.8950919129361703,0.47966465319524776,0.5001422006758078
910,0.3586014913788392,2.3822273425388185,3.805920833223367,114.43205929363388,True,5.7733081081735005,0.520113214298667,0.09008928755462092,1.3268544340667838,0.44067271618324355
911,0.32292059656517064,2.1956830917018806,7.023249783888135,60.062479969748374,True,3.174543491243672,1.8819150705637313,0.5928143922912408,0.6587281287014899,0.6795522064254929
912,0.36302399925508116,1.8528556161409773,7.213513352369468,76.3605413343612,True,3.79873120264468,2.6630547629989905,0.7010379573961352,0.5900561144400278,0.5859107022892553
913,0.40033371377326143,1.2045976378186245,9.848411723895975,119.11626786997093,True,5.50460084919546,3.43183250875583,0.6234480215322822,0.5563398782356566,0.5433035537179722
914,0.44539652494752485,1.895187210337453,5.47560266572205,59.4024219163975,True,2.5933366291878492,2.328550473423864,0.8978974990042431,0.42956319214756267,0.4464916494749902
915,0.3137269226499254,2.4250687407433436,9.8155499266292,58.11442471250168,True,3.044819552874849,1.0295236428323007,0.33812303979073177,0.941082459276493,0.7565923082753354
916,0.36888955974790194,2.4644351420792083,4.17894389502781,134.23421351708936,True,6.05856007027145,0.4405223555507681,0.07271073496693592,1.314874687986591,0.39059509056418573
917,0.39463270013646634,2.439568133796197,5.548200336622676,119.81251289522902,True,5.681216316806858,0.5534354501086107,0.09741495821438295,1.3242249239633415,0.4624452768767533
918,0.3753448183474928,1.9589906121041794,7.426046632041777,55.000475837109775,True,2.668477249029846,2.2195107850197218,0.8317518111974345,0.46376285081476354,0.48322587371661374
919,0.4147826271030699,1.230571363148991,9.573609188580539,135.94759994112317,True,6.056218096047581,3.0864876229883413,0.509639443962999,0.6122391887268748,0.613970257960025
920,0.3445372821395844,2.430871747387573,9.042871437381265,74.23308295279794,True,3.755500195871347,0.686612472722822,0.18282850137450596,1.3673234664920746,0.5579996773343683
921,0.3728043199153448,2.2201790834870025,9.483259934926645,130.05714713416023,True,6.0577482999196555,0.502047751692032,0.08287695804374881,1.2968205179231682,0.4244615758332517
922,0.296862713474851,1.0282139423286978,3.2898054458961288,129.5779877023374,True,6.059029071106463,3.1238999419456763,0.5155776454089878,0.5386797579584575,0.5436156963082821
923,0.35334715810052053,2.235593091946714,10.641240247458642,106.95093865932674,True,5.302404932755308,0.5129004816270966,0.09672978358530913,1.3113864096834589,0.4281062540450211
924,0.3940445500229406,2.1632144618246367,7.839876110624193,114.64564880436595,True,5.402610828970553,0.787696039975778,0.145799145063697,1.3276075564732053,0.5732963268145572
925,0.3393399156519903,1.073316952915905,2.502129722471091,72.10920623811441,True,3.7921912466042915,3.654858032535828,0.9637852615710144,0.40008462970812664,0.4251940449914291
926,0.3100848294612624,1.9681351747181475,6.293343616032902,120.88984580716331,True,6.058367691733618,0.5595485621690521,0.0923596240176264,1.3131087069643383,0.46148666153865703
927,0.3993026820154606,1.4201993536988362,4.575662010672134,59.775873247553065,True,2.841254659130234,2.6377774500111286,0.9283847336720623,0.4032629210427765,0.4320276489042869
928,0.3206306589873784,2.330684229198451,5.035739104024962,126.23754351386907,True,6.058595658452545,0.4076814755072429,0.06728976457415063,1.3057584881835766,0.3639602766784251
929,0.35031792741020623,2.045648648637508,6.005326583860663,99.07361566796632,True,5.0476075756631555,0.9642173684948114,0.19102462979565768,1.3485557441260552,0.64320223257271
930,0.3317107456029674,1.9626137952088203,2.6557448150640397,77.97058881787078,True,4.140507745135755,1.8992407374316838,0.458697544923784,0.6851094970472098,0.6660003777170385
931,0.4173753232244527,1.2634004840687072,5.835190569493157,57.86379856853342,True,2.6483392608653924,2.3619548081826136,0.891862626169278,0.4029759722020767,0.4157377453786455
932,0.3604346823416597,2.3794323103767643,10.800318607535978,51.6241893911875,True,2.4755744731523937,1.6278711092870484,0.6575730711967308,0.5555482511612815,0.6015943593376543
933,0.3029012503017548,1.835065635110602,6.234163543857979,127.35612667839094,True,6.05884490632178,0.614375297818173,0.10140139041637057,1.3186161447475544,0.49827351177727985
934,0.29859332351567025,2.2414564478361614,11.801021024975974,133.2751453022925,True,6.058752588739605,0.33696045748491416,0.05561548397126605,1.2752835887641942,0.32437039709740745
935,0.4249920485337976,1.8241082797118353,6.8107175199954915,61.587015958096316,True,2.764670345117671,2.3793255361312022,0.8606181711078223,0.44753695813071825,0.45884274879132647
936,0.3673723383565268,2.131962235395428,10.138749144735975,107.42556223621621,True,5.226414913150913,0.674505691083098,0.1290570500604305,1.320386052336568,0.5195237560096393
937,0.40007868639818744,1.4640997968774323,10.694575707782226,101.05198109885131,True,4.64550501219412,3.2372858357155367,0.6968641358082472,0.55652779220947,0.5445464715944865
938,0.42429168730503547,2.0021865158915473,2.202676987064035,79.4595282813984,True,3.6449644170870332,2.796037381508141,0.7670959333377159,0.5146631351533015,0.5433577907963123
939,0.3246877593321712,1.1962913899408976,9.300360760490861,104.17257146290605,True,5.436798298961866,3.363360323377795,0.6186288580946647,0.5589075761774311,0.5509372365581915
940,0.35930600500391263,1.1947548104086059,7.534558048822912,138.68380893286457,True,6.058869868307312,2.684425065975869,0.44305705920794536,0.6442614301416283,0.6171851811686424
941,0.34774003477773785,1.646657477673127,10.617437235437293,52.18983560215099,True,2.5623976771549613,1.7678729219376876,0.689929177543028,0.43800587795367685,0.4452159311442254
942,0.3364687257836063,1.5665270151055373,5.520300639553862,54.096743276746324,True,2.82597195652645,2.551837478571809,0.9029946219665981,0.4274174842577545,0.44996496289812216
943,0.39282214187906844,1.5483866380545668,6.646037874498324,70.2728913410285,True,3.3408619462258557,2.9458369799022774,0.881759566039586,0.45734490252161075,0.47083032668450775
944,0.3914601210455172,1.1724413057442373,2.0812098945842483,115.97171751467634,True,5.585316534173498,3.6214508474823828,0.6483877548075754,0.47934380716330693,0.49583820841042847
945,0.3837777771459843,1.7628729131615561,7.620335099866754,50.21482149995891,True,2.3948977086082963,1.9444334879388905,0.8119066968704998,0.42726046995877276,0.43286359190262624
946,0.35297039104905326,1.0173041063309027,11.540198869977385,82.79924529270414,True,4.0702257538978595,3.0624134344043217,0.7523939996378814,0.45714031866861893,0.4642987881261851
947,0.4090853346408278,1.3414763915191368,5.08889220750307,79.01038532171145,True,3.684846187061392,3.403097179964095,0.9235384619074188,0.43813475411012126,0.4573429117002301
948,0.3923680202598996,1.1738848587393016,3.312188352527911,87.1856109470163,True,4.202974479020961,3.977097277344552,0.9462577746298796,0.43224357484561526,0.43976702793330036
949,0.33187984249435687,2.2361662296469165,5.542923592931306,114.56269291776916,True,5.979506300729225,0.49305258956903436,0.08245707333879798,1.310746633736684,0.41831445596533756
950,0.4377586756404964,1.3568450276304607,6.08843806093899,129.19198069145835,True,5.685043749277506,3.146180889695445,0.553413663719876,0.5772901789151792,0.592115996453856
951,0.3418782877199228,1.653881914293501,6.836669502232162,53.931668656258736,True,2.7705423095263204,2.3838673214527506,0.8604334657716598,0.44091752586079913,0.45744050359145305
952,0.38430046689065117,2.171651373781452,10.722161219415796,122.0838099643628,True,5.758696119929277,0.5924138568478877,0.1028729150679969,1.3018183734412814,0.47692774425119033
953,0.4200320538953914,2.0387038037043146,5.992845575512947,97.23243836169738,True,4.429124550102984,2.0244164738866113,0.45706921333687495,0.7270631221867516,0.7056426792977972
954,0.3082686358262042,1.598290130561204,11.28657084776188,72.59715749897155,True,3.8149713019397598,2.7698635437168955,0.7260509514995647,0.5462300857333351,0.5718443658176136
955,0.3870346760556291,2.221279185928157,5.277308276003335,110.83860121189963,True,5.335903350128941,0.7952468713246629,0.14903697071376787,1.34257323285125,0.5840982450059773
956,0.4296235506101112,2.133591262795316,4.82864629474668,117.3502471082516,True,5.266763327677031,1.214506995481564,0.23059836182485852,1.3525231001183924,0.6732148239859752
957,0.44201547342315006,1.3955317283161621,2.7126204378267125,139.74705852171314,True,6.056834441543235,2.8357862236695577,0.46819609336176954,0.5850885277366649,0.5724109821149286
958,0.34957983190237624,1.4308973632950979,8.198548453716462,71.35520660147337,True,3.6021938571145133,3.034180794893643,0.8423146880063059,0.4724060531094749,0.48230181019901996
959,0.4370217246602428,1.156720043556185,11.161024862963519,118.38726592066124,True,5.0979294113338485,3.7567127871845134,0.7369095340615137,0.5211198534315202,0.5003022152481882
960,0.38568198241755824,2.26026795601399,4.481736859754294,123.72763419876848,True,5.960620507383793,0.6470730002840273,0.1085579931623658,1.3246548934389115,0.5245398539576689
961,0.3176584763437641,1.2433687418779784,6.631338404422423,85.42825478009445,True,4.566265632918129,3.7982870538574223,0.8318147386073288,0.4963043023817071,0.48313057408607696
962,0.43714491725593135,1.91928752062061,4.937879914509216,84.14250359312916,True,3.739522833341822,2.9966374592218123,0.801342201337455,0.5339213165942747,0.5415494161792811
963,0.41018882683659097,1.7759567795395539,4.4519806771953085,120.86510494807693,True,5.608457050053204,1.7907258174744725,0.319290279214581,0.792613775443225,0.6487069956525118
964,0.3594066351914005,1.5546718477324215,10.766468779441585,61.336335088344164,True,2.972195812742012,2.129550473587724,0.7164906378167252,0.4508657805424776,0.46376199525163164
965,0.33920505294149944,1.9442288353508672,10.821620450040923,117.43953304653513,True,5.937627139663102,0.633042198213341,0.10661535042923888,1.2974785425898214,0.49610083405849625
966,0.446859313510801,1.814256906839049,5.582180970509912,97.55341755909373,True,4.246956234571756,2.856702947346893,0.6726471358692845,0.5676507292678563,0.5821756381972638
967,0.36571229042653947,1.5426497182374002,11.393146858692473,54.670833979291395,True,2.5886741043096246,1.7062653045515699,0.6591271190571959,0.4314488682300066,0.4348315035264183
968,0.32521052068576245,1.3554100906495326,3.9200047999124723,103.48644601729143,True,5.505359132247724,2.9882922986350025,0.5427969777904288,0.5771575495084154,0.5899782183768556
969,0.2880748359748308,1.8212853034070307,7.04490010037885,113.07116362435005,True,6.057735018472459,0.6491230441114032,0.10715606445841014,1.3104603667604962,0.5043611530884884
970,0.2868240144051925,1.0398140505667213,9.44143556854284,103.0791368410295,True,5.675251278551334,3.690825681965776,0.6503369632133534,0.5331088439204925,0.5158240994616055
971,0.4119221724266864,1.511470510462725,3.40006553898731,71.11177738017312,True,3.3234139232595807,3.1601119789704195,0.9508631942755431,0.42152176601351155,0.4528031957955614
972,0.2980260409485443,1.409308920681927,9.43928770963858,61.40015081242823,True,3.31045662789115,2.6149549227067617,0.7899076220106102,0.45843130312653946,0.4780066414914934
973,0.4356761519477712,2.204107624029442,11.020376904107584,85.65709635920061,True,3.6755800366071236,1.9734132222944623,0.5368984493985043,0.6731072626598045,0.6786410675793735
974,0.38256855957401614,1.1699499500826867,4.239332520824541,132.2963458681876,True,6.058333738714545,3.249099169326238,0.536302440481866,0.5518093566184685,0.5630527360399697
975,0.34390781524403224,1.7673922814940914,2.7964756326601394,120.08613447420751,True,6.057540057543469,1.2525859771189798,0.20678129491841024,1.3400435419462648,0.6846809809536709
976,0.3953131787341417,1.8364986292822567,11.26093547326152,121.01534450529476,True,5.593357964812469,1.2455439540284903,0.2226826821855751,1.3117149609665044,0.7193133246539527
977,0.3333335036206025,1.7171350861586352,11.707443470232937,59.24864614598654,True,2.9586202970108424,1.9933799036865287,0.6737532037147461,0.4801814677704983,0.4994550889852798
978,0.39110643829227215,1.5614602195478016,4.553020436604797,130.94127898946218,True,6.057823370787531,1.931657657699353,0.3188699206738728,0.7653564665723946,0.6330348228399312
979,0.303075910353095,1.5343413624747329,2.971697694273448,54.57062739604507,True,3.0283312718468345,2.8962510229802123,0.95638513854329,0.42029641681461927,0.45478557924557705
980,0.43672148383018994,1.8303498684531896,6.7932699956638105,64.0434675461072,True,2.817275600273657,2.4312546682313445,0.8629807704986987,0.45001665842670047,0.4612490003719225
981,0.37220737496669276,1.4300799568928229,8.767316924532352,123.58271084684328,True,5.994914295243153,2.4489914626141314,0.4085115052532708,0.7169079030007626,0.6740276977865229
982,0.36915319763212623,1.514567547120312,11.692342859139139,127.86862507772385,True,6.0565530522080175,1.8521897102062208,0.3058158154052616,0.8632025772571881,0.7320479783614995
983,0.3706516358650697,2.3049729813198727,2.872514546690967,60.33814026517953,True,3.0241380133522577,2.196932703944878,0.7264657546199677,0.5656157222357501,0.5945552775080514
984,0.41274087150466787,1.9062631738006097,7.037511514352629,115.69580518042997,True,5.304465251280505,1.525856933327347,0.28765518502718124,0.904656724665295,0.6897698208414291
985,0.33107879149164526,1.076360756728287,3.409045574267139,59.287626465936285,True,3.1527441903137814,3.0080390310514566,0.9541018393731707,0.38656380098101595,0.4236776368888755
986,0.37875488577055616,2.0913387104325443,4.228951196696933,83.83589908495581,True,4.119934135830102,1.840787815780241,0.44680030192020326,0.7247951143507336,0.6960802583495145
987,0.44695056158860946,1.6897785043179425,8.947872886850831,91.62684381271944,True,3.9181795713329337,3.1799288602389617,0.8115832371504033,0.528474954908027,0.5250048193528865
988,0.3326197286163716,2.243713812333051,7.079655305241337,91.68829969435649,True,4.77906017884765,0.59904890223872,0.12534868359476603,1.3440861394164072,0.4720428279446218
989,0.31060092837552145,1.630039812828682,6.059469987537401,52.81718147136093,True,2.857634457500206,2.5352472011029237,0.887183871418145,0.4416837061476824,0.46582587125418407
990,0.4186931793765983,1.8174027039198213,6.416526008443756,118.11767682360379,True,5.3727951761012385,1.8170228552227745,0.3381894890214845,0.7985058228702449,0.6748064346603577
991,0.3935306864067344,1.021682230842474,4.607510162206106,61.73788244613566,True,2.9623852581435877,2.757695368520506,0.930903690173184,0.38677362445911,0.4195098741905179
992,0.36105327231399575,1.2136424933334224,11.25023075055025,51.52347578600613,True,2.4548226285224306,1.6050529864024812,0.6538366429221691,0.40762469110231514,0.4050529282354782
993,0.4475756395919227,1.4213522651310107,4.4246181909826365,112.3608961121521,True,4.898081299114447,3.408809321709839,0.6959478852109167,0.512806802288964,0.5274252580121477
994,0.3723903442008718,2.4406454519626593,3.4875325792111838,132.32066830155242,True,6.0584274115503405,0.4675427448938129,0.07717229457968691,1.3195968927385278,0.4091294308456508
995,0.38301257611571893,2.4921692360320717,2.5870937648857333,78.6544598445705,True,3.8593408124819275,1.0453810959323069,0.2708703757261661,1.0155147595346312,0.6510835982072156
996,0.35306837333502117,2.3274461238476998,5.573899344598835,137.86399611833366,True,6.058823933494008,0.43478926971384535,0.07176133099202153,1.311338294738717,0.3863380982090918
997,0.33686581241479135,2.4932528012027957,7.900101891594378,55.69596111261649,True,2.8607478728058964,1.381459080893219,0.48290137485560647,0.7510061089944076,0.7418479402303912
998,0.3404281421678348,1.521757319922063,10.538811428123145,137.34436430412904,True,6.0588458100926985,1.1917302055575154,0.19669261158162438,1.3088477233614597,0.683755887959228
999,0.4352019051431255,2.435910106048713,5.198301687680978,137.92188408252645,True,6.054410243183833,0.6282263807957711,0.1037634312116593,1.318621295881882,0.5171358792430136
1000,0.337229131502494,2.1689821633030775,11.035740660721267,118.02915602778816,True,5.97299319116051,0.45614001911113655,0.07636707501796294,1.2880946964357767,0.3931240544236916
1001,0.41187423655334265,2.039361895587138,7.012523496918071,119.78813900709596,True,5.496985350383345,1.0949022542947588,0.1991823125776392,1.3325295510310204,0.6658232990431623
1002,0.40646626581692846,2.4612908324672187,4.358681069789121,116.0522434748046,True,5.421794054849768,0.632733688831998,0.11670190391426263,1.3413162647965584,0.5117306149046859
1003,0.4332609696987385,2.1032177475619447,10.07217425943652,82.2403281271175,True,3.568313693963278,2.422717481953007,0.6789530545062946,0.6058692451816876,0.6142050140150288
1004,0.40356869824567576,2.3991604211911652,10.764561311084586,77.77754284343342,True,3.529964883821094,1.3406101102595755,0.3797800132244943,0.8318646978643502,0.7663721707830073
1005,0.34526115574238797,2.01535496098013,10.743425607608613,75.42939335358815,True,3.766094328597006,1.7689057809841875,0.4696923726929493,0.7197780341272715,0.7118649018864618
1006,0.33790230033489593,1.8737898307816496,11.066740188269835,90.56016853200356,True,4.581149465351392,1.5246237415883386,0.3328037544113165,0.8733760926048784,0.773535304891348
1007,0.4461341973650488,1.8760711102574747,3.627445614253648,133.95402229681423,True,5.841422036000468,1.626078109079077,0.2783702494114648,0.8688504459285946,0.6542658302210009
1008,0.443060568124157,1.9453403953799493,6.8443799009234505,80.22232735637394,True,3.4950965219758454,2.991425962496351,0.8558922317845575,0.5287559989245585,0.5322417961990369
1009,0.31048836734005697,2.101864874668742,10.703105787215135,87.80803001453125,True,4.636144777859247,0.6192403469814526,0.1335679485116055,1.3317239731943045,0.5024128432166552
1010,0.40856739688451843,2.443934874577416,7.194323590357444,112.23839074011536,True,5.178350785134574,0.6139265643228725,0.11855638789192569,1.3334935719452052,0.4883013188790355
1011,0.3203341524092821,1.7903051513157802,9.588792551968176,76.80807152201413,True,4.020344911497497,2.233727635026194,0.5556059701838307,0.6507934432786233,0.6573705145886932
1012,0.353578828445302,1.2522118603504933,11.565251984785496,136.14489331564442,True,6.0586480276984735,2.468751430682691,0.4074756314273808,0.7220415070573938,0.6836027692678046
1013,0.3465084908669698,2.072913551643987,9.765859027664812,52.301765425889926,True,2.5973116502112314,1.8823789064536112,0.7247412555595795,0.49141446005666856,0.5233775497892461
1014,0.44445009179767325,1.6862849348135098,7.673024423183969,104.72899648688639,True,4.535272989643426,2.912234518906295,0.6421299281336672,0.5858843077929516,0.5846071218881841
1015,0.370017820310363,2.4649722564243586,3.8541922463677443,61.133623837017176,True,3.0557623380774124,1.726021629442108,0.5648415807520114,0.6699860331567975,0.6890888238967046
1016,0.2838999039445369,1.5904081434700983,9.17359342413063,53.6137153329623,True,2.946023035468234,2.2966013276428536,0.7795598676565804,0.45893368030535564,0.4823730353119551
1017,0.38056264237769893,1.5931142426119973,3.798035710806994,116.97587965453668,True,5.707952558429647,2.1727772971768036,0.38065791103466545,0.6950588453815829,0.622617053251783
1018,0.3602893290196112,1.4828688857937815,3.9348546419291557,52.99670308353341,True,2.6908837328262702,2.529496117878863,0.9400243076359529,0.399243558145264,0.42929259092173444
1019,0.38874481723274057,2.3780695118438855,5.954218793801196,95.29471879502597,True,4.573225901751898,0.7792067061966349,0.17038447759559366,1.3613506459916866,0.5661536480954354
1020,0.2990085949610746,2.22529434819828,6.3563536437806984,121.76106565864879,True,6.058520297470017,0.40031659008227044,0.06607497712757338,1.299020075174881,0.35649388235189505
1021,0.4232640879340517,1.4365575823485477,9.947303620088732,114.72723396904277,True,5.0967497473267676,3.063148812442254,0.6010004344531272,0.5856983690413657,0.5785730142087941
1022,0.3005637740911758,2.1781163993921937,3.4244952440035092,116.92558341732398,True,6.058257301696753,0.4693739599093588,0.07747672912107909,1.3157832074566151,0.40237045402676586
1023,0.3033889467081221,1.386110158530104,11.653903641245385,88.73045567197283,True,4.707136146590622,3.046684685347991,0.6472480485941977,0.5728112527130405,0.5750870249774485
1024,0.28946975840255895,2.22203365285465,7.206566230207292,139.4192663259704,True,6.058888342328936,0.3540205176640634,0.05842994583524273,1.2944309859844152,0.32946263424476063
1025,0.35392492158805783,1.2380059307580948,7.712201385771111,128.33123732418144,True,6.058299837187462,2.841563324756371,0.4690364295464705,0.6397866569735604,0.6269015709215955
1026,0.37444286970913954,2.0484283874410307,7.47643999486584,84.16724568291397,True,4.10704564891455,1.8470756199585827,0.44973340397293754,0.7502097995419104,0.7322179249665033
1027,0.28162219724514637,2.3758610645557363,9.298391888308904,130.6027516698563,True,6.058678996467516,0.31475798416003964,0.051951586202794005,1.269454903534534,0.31322922957411103
1028,0.4331894811260443,2.1546247632891857,11.11116071312183,87.15794559790652,True,3.7561940314203253,2.0146291061193145,0.536348519077308,0.6698559448795844,0.6750086952308711
1029,0.43558489196191574,1.863351112408909,10.288410077476918,65.63824025079062,True,2.8091897558905807,2.031945093759603,0.7233206975423515,0.4593900730689917,0.47255093027626227
1030,0.4054641611873953,1.2446513411185212,4.865564804898347,102.94766388225993,True,4.824417032761899,3.833138023230973,0.7945287476602255,0.48407612206189166,0.478533508637621
1031,0.3582002970529311,1.1513855757964873,11.477406147083919,125.03843269779667,True,6.055999299368363,3.1171885620858415,0.5147273650462546,0.5987532519928984,0.598580900250691
1032,0.338752133263782,1.9923185366706138,7.37634430311546,122.42179326937415,True,6.057849479053901,0.6216704107228077,0.1026222940785083,1.3095531291366598,0.49569533529402987
1033,0.4381486685187779,2.3841172555621934,3.502453498433876,128.6590834186842,True,5.6959017609439595,0.7997039068938822,0.14039987704446474,1.342129148174033,0.6099256961025361
1034,0.4084772411065897,1.6001080218998696,2.5764536299442886,128.44419311200437,True,5.987420100619885,2.1314547384125127,0.3559888403674632,0.6899653975770264,0.6029331537841545
1035,0.3790768087758697,1.9033532700723153,7.104832582155014,67.08276509260237,True,3.2513414903664066,2.771420213932566,0.8523928421988807,0.5153908355636756,0.5304048008019073
1036,0.35067967463618416,1.0628085933253006,11.404843795105046,134.79393163510497,True,6.058618379067767,3.1512136960512636,0.5201208425568699,0.6070120079656904,0.6098466095438861
1037,0.32603301754117786,1.6829382413551657,10.133750066229858,97.36079763204509,True,5.047814299857102,1.828097434442815,0.3621562375015591,0.8094241188291504,0.7457806616324838
1038,0.289737767723592,2.441894511645228,4.527095643257818,84.69471539087422,True,4.740439661934299,0.4345507984956635,0.09166888083928243,1.3429203191585741,0.3691696946655374
1039,0.3973078458481992,1.7011966844522912,2.02774537626342,104.66566822061424,True,5.004979795493356,2.563237723019261,0.5121374766242377,0.5952271664997864,0.6000528447329372
1040,0.2848854784986036,1.994289827418402,8.665699967509688,61.95216380747169,True,3.423901855063206,1.9286456801142045,0.5632888329617735,0.6727816653660943,0.6897763384869067
1041,0.3910407057777597,1.473813340203889,11.52990296924753,66.4968130458974,True,3.0430983185202845,2.102629065354755,0.6909500927256154,0.44608344162385416,0.45511907853088074
1042,0.3918993986483876,1.5749053396365538,11.220189928180906,107.11819223717693,True,4.97858781393071,2.534708134006465,0.5091219094125519,0.6403162357047236,0.6405382130991062
1043,0.34086036806694686,1.2157787049322644,3.3010547336019638,123.4599998689604,True,6.058337866722859,2.9931866450579383,0.4940606996349388,0.5707687275681859,0.5685575288809925
1044,0.4167980003698719,1.4065106100996683,8.371730064001245,82.26955323984484,True,3.721398445410188,3.1308718071839463,0.8413159335425177,0.4721740088164963,0.4761228957700734
1045,0.44662331123004884,1.7926544604087065,11.446502881448389,107.62320579850916,True,4.538573431340478,2.45145575461424,0.5401379512086459,0.6350828665595123,0.6367084484034162
1046,0.4057219021705965,2.230894874164607,8.274479326561963,69.07397379603559,True,3.177541140725897,2.3479139935281537,0.738909077662416,0.5958515916425973,0.6100945046386337
1047,0.4013740830648471,1.3206300663439414,5.439596141203963,131.95743447485415,True,6.057272443781532,2.917752290791066,0.4816940822575127,0.6095386716705611,0.6019732529226616
1048,0.28224804952057675,2.356123086236835,4.858601021056643,92.14163866471276,True,5.197481633607023,0.4216748758494212,0.08113061393480697,1.3249360176069707,0.36264039940952
1049,0.40366501422669765,2.1633365424980124,6.724124975188551,93.06039369868924,True,4.344843670064326,1.4969404100698842,0.3445326285002383,0.8537256634589121,0.7300610073703249
1050,0.33608257069912556,1.7223953263834577,2.5194709273615765,118.46235076273229,True,6.0574960754787135,1.3393075610172882,0.22109920408185244,1.341837828406924,0.6754648019699805
1051,0.3347615745894477,1.3676866891296378,4.88904969556696,127.35222692007301,True,6.058639545890375,2.0922047492235767,0.34532583319678367,0.7226080434999558,0.6228863040841315
1052,0.34082185145737937,1.5098481359910667,6.86650364595493,130.71394882401552,True,6.05868762351029,1.518722147779332,0.25066850152268005,1.2129629889681106,0.6760081289571405
1053,0.4017668049150122,1.7806648863001737,6.622162248567259,132.16165141146655,True,6.056939627169186,1.3504383949990302,0.222957215710301,1.3216023650056785,0.6792718539790545
1054,0.33595728621882226,1.8136966233830891,7.920120527038594,64.59419628596363,True,3.331365649829227,2.7554573179905946,0.8271254517293367,0.5235374674505366,0.5455784760424138
1055,0.297409552986736,1.0704894290159035,7.068327685538973,112.54312340311765,True,6.056906134806016,3.4456421479154167,0.5688782476114383,0.5541480290820111,0.5639334611262012
1056,0.43893143503668486,1.7328454373061715,4.706983976699746,103.31705940561369,True,4.574047788827256,2.8479976690553523,0.622642744575599,0.5721559456549907,0.5985024190095918
1057,0.3322276839509416,1.3545581645099314,6.570118995678209,121.63852592463813,True,6.058079307934826,2.294995245348556,0.37883215598425535,0.7094882210337605,0.6376207641518463
1058,0.36196275293411573,2.1139202522303564,8.62966418618021,61.197265878609585,True,3.01098324705257,2.3453687968597774,0.7789378433625103,0.5543310504748065,0.5916453361045475
1059,0.3650523339339762,1.3968488838801032,7.732315000307907,80.52551119174967,True,3.9833099448442963,3.426817150743471,0.860293875744942,0.4888112414929844,0.4890707342136995
1060,0.2930234439089862,1.714128907908747,11.442618577284582,112.5721043087552,True,6.047530868180436,0.7370025376372096,0.12186833828579643,1.2937546568227667,0.5538388757628576
1061,0.4053989695021476,1.6853024932309484,5.785727551318173,129.64906459289858,True,6.019471644780492,1.7161711959413182,0.2851032943114562,0.859124606810743,0.6579527194758477
1062,0.37611835941381216,1.0646498500427226,8.963298708940536,84.50825752252885,True,4.078764973257027,3.411384445804814,0.8363768121409341,0.4592963869635289,0.45902172963007937
1063,0.3983891258457645,1.824601932698548,11.665769092353276,67.0068207177903,True,3.0240981897520562,2.0558779622938115,0.6798317492668356,0.4840876244451273,0.5034047400119657
1064,0.31408240912272445,2.4861511238981224,2.7702190629247316,110.19744455884637,True,5.943481080674917,0.41694347295488504,0.07015139230619688,1.3105020067226225,0.36409830478659444
1065,0.4324934705041793,1.5408342391175576,4.803584324618062,85.15323733710846,True,3.817753140065012,3.5176464672891896,0.9213918077556182,0.465113647915365,0.4783213243348774
1066,0.3963067012792817,1.3243661332083214,4.667885419284786,125.60830237598336,True,5.9501224303022235,3.055492724253075,0.5135176225437562,0.5841737346006486,0.5889309981569602
1067,0.41397758824822095,1.842432297748043,6.915008720243923,78.23846693925765,True,3.585824955660754,3.063993186913266,0.8544737193811707,0.5273766000203972,0.5302793606868526
1068,0.4393064115468853,1.3886031412247624,6.043941987092731,82.3531070101076,True,3.6284253835327864,3.2760375764196485,0.9028813411149609,0.44733008812646124,0.4618221201780983
1069,0.386725596385814,2.4873574474866724,4.353554483594028,78.54349954306697,True,3.810286168093286,1.0402315694252917,0.2730061532217766,1.026692729246541,0.6723423297862618
1070,0.4093693754081795,1.7399834766757598,6.816922416526209,80.45916092644674,True,3.719345060029764,3.2056300458794746,0.8618802488451613,0.5185125783642084,0.5195854617561704
1071,0.37699378841246745,2.472882794517162,10.48545103227498,139.49526248110925,True,6.0584834447304505,0.38494865480126406,0.06353878133249416,1.2862627777663733,0.3515830998970313
1072,0.3314254863127172,2.3412964384650286,8.614578275527808,126.18206252444847,True,6.058284486133064,0.3855098765879847,0.06363350507398363,1.2900023029402137,0.3486695764238439
1073,0.382843631655818,1.9048075804395317,2.5959521039883633,73.20186667662033,True,3.596456439221685,2.887360631040173,0.8028348681084071,0.5118467601860761,0.5355923766697961
1074,0.31472718896046104,1.4278080342222514,2.1373347969760683,98.70403722201044,True,5.357503451983345,2.810334488875673,0.524560462548146,0.5711449893774927,0.5790196591069456
1075,0.2817448982137862,1.582214604486202,3.225013446287267,137.95923659709882,True,6.059064166074211,0.8694931850530071,0.14350288447537093,1.3413102555860381,0.6629999860098872
1076,0.4366539616856522,1.3531557812158361,4.442232429075065,59.74950839957849,True,2.665242891915841,2.477300830989673,0.929484077606499,0.3910434001705134,0.4194008798822475
1077,0.3732501014795351,2.2122794154324197,8.722398224070172,65.48908822244276,True,3.1662386268055025,2.1577036883245846,0.6814722270322202,0.6221008989478669,0.6397757764684573
1078,0.3606430198609608,1.3001351960947882,6.92998469447568,119.67711451870389,True,5.9599708385359955,2.955705678648539,0.4959261980843143,0.6186529395996065,0.617256151438005
1079,0.3357655456421611,2.2811591050359747,11.915731829039263,134.4471370387173,True,6.058624541942703,0.37107923398587916,0.06124809870903344,1.2810041508948378,0.34286057500227685
1080,0.30211493968958153,2.481586876251227,4.591907298817484,50.08734880972989,True,2.7642861614320178,1.4773507678551656,0.5344420517917129,0.6903271630338108,0.7053298309712832
1081,0.4227828681057402,2.030086776688365,11.784705994710883,73.99663489370354,True,3.2090881270203733,2.1774601421654354,0.6785292444390423,0.5390585919473199,0.5672871250246003
1082,0.4472085951542757,1.1035597282290288,11.879491157704102,99.27771258883898,True,4.160942359879647,3.092736659897342,0.7432779386030229,0.4710593232923501,0.47490881913844474
1083,0.2894292522993515,1.4488944578380543,8.53579874489686,123.07683599876461,True,6.0587263316936335,1.3150642797287055,0.2170529262643057,1.315747477702791,0.6925186586966334
1084,0.41599845035879596,1.09448128921097,4.12744364880282,66.74847814649314,True,3.090523150737603,2.909742028413943,0.9415046859362585,0.3900068205296554,0.4254819580973974
1085,0.4047691687329589,2.2104065423094403,8.25715726572475,58.04445669796346,True,2.665074516497851,2.113968452184301,0.7932117616592,0.4951232521754365,0.5248861764590673
1086,0.4309829318325127,1.4897877734588674,5.996169832966999,63.550527108512945,True,2.83908848652564,2.5304320926328843,0.8912832779402108,0.4206214950931537,0.4364019897358471
1087,0.4173158351851064,1.015125760521837,4.184085484080066,50.4469243449322,True,2.3311743430950664,2.169248659356235,0.9305390074241101,0.3678435655257082,0.3912527009133693
1088,0.37250924398563945,1.9074610356221815,4.835537592904301,111.25888006338016,True,5.4885597072646295,1.2737166838881844,0.23206756450190374,1.34582031624198,0.6771878748316831
1089,0.43283406293834026,2.278514585007765,10.497569208453992,51.31662393357297,True,2.1763113316044223,1.4239815603025308,0.6543096751018347,0.451664037767209,0.46390612113730034
1090,0.3664243637862359,1.7285936133849162,3.9767026636249727,71.91595361054988,True,3.6116832242621415,3.278823470854348,0.9078380542424797,0.4917883782478407,0.5098563145073634
1091,0.4254567002199894,1.6516614018622908,10.937623332743085,68.87350531476547,True,2.9889643277325515,2.1233095973081,0.7103830506130052,0.45394125761862814,0.46491004936534
1092,0.4482875370328565,2.156926025457264,11.14357997091832,61.019652760598206,True,2.51654238294674,1.659870147782363,0.6595836251479069,0.46809006522177476,0.4829530799143029
1093,0.32041647643565563,1.1971257751892408,6.072047312957071,50.66736363804912,True,2.7011778481605075,2.393878300506127,0.8862349815789988,0.4043537826785526,0.41817088880391085
1094,0.32575349443149376,2.4743535687827274,8.24551857449612,59.7188205789553,True,3.1153478970092587,1.0018598015381928,0.3215884179420156,0.949396426820615,0.7408475831212087
1095,0.33979563022210113,1.270509921425585,4.018874617371127,75.94377787493757,True,3.9713884633977923,3.7294930380219182,0.939090464807133,0.44236442325746905,0.45596770952613497
1096,0.3788684283394125,2.1963135420958553,11.033483756909261,92.83305903700571,True,4.402957818196078,0.9405657531700169,0.21362134092744345,1.342497709503513,0.6987814561427843
1097,0.3022087880619569,2.289563500955908,11.623994919256612,113.46078668953606,True,6.0134823763801375,0.3580476299489275,0.05954081304956897,1.271255873447147,0.3376676744377214
1098,0.4082208909130044,1.9355099536003693,4.1632033048301835,64.8302406097414,True,3.0409217758615545,2.827685470424929,0.9298777406478299,0.46217060804192034,0.48929759322925426
1099,0.42890467092163814,2.429682613099266,2.9592149433792407,122.1449763832362,True,5.5085582859686415,0.7722733941034023,0.14019519337219893,1.349975521081371,0.5947194879668181
1100,0.4330171693323348,1.3901900492769586,8.404902886059705,72.8027090054327,True,3.193165554520528,2.6329302271560397,0.8245517440925135,0.44232313017625957,0.45097141964316645
1101,0.4428201912918627,2.1988033417159625,5.615403889503154,135.8430977312542,True,5.920821961263238,0.9164966192075701,0.154792126026372,1.3260956739373033,0.6414827307869762
1102,0.3220856230179042,1.8286274280338974,11.588143597562457,137.79264730951303,True,6.058870044577971,0.5412988766130911,0.0893399053999342,1.2980027627074189,0.44667473134286384
1103,0.3102818884102603,2.4083870104319254,11.593714899921757,62.5651145036513,True,3.248359081556166,0.6964643646673616,0.21440498023196125,1.3696165452542601,0.5896896598188559
1104,0.36597454907901905,1.7522395204604362,10.449988823976263,116.8470202715717,True,5.687413172961121,1.2805914695612635,0.22516237709779935,1.3125202032198757,0.7163177622089689
1105,0.44733907878133133,1.6733647664155036,6.561932030311419,95.21472035877272,True,4.12445730059983,3.3184101465843563,0.8045689177341591,0.5288102357864553,0.5192124411593859
1106,0.4338846623922768,2.20946555053706,2.5340662689116513,51.478785286795905,True,2.3282248696799925,2.2328484147067167,0.9590346893827377,0.41220142671620374,0.4461958648506785
1107,0.3654898668487342,2.3739776259189904,6.448459365189819,125.82941203894181,True,6.057444477278163,0.4635888876634133,0.07653209029028049,1.3047629582852749,0.402555742784108
1108,0.32905933421929995,1.8419709971824603,3.387120831907091,86.78446877484436,True,4.611344922199648,1.8622872808811732,0.4038490532156609,0.7282050087053715,0.6709498451431632
1109,0.3611045573091686,1.0583227824238624,2.073518062556035,126.98141965548145,True,6.058375160406022,3.592244560064176,0.5929386122439189,0.4891442048440515,0.5056376694242344
1110,0.42602652605086944,2.052013984102533,10.82561043111706,75.11396055585928,True,3.2712126640709784,2.342497253513132,0.7160944561146101,0.5463741718689819,0.5737097181347206
1111,0.2975006809956097,1.570406456093786,6.508093255492062,133.49797883615196,True,6.058977985560909,0.9428471009945507,0.15561157397195374,1.3249047464160095,0.6609447629519036
1112,0.32525784884045505,2.431734805929987,7.120788788760394,87.2161851167072,True,4.594847271483799,0.4672159798773112,0.10168259188437284,1.342606999375715,0.3945584741460033
1113,0.33536446059097974,1.9212546608211298,8.647360100710847,67.71495769647285,True,3.4801730487243234,2.506620567248181,0.7202574504641361,0.5918509358917121,0.605775100586369
1114,0.4188773368849448,2.3720619524929782,7.994775292982454,91.00289738445386,True,4.113136644760382,1.1696279764885993,0.2843639969944976,0.9897922414827756,0.7327859399760976
1115,0.30979922250554504,1.1766889343318785,9.74336414570762,53.82637907500856,True,2.8330896210482126,2.131997137956554,0.7525343081690927,0.4188299979030181,0.4240624127306072
1116,0.33634013205901453,1.6636365191338935,4.649172342492275,76.65536626327172,True,4.019784286371463,2.999247487641465,0.7461215015467396,0.5406675498509443,0.5463699517634018
1117,0.344175688897908,1.9080733936221987,7.350471913014663,131.93246225483563,True,6.058668282845152,0.6693355609869456,0.11047569032325788,1.3144735910926961,0.5275653400832558
1118,0.31912992850678934,1.66071962578605,11.327521730127119,130.88054435151744,True,6.058723523754972,0.7781161873563224,0.1284290633671422,1.3017224885026546,0.5700418804975809
1119,0.3877344128189361,2.139821623461339,4.025857515258661,66.60634385699427,True,3.2333353159363645,2.5719835280014016,0.7954583353371015,0.5472448375121917,0.5691029655869553
1120,0.4043159683318662,1.943023060551108,7.571047933658272,87.42913299227203,True,4.060659715049925,2.358928540734528,0.5809224870509804,0.6418554563262759,0.6496824996929966
1121,0.34444152171753606,2.0355398493210175,2.561120845982424,63.49495553454081,True,3.3160480352646484,2.513687696695498,0.7580371785823317,0.5385550955246337,0.5621130744295559
1122,0.4478504871302098,2.307599785049545,10.922375389521479,94.6017305966981,True,3.9835565552353507,1.5685727700403267,0.3937618929945516,0.7982649866198384,0.759778040560779
1123,0.3194403291831007,1.3366695918656049,9.453643059335874,134.89890808053997,True,6.058917364107164,1.6869427589253787,0.27842313363089827,0.8945051525559347,0.678501274700233
1124,0.4145142919353362,1.2261295676926343,11.145719024684258,98.34032483137466,True,4.39499699993802,3.3960725483106984,0.7727132802044213,0.49258773448026894,0.4916956510714523
1125,0.2828033976157818,1.2546587336795625,8.69690963080878,122.47428219858081,True,6.058761520084018,2.0747940575573227,0.3424452424277876,0.769874066581655,0.6673768290915363
1126,0.41335389515323784,1.736951894437232,3.567941721524351,119.51655278348976,True,5.531105412181633,2.0129696308817087,0.3639362262827917,0.7186604589663936,0.6297865376241711
1127,0.36153571389527,2.0422589494898933,8.462055063547156,51.821792141856854,True,2.544710007870674,1.9877122116675743,0.7811154141413637,0.4688675466631822,0.4943542247157833
1128,0.44474041869826664,2.124908488801103,2.664428684958733,115.86648561488947,True,5.094944220546197,1.4959749561366513,0.2936194963830786,0.8555128803935386,0.6549309360565578
1129,0.3468583467277093,1.728026093313436,4.376184064588024,124.10396303706008,True,6.058181755907357,1.2264683200854078,0.20244825419598442,1.3333107672215103,0.6892588419269527
1130,0.4269577941468644,1.0964396501425868,10.371133103559307,102.8367247125386,True,4.524089422108131,3.6301426771524516,0.8024029453115631,0.4850701127256709,0.4759213013952519
1131,0.3329776656878891,1.670831584991125,2.641379041491254,132.22933747091133,True,6.058936282219389,1.1935717774687773,0.19699361767038945,1.3445591087919637,0.7004260689661077
1132,0.3443250788362379,1.3093369308308476,9.506146953336808,73.52072957021562,True,3.7101678375423663,2.987134601210132,0.8051211513894274,0.4663115747864248,0.4771751485083877
1133,0.2935444122825291,1.647638889679361,2.192484205745275,109.7559475232998,True,6.055950485554912,1.36266612650849,0.22501275889867647,1.3409417915004904,0.6651978089617372
1134,0.4433133715409491,1.0683507347234842,2.8192928435598708,71.89852524520026,True,3.187872179871826,3.0680993992363415,0.96242861260507,0.3828433727981473,0.4222106790824225
1135,0.3995908632663385,2.265977776085518,11.655051707516641,95.02279378212621,True,4.335648630337482,0.9461266955412919,0.2182203347662992,1.3420770860687679,0.7052323737087187
1136,0.422514780883416,2.229043842192531,5.055099936775275,95.43864871465152,True,4.344947963924928,1.5159552953292983,0.348900679114207,0.8272634395672718,0.6984915379125716
1137,0.3025483147863623,2.2342871814281455,11.524647552473215,133.6242525523467,True,6.058762472649703,0.3436014036577838,0.05671148278363109,1.2779608173043702,0.32710480869671743
1138,0.3270048613779515,1.9294931886163296,10.813748117005051,73.05142530955678,True,3.746517692944279,1.9574805505587505,0.5224799963564094,0.6829528428499945,0.6877818751724893
1139,0.4334445712357752,1.7704569195708868,9.554877582792663,97.30833185211604,True,4.25043764142731,2.8296962049422625,0.665742317299835,0.5930398686883751,0.581291799949804
1140,0.35004083762280525,1.3200680309736057,3.1436288071388736,57.88339130526887,True,2.9943120935677037,2.8640281171668467,0.9564895133407338,0.39429754997526834,0.4305375042969266
1141,0.32359136627157026,2.0607545622433716,8.286224868112496,137.29832777021812,True,6.058885710511403,0.45245439700320617,0.07467617291711821,1.3044984004787237,0.3941163555973781
1142,0.3027329302219875,1.7623180920560981,5.2034827855130406,92.89056448987711,True,5.0934881574938515,1.4827625468239478,0.2911094521035485,0.9045094081426521,0.6991476043115257
1143,0.38844616627385953,1.3019768539678707,7.495756656564263,108.49142107595273,True,5.173071798645494,3.393762619187101,0.6560439814648844,0.5449569410037216,0.5415875413044082
1144,0.44882518319841214,2.434690698116974,6.82755385466405,59.35661012018994,True,2.5509418317968438,2.1471576196842803,0.841711713266255,0.4956326851313677,0.5218385325717261
1145,0.3054423781952698,1.9399070488832082,4.795750707258765,84.69584319871652,True,4.638023390372346,1.263029690494933,0.2723206815034056,0.9857498159024916,0.7051887578310061
1146,0.42223287866360454,1.70967320356462,5.127471208608394,90.59392683944685,True,4.1278263313195795,3.175709234251116,0.7693417744239033,0.5304098988384909,0.5340396139802572
1147,0.3842402805375131,1.7043373364453114,11.66382273991493,135.0726467998677,True,6.057982180563996,1.1259373712550698,0.18586013258134831,1.300292569494724,0.6831276321912658
1148,0.2971929653917096,2.479597958684078,6.22394330103369,119.12098807668174,True,6.0581997110210395,0.34233528078329867,0.05650775760338908,1.2820444376621873,0.3212985552405927
1149,0.43653305811933735,2.0618636384103075,4.793342680590092,125.44711807332803,True,5.5561900353531435,1.2708540261361243,0.22872760255676725,1.3448090144872018,0.6759698772979488
1150,0.2802020377531151,1.854307739005714,6.14006704962039,97.625673555849,True,5.499172037684782,0.7825075539968515,0.14229552169571633,1.3303865695432324,0.5712080465372922
1151,0.3056955065993322,1.4077586281227275,3.2057142070227562,136.39019907491507,True,6.059050434267334,1.5588081031476761,0.25726937249634707,0.9698883291811788,0.6757623296698729
1152,0.40154095764480857,1.3037700580074267,3.160679306615897,96.78633596894579,True,4.59163141127123,3.8233175264871613,0.832670827432258,0.4654379994831932,0.4688703906164604
1153,0.43906261048910766,2.34439973623194,8.128384358969274,115.37209516051578,True,5.029849164964309,0.8430351594413042,0.16760644937695388,1.3377105096002677,0.5970912839287905
1154,0.40638343766715623,1.671588011438293,11.837767016549412,60.6869516110865,True,2.6804610298671196,1.7372889407749397,0.648130646712317,0.4429444349372189,0.44850771763916386
1155,0.4262666946407643,2.29154604199692,9.201807044018349,126.50451797041774,True,5.606212922829524,0.6813329022010727,0.1215317562104287,1.314311735418546,0.5246955454797733
1156,0.4236407119508872,1.5507828617756079,9.49575269090678,86.66010856490834,True,3.846897683743648,3.0932758709415547,0.8040962160270666,0.5009186201718427,0.5042216185304773
1157,0.42167841283062346,2.0738012340206455,5.968635331366251,137.23487604657845,True,6.057354873849152,0.9154875689340813,0.1511365254306677,1.3214428320568716,0.6427398269394224
1158,0.33955729309376376,1.752796544445469,10.571757438507975,116.50761354327477,True,5.898522028972158,0.9917312549743107,0.16813216092152564,1.3043667291456282,0.6621659116136196
1159,0.3458460690788582,1.4404826860255446,7.889120751253595,80.59005824620041,True,4.10406146185342,3.471521702434153,0.8458746865029628,0.5099043750438339,0.5071742697190866
1160,0.39651794333683993,1.2647493054199515,7.402631161240842,105.57324685447628,True,4.971298109073001,3.673477184006239,0.7389372158756403,0.5202498380229352,0.5002727263554103
1161,0.4147018001159991,1.474003897431556,9.94040801894305,111.46032158863297,True,5.025075855691713,2.974000817775286,0.5918320246662043,0.5931786607234604,0.5880108269591511
1162,0.36896864979328736,2.1801522215632985,11.370777932266703,56.26388093263731,True,2.6541694930366764,1.7388472747525063,0.6551379930009912,0.5266184863969201,0.5614029087149097
1163,0.4088492694778919,1.7559066633637388,9.52291633873053,79.25584570746739,True,3.6030562464256226,2.8393330548979097,0.7880346185865521,0.5199413279602791,0.5304203604395004
1164,0.3973950227750769,1.546669475612735,8.822128513560173,80.18799461612937,True,3.7369953419344073,3.075886041791508,0.8230906812421435,0.4949069659846579,0.49940036986205394
1165,0.4092266790086498,1.0930626750640533,10.807726153537622,102.55626127513887,True,4.639809038911207,3.670502690133314,0.7910891718497635,0.4896082366889991,0.47991340992900167
1166,0.409575763393349,2.4156936124973982,8.160945506238331,87.96468449912331,True,4.034967096613857,1.0341182930091346,0.25628915137299785,1.1323012748746857,0.7091775982913884
1167,0.42340563373795986,2.290544724694274,7.434212411820556,119.33120838302067,True,5.360689326118186,0.7808056120870235,0.14565395690490893,1.3307933555755742,0.5721323490125503
1168,0.4063070321576951,1.9275390655248446,8.15169941183059,123.79359726596496,True,5.7040504260764395,1.1559217090213174,0.20264927949040312,1.3217261424412534,0.6762073885537636
1169,0.34501553397731316,2.111400711031559,2.839612241628693,131.50064140646708,True,6.058772451983943,0.5850021271939654,0.09655456312811461,1.3307797090981883,0.48953524208629595
1170,0.3525097502151828,1.3119650791362034,8.336199641092282,80.61182817139772,True,4.052812225830444,3.435755912596018,0.8477461380269135,0.48426020624599664,0.48427638621971747
1171,0.30924026269890814,2.077489097003709,8.663572455041548,120.53961130456356,True,6.058179108668658,0.4533175374272933,0.07482735807177449,1.2969228714873045,0.3893652568839223
1172,0.3924671911099423,1.2387035547680967,6.537641880930162,89.49899467205213,True,4.262423565072279,3.802536439274255,0.8921066574503547,0.469751428723435,0.46607800438978453
1173,0.42350320366199223,2.4326091048489684,7.918000243844662,135.87491365493804,True,6.048162764620801,0.5449675570048279,0.09010464470180235,1.3031992411205078,0.45653027903520815
1174,0.2909309819782,1.794641129921394,7.912375448100225,57.615092338368996,True,3.170594201524362,2.6188896135486863,0.8259933145306244,0.5108273339754095,0.5462893082992504
1175,0.3093269119913491,1.4181667253780212,10.443288424968763,75.90318840470874,True,4.0139443185947785,3.1110571918835457,0.7750623688204723,0.510917749450329,0.5251323059792439
1176,0.3444186194291031,2.3535272959466367,5.634567762933656,80.08574475815693,True,4.129934463661608,0.7654122156664473,0.18533277522952055,1.3757533489940084,0.5647516282545815
1177,0.4314557746321086,1.115990194940519,4.691032111253042,63.26393325572349,True,2.8445746609666935,2.6372880539581876,0.9271291381966884,0.38893439577137334,0.4192927577438317
1178,0.32244798895718596,1.2843241139355634,9.322165354064852,125.68127933242525,True,6.05847655121646,2.335385436317347,0.3854740406395455,0.7320228927892583,0.6704195245362414
1179,0.3432956948735129,1.800557223094612,10.302466944301202,104.12831210736755,True,5.255371233330448,1.2717263685248508,0.2419860200282995,1.3239425930570823,0.7402738908113866
1180,0.3879970223107013,1.8748426999788173,3.2736633364277123,90.65243995180971,True,4.398458408737501,2.392565714283593,0.5439555162169503,0.6236907788537218,0.6397487658058014
1181,0.4182890363915438,2.280747544724826,3.955978615836112,54.803332183959135,True,2.5302072753272737,2.3508542458371084,0.9291152818826013,0.45684316224302357,0.4899909875601143
1182,0.39044855996774974,1.9686924777147172,10.158417699287924,138.15877407404406,True,6.058267896471789,0.7210423499020283,0.11901790449411268,1.3027007495604837,0.5457817370868545
1183,0.3268058227539632,1.4273224930738846,9.595453493421799,121.20143250398289,True,6.057840304230609,1.8786536901380424,0.3101193817912381,0.8365494881505287,0.6974781429713874
1184,0.3976670470243357,2.39646284879345,2.894343975196421,114.50127470162857,True,5.4481612414317775,0.6942919587046349,0.1274360151870569,1.3496735140720713,0.5491369327699234
1185,0.3462821982088953,1.0658307715107773,3.881104307423282,75.27713337730233,True,3.9004012903544654,3.691526212472647,0.9464477979744398,0.4154376088320171,0.4351796415633382
1186,0.4290839150793171,2.0754726760395177,8.532784110063774,72.2922292140042,True,3.189196575223918,2.553890580964779,0.800794344508371,0.5323776142500596,0.5493402766313946
1187,0.42502114475516173,1.4604168967037254,8.41401663586856,107.39615897250917,True,4.7955491347578185,3.2988024244806797,0.6878883589308221,0.557935982279159,0.539194153703757
1188,0.35816905078920946,2.1208880969115658,10.70537937675508,97.81047987557609,True,4.809890323990102,0.7612177656201683,0.15826094034275007,1.3305053697320433,0.5805590780881147
1189,0.403214714748098,1.425257920069975,5.424673921650502,100.53805489482329,True,4.721237862862582,3.4285201372796887,0.7261909348496387,0.5193727510858479,0.5208893105736125
1190,0.3179523587434245,1.0783721827466746,9.650390178328983,99.02717042091831,True,5.21164008619848,3.861997878360637,0.7410331132781061,0.5155756573778523,0.48758508649199195
1191,0.309202735397305,1.003545633555912,9.331705916165912,107.97936597090592,True,5.760275495284146,3.7859505657178625,0.6572516486090578,0.5261161159435574,0.5057785572271558
1192,0.38580678063785945,1.129967940313704,11.431779565713317,66.4071199752107,True,3.069540036849317,2.1451356827506944,0.6988459694282199,0.4251761493255257,0.42957123527955376
1193,0.3219896259216382,1.3559150641373678,8.45496970941435,83.38662506798154,True,4.38901934001954,3.556826551012044,0.8103920888615198,0.5203608965118045,0.5111678116848322
1194,0.3063133981582892,1.0471885600868611,11.983621672831063,69.72550288841485,True,3.647769649872658,2.607587789904969,0.7148444228094278,0.443016871020506,0.45547413440419016
1195,0.4077287676958782,2.3200017635544086,6.200418489830425,68.96366105429365,True,3.2047613292130444,2.16634810301492,0.6759779841536232,0.6201151213963292,0.6300323199018818
1196,0.33006780949321607,1.5138489870291756,9.858405507405797,123.94626816893066,True,6.058143541464842,1.4547926352219045,0.24013835678613513,1.3088464476424404,0.7024225539163025
1197,0.38487836929835967,2.363736586431716,5.117544590867527,92.88424283273362,True,4.500760645262991,0.8417270455068181,0.18701884233562344,1.3695303567699235,0.5930689551808057
1198,0.4155516904650968,1.2580334633369468,8.513420842574558,105.11683454951142,False,,,,,
1199,0.4208290598270414,1.8703905900515188,8.435786753796648,130.830889920569,True,5.869437704663829,1.2742096958688756,0.2170922940124902,1.31675883580398,0.6835234515325705
1200,0.43925286757935933,1.8090934548374222,2.809769675499489,85.30418163562328,True,3.8038965398582967,3.2394538783680003,0.8516146126541804,0.4878968554233474,0.5088278422000707
1201,0.325405744095376,1.4809527385048042,3.7429569961618636,116.57323837976371,True,6.05730517177713,1.9486530401895774,0.32170296607622784,0.7619922895455069,0.6303974358686357
1202,0.4220829190457196,1.4563157379176572,4.862412473778032,133.80435650299438,True,6.045270354552185,2.5847168297459997,0.4275601715313967,0.6475907405316943,0.6109317933693528
1203,0.3008668447482997,2.1032945417513744,3.6978598590920915,135.76928376636323,True,6.058957344566709,0.43920941401016156,0.0724892731591875,1.3203014390616983,0.38482246973768186
1204,0.36531990824949023,1.21262454485642,10.012297140740557,120.13014268448096,True,5.865371504011233,3.142244919023022,0.5357282001445418,0.595150488116456,0.596349735047653
1205,0.3107092630716471,1.6642940138930369,4.456675481604792,121.65331854770963,True,6.0585460723858775,1.1017917661392718,0.18185745440826237,1.332553580958233,0.6893232872509705
1206,0.37083004113602724,1.9776983731756403,2.379105376071718,136.2013705680685,True,6.05878197428179,0.8540531450307636,0.14096119461898995,1.3402470870985619,0.6469217175911504
1207,0.4284281206152049,1.1328182702458376,11.417031934043411,99.12652833454906,True,4.314837004590562,3.297182912289388,0.7641500498817242,0.47924238080986603,0.47999457962532555
1208,0.4144120053739139,1.0714448903434781,6.393338936106097,138.56780534623297,True,6.0580959630723585,3.5178226492382145,0.5806812356029688,0.5381091371568174,0.5549588609595753
1209,0.2826287358542683,1.1672419347118,4.59938514613684,82.39297962434776,True,4.6650084026105505,3.918066464695908,0.8398841173583628,0.47596937466112665,0.46725361168689616
1210,0.31435029103219947,2.347431263723334,5.648625341540148,122.8806916197806,True,6.058405098059831,0.3924911400077987,0.06478456518754279,1.299700774116777,0.3526370775189145
1211,0.2923764385241205,1.8457739037490088,10.16931050208794,61.22048380421118,True,3.306790975363202,2.4265140356300328,0.733797223262204,0.5685671544688655,0.6087504740630143
1212,0.4263583886257637,1.4449184316604955,7.278991559933597,78.137088291179,True,3.4978454089067292,3.0388328613107394,0.8687727746837569,0.45795613566466153,0.4663574931129837
1213,0.3895815251810159,1.8901560054926692,7.1545662711585605,128.48226922532058,True,6.054859542649873,1.0471416675930323,0.1729423548501931,1.3161378343822854,0.6624596241592919
1214,0.40516564102142605,1.3107773233787703,11.194883697799392,122.30245804187496,True,5.564821898177954,3.031590524825375,0.5447776371455815,0.5951817693790971,0.5934540531365413
1215,0.4205470411993625,1.1193353362649578,8.093642802912179,89.74511639060636,True,4.043711949399316,3.4758461803066734,0.8595681947184697,0.46038725627697064,0.45894459134931154
1216,0.37055371190109804,1.1881635469241456,10.263533124136039,88.59929611836026,True,4.280870073050215,3.419411284817846,0.7987654907688987,0.48254071298659085,0.4822366054730791
1217,0.2990873851550563,1.9205234993177145,9.287832901222458,107.04899585409116,True,5.788966794335701,0.5847483609027563,0.10101083348325851,1.305101748761968,0.4653830532285328
1218,0.4300508503047006,1.6670616466789663,5.3324034304629215,111.17505111811494,True,4.9837565470931136,2.7430658816809186,0.5504012597246293,0.6100906808816084,0.6268335241125396
1219,0.40229613844506507,1.1532396767041806,2.368062497322306,92.55364394811215,True,4.396736962950751,4.133328536967133,0.9400900194386796,0.4286231793327957,0.42942352327099753
1220,0.39686227259229734,1.2860523719990873,3.0869866779472677,121.71468647103501,True,5.790786773324502,3.27981128657714,0.5663843990398206,0.5356300353216104,0.5525913134696561
1221,0.29947691274516647,1.1223659065759635,10.124454728467587,109.54872327254856,True,5.8993805010847655,3.2603453967877245,0.5526589437972714,0.5784376808647065,0.5781231730356606
1222,0.2991765240457243,1.866250213861703,5.813874881851577,93.99737641075635,True,5.16771107608209,1.0304727609512363,0.1994060321446011,1.3453866302026936,0.6691283797220429
1223,0.4463074209649628,1.0912984636384895,10.381540033168069,65.14335913495184,True,2.7296117493955143,1.9578423653067507,0.717260381715577,0.41309842181445555,0.41090390628792495
1224,0.36838122529903783,2.100620219447885,9.250556061168174,105.04434219589174,True,5.127319339668534,0.782889121264336,0.15268975255887757,1.3285139711252199,0.5747566459937437
1225,0.28930759954142377,2.0767836305476433,3.8341005676764874,58.87047277052659,True,3.318745455174543,2.0165620805086983,0.6076278243528748,0.6247700966396263,0.644837451415055
1226,0.3056096358100576,2.039820877522639,2.9206028267702315,59.57952393706817,True,3.2923110368298696,2.2793082505789277,0.6923125503882066,0.5722602625731179,0.5949194435894753
1227,0.42308198841068984,1.3590874657656902,9.04939711279492,130.52904761704968,True,5.820731243766283,2.9324368093957713,0.5037918238427976,0.627921911049313,0.6287105478610036
1228,0.38902207160097,1.5535441197930062,9.023380102266241,98.60832939834268,True,4.663266050090734,2.9472122918740866,0.6320060361593013,0.5886083758130769,0.5798479138215598
1229,0.3603463497049602,1.921999057097456,2.6853979976352,111.67664339325285,True,5.641969475964512,1.2103861927131112,0.21453256666302542,1.3523890939640766,0.6753592728631315
1230,0.31609187794919147,1.4131292894323138,3.158621189622525,54.325410059477264,True,2.957015754565573,2.8247369815892447,0.9552661250545952,0.4039537386792267,0.43860175582065875
1231,0.4304946775187025,1.166243985008357,3.118919439724589,107.30817678873903,True,4.841024319982341,3.986774836222286,0.8235395182308914,0.4574255610085789,0.4555445784259766
1232,0.4331090834435105,1.0357849809809072,4.541211417395937,63.516659550137376,True,2.849739823475314,2.6525862889550513,0.9308170055047937,0.3847817991596343,0.41690515138960116
1233,0.40420305718218413,2.2133118177783437,8.001844859276334,127.843081912423,True,5.9066719925726225,0.6646871871646267,0.11253158936207078,1.3106412902241193,0.5192264304716709
1234,0.325019077256516,1.814706729928868,9.0768416580721,83.60654626735982,True,4.364113003200953,1.9333426985845406,0.443009311896023,0.7350650821359852,0.718374966595122
1235,0.36866704087287216,1.4049599867632412,9.207023921557418,117.45572807748958,True,5.729211977833195,2.6753364740800687,0.46696412777728796,0.6661930894739472,0.6571905974455365
1236,0.3930898220977934,1.1291494961350304,2.5920240951340547,87.26976102582847,True,4.209922348449267,4.021118522950986,0.9551526584408789,0.42121514540614147,0.4291327332833048
1237,0.2947342744984948,1.288231650989097,8.728860944244568,130.96661805888922,True,6.058942611913056,1.7547390705144335,0.2896114360060576,0.8594798686073921,0.6722478133859067
1238,0.3136397776596336,1.745514519793643,4.013861064045194,80.3193492198381,True,4.361552691087938,2.334745735770006,0.535301508689932,0.6378839564820384,0.6479347467983287
1239,0.32718701278475887,1.985317760603528,4.328195486032543,112.06784119274695,True,5.919075520225111,0.7477417155720135,0.12632744978789792,1.328019241908196,0.5726241608864342
1240,0.44624650637068347,1.4648806961838794,5.657568207883667,118.97403364605952,True,5.173493680323217,3.154473143008636,0.6097375077515429,0.5585333049747296,0.5799958977716022
1241,0.34015996907377666,1.970493070808936,9.90314775204401,57.14067872504217,True,2.8716952585002664,2.1159239915029704,0.736820519252452,0.5078562395388406,0.5430982743781878
1242,0.2973373517560798,1.0332840751163397,3.296866724089983,103.54681397877017,True,5.7389393409846,3.7812056303894543,0.6588683737055727,0.48526332383660886,0.49206110939890335
1243,0.3861380514671527,1.7320953958510035,10.772089164658777,56.37146113741946,True,2.6021455590643114,1.7859472944906922,0.6863364304389219,0.442714628803476,0.4505237088806928
1244,0.44486046633608056,1.2203437900041731,2.1459405924964603,125.51386978825471,True,5.51561524207331,3.5774728799245117,0.6486081285430174,0.48378266981677465,0.5022517391647807
1245,0.3988375935564088,1.5773320492062308,7.318446298661117,126.80777197513356,True,5.930207870957308,2.0548766484607865,0.3465100538084628,0.7691427182007011,0.6634338416641086
1246,0.39123888790364125,2.181000395970908,7.626834471314677,77.84646591283034,True,3.691269892673198,1.9020178972814097,0.5152746758119001,0.7030061591982251,0.706375285889103
1247,0.34469185126142876,1.9096726753974362,9.19996560994483,99.32652746921161,True,5.032204881934949,1.1363107075063714,0.22580771931317808,1.3340015513727792,0.7182164954814656
1248,0.2843601795663399,1.2997334800972329,8.78702250147045,105.51994051546222,True,5.842845408525318,2.6366792600968534,0.45126630532611123,0.6701970024512631,0.6568111986027927
1249,0.39269568687986517,1.076896638148646,11.228234060851396,108.15731464772591,True,5.021453167856591,3.8722073837409527,0.7711328283469396,0.50509474874411,0.48670272887633503
1250,0.36761645731931236,1.9227528042245794,2.7611656923984857,64.39250137356372,True,3.2429217830687396,3.0346841727091713,0.9357870388836467,0.481960270148849,0.5158589720834077
1251,0.3377112720459095,1.744420309468524,9.561129879570037,123.36571490739917,True,6.057844997638185,0.902007622036358,0.14889909239804422,1.3055958762901718,0.6221895808185907
1252,0.3775203400537648,2.293447870495005,5.498825272273735,113.3810699520522,True,5.533737742289924,0.6287327441272067,0.1136180956539205,1.3316085389153907,0.5023980380443387
1253,0.34415762891603136,1.394705328477261,11.239015167720202,69.33689315299785,True,3.4445625081559634,2.5086884268807554,0.7283039343721402,0.4633140605786483,0.47882641152363137
1254,0.31829194369384256,2.1471349675493925,4.641995753117965,54.6153149929775,True,2.9443317116918917,2.4308017788019987,0.8255869300151629,0.5499506720530896,0.5915394031381718
1255,0.3527668447687767,1.5588700494293521,11.970604432743817,84.75667175428686,True,4.1555077183742055,2.940945242734316,0.7077222428755172,0.5547531866192501,0.571090894618135
1256,0.29516102432715186,2.016543100987213,5.052825579227893,64.20550522995197,True,3.571256010386067,1.9464565358683987,0.5450341645089676,0.6663822200135598,0.6762350299284723
1257,0.4191796797545668,2.360480851122146,11.43996271784288,121.33167611781664,True,5.378731561457224,0.5847551513682914,0.10871618051336021,1.3092581242266372,0.4759427402178513
1258,0.4046910539561939,1.13085640363725,9.121925061185252,74.111082294667,True,3.399226856789551,2.7501163959544033,0.8090417356115475,0.43612873411311526,0.4450165592700448
1259,0.3734238628787475,1.5871074281711888,4.445577425063167,118.90566543788002,True,5.853717094313389,2.0222483034087793,0.34546396261160256,0.7405072384332017,0.6339949594571075
1260,0.40263453684895045,2.351386941875293,6.728418836449069,58.57709222451784,True,2.732607004772927,2.294691140897335,0.839744294327467,0.5329215399660541,0.5683346671141019
1261,0.42711410830249763,1.0217508313384343,5.458851738318803,136.0926214327858,True,6.055269193925563,3.7069567532803736,0.6121869457098728,0.5113331904936738,0.5248823185663021
1262,0.4287364749914973,2.3927648165310433,7.523872382708585,53.98602401503474,True,2.388565697179822,1.932106531283652,0.8088982160151127,0.47686289185082,0.5037706412020526
1263,0.39096252205432475,1.986909785713633,5.745915899662604,60.87763915102936,True,2.915448672883863,2.597746627678869,0.891028078058828,0.47824568343331153,0.49960260818300384
1264,0.4317633120583638,2.12833777464198,7.02698679673837,93.96250313060641,True,4.174765542018809,2.011484362937306,0.4818197196206146,0.7222337020846239,0.7155127099439613
1265,0.44369566740524435,1.7641291058178075,2.413489743702921,83.87847886294136,True,3.7155286605854814,3.4311284452576367,0.9234563257862127,0.4648110245627297,0.4876862442596548
1266,0.3913566366877342,2.1613652841621165,6.496882124261487,65.19391303210708,True,3.1074349143715048,2.5826359918126642,0.8311150717488208,0.5556978297968449,0.575520755940552
1267,0.30505151907801215,1.8711226171223259,6.523528385125825,129.76953593334215,True,6.058882009019162,0.5701869355647327,0.09410761502137867,1.316551419549481,0.4719098763589358
1268,0.37677651617568697,1.3783706997346117,9.74507842994109,70.95995048353271,True,3.390624399053355,2.6566649357182524,0.7835326544750812,0.45397103009866546,0.4661425901204561
1269,0.323478522025985,1.107137866195383,9.798250003836461,98.02772101765822,True,5.113113896099266,3.829772138860452,0.7490097456624504,0.5160533610175029,0.49047225768144065
1270,0.4315401707177804,1.1390639865193375,8.09791649488216,136.4426789205018,True,6.009366155825366,3.426769508803322,0.5702380949913455,0.5598663966808299,0.5688232991907674
1271,0.31808568860447434,1.0851897976447804,8.571080367321244,89.67126589300707,True,4.745428892143898,3.9820038875381893,0.8391241293553959,0.4900681570155103,0.469986268747427
1272,0.3633053243726658,1.8907821472491784,9.822938846751562,99.37585110918833,True,4.875029790387954,1.4633695345436235,0.30017653172682845,0.9195783740191219,0.7590844465066344
1273,0.44053578827820117,1.7782267321964986,3.620025884132929,126.60999734634393,True,5.585718412735851,1.9854682229089464,0.3554544064344404,0.7241755327030734,0.6288392568945724
1274,0.36205140266143804,1.6100174033243848,5.5108603792642175,64.09121787052513,True,3.220597190324683,2.9232026369570088,0.9076585689569914,0.4520825616017152,0.4730770923850045
1275,0.32823212322874007,1.4017790829437753,8.479885998762125,129.8473518537021,True,6.058717372929053,1.7116190908818705,0.28250518806662833,0.8806098890193561,0.674604204245608
1276,0.39272483514917245,2.1419120951458663,10.874176469297545,93.7270363067179,True,4.350391567088698,1.2948543164884023,0.297640866694426,0.958819851353852,0.7805975874266595
1277,0.3621516509409915,1.2558724890857667,4.784141234269658,94.74745325559307,False,,,,,
1278,0.37615596366781423,2.222547964359749,7.339416481541606,93.78831237646259,True,4.566325392205411,0.9195072701436957,0.20136700545109393,1.3552196618315628,0.6389626509194657
1279,0.3249138752595102,1.2514249738094259,3.859731126452157,50.78722333299617,True,2.722206720153039,2.5668504026547936,0.942930007354654,0.3875097286807456,0.4194199802844025
1280,0.3672420764777031,1.8382698746200954,8.552841748959494,125.17005658391241,True,6.05607785527113,0.9607757891194512,0.15864653858160108,1.3090406299513515,0.6413351580954583
1281,0.3114030334251193,1.2932186038559448,10.647802591167105,72.58037818303436,True,3.816531110135718,2.9339855733957054,0.7687571485016327,0.4743251083284803,0.4893123975457807
1282,0.36390208091836274,1.9502675650074075,2.5535017655182397,112.81211665712371,True,5.6682667883103255,1.1639321769290258,0.20534181265592594,1.351749829554874,0.6747323610260496
1283,0.3668513421471694,2.380391685808485,6.855627472004434,76.39249837032781,True,3.783620740590354,1.0489068140951145,0.27722303211908467,1.0235193604849444,0.72396070614972
1284,0.3971252916747542,1.5444700857979652,5.388863045271886,83.89207529250757,True,3.985339498996401,3.5523634904026227,0.8913578106199456,0.49030781274836643,0.4942249571164701
1285,0.34140217415260954,1.4863277816096603,8.268405152037086,139.50817585677294,True,6.05893470033163,1.351112645872309,0.22299508291422207,1.3194238760728378,0.6843178346626195
1286,0.4454668498491782,1.1396237916905103,11.13552048241012,77.11324992440528,True,3.234560076587081,2.335936243161239,0.7221805092042015,0.43284471154521853,0.4390780420593372
1287,0.34817898541209413,1.2817923975344567,8.231707832869084,68.1310416313164,True,3.4440747683916912,2.89203087696333,0.8397119898514417,0.44762423134381857,0.45896702177638016
1288,0.4297297155918022,2.0648370011483816,9.344686183610348,65.47983235213651,True,2.858425991600312,2.1803413267352214,0.7627769034924499,0.4875300245553409,0.5098474821596404
1289,0.4199673960701025,1.4915578520540973,3.8227238482617443,101.37642038156662,True,4.6518169936925275,3.3459598348250057,0.7192801951069541,0.5088132094972644,0.523722891670082
1290,0.30465074799738406,2.3575453562200153,7.149371733465813,112.12632016579991,True,6.037211375035457,0.3794628431771874,0.06285399327681462,1.287736889383328,0.3424027178068161
1291,0.4228298480106106,1.1801998819018527,2.9431681392254525,54.37641731842691,True,2.502353780895037,2.398183605321326,0.9583711238718405,0.3676653480167209,0.40246252141157557
1292,0.4091894472489026,1.8075011405310568,5.16641783412122,90.38184427443828,True,4.209753575810231,2.742291954803625,0.6514138904854614,0.5775658531005079,0.5967898767687014
1293,0.2800988371317368,1.4139648572329997,3.794128041410885,87.03281774379776,True,4.951755469246268,2.9242793886580363,0.5905540786130854,0.568696512911667,0.5847341348821677
1294,0.3302186702909388,1.8804967878920253,5.107478948491606,86.74122585219942,True,4.576979246498246,1.7010637472498291,0.37165642569851687,0.7881309222652639,0.7038712840734185
1295,0.4374490791985805,2.108211315664599,10.199983961546573,101.89967489805166,True,4.402592087145429,1.759202891112906,0.3995834400033062,0.7899302416772169,0.7536188551267093
1296,0.31705538525754146,2.049350372176887,4.46488673006146,89.93612861945346,True,4.8443499076814005,0.9206301279398711,0.1900420377314368,1.3619963770417987,0.6291736457658481
1297,0.42799393197999724,1.4938206328181585,5.461957916267281,78.18432751182482,True,3.523961001779276,3.2192674879536765,0.9135366385519711,0.44736919520319596,0.4656770179741714
1298,0.28313459524794293,1.9549938046743922,11.985598225589936,111.9211600625224,True,6.053980756644463,0.44639974530013227,0.0737365649552474,1.2814059965320235,0.38624286814940856
1299,0.44953734058005457,2.483991621361242,10.556233451922019,90.16057065703572,True,3.790582010233166,1.3364139896066083,0.352561687360618,0.8745829803552354,0.7810630524544249
1300,0.29196312910437133,1.1813708815862727,8.524148848497036,100.73933703335273,True,5.5317937341305,3.301056632842882,0.5967425380443527,0.5647359071445788,0.565798347019375
1301,0.2882305394255227,1.1987352107919915,10.984739556125152,68.49815519552212,True,3.7103498560189934,2.795900352018293,0.7535408952023042,0.45916502427661365,0.4757210481303562
1302,0.3587887982860014,1.0951951144820642,11.212744057772333,52.553970487294926,True,2.5173484406451827,1.6661749033264805,0.6618769481508285,0.4050361277651824,0.40156283977567275
1303,0.38863317102256534,1.3938167606203766,4.822976283756644,126.65980708162627,True,6.049603515885706,2.687056233738106,0.44417063476674823,0.6347849265080625,0.6080422834340333
1304,0.4086581153394886,2.4264716004125177,8.678535765803726,99.85447969386746,True,4.576602840505071,0.7082076850510161,0.15474527935503765,1.346051925801362,0.5381584233607342
1305,0.33711129852194877,1.1570793538202977,6.104506175711432,132.93036809042923,True,6.058873133804831,2.814363242652136,0.46450275166675775,0.6109377357645926,0.5955811915629439
1306,0.2872691563342404,2.000918288226158,8.859311826074338,110.56979979388362,True,6.051786253274673,0.47016526784285023,0.07769032946073398,1.2935416648165359,0.3967272504411419
1307,0.3677035971724497,1.3650730808093634,5.975998757781955,69.08380527422628,True,3.43328268433457,3.0987397581718543,0.9025588753034602,0.43894208146047875,0.4577431391241875
1308,0.3099704947262135,1.9266962299551245,11.3614375935812,75.62178850929328,True,3.9653962369711477,1.5835390495660604,0.3993394240913489,0.7869043306983232,0.742096913212908
1309,0.3072693480841311,1.998169233158278,3.332811940546725,52.71958272365767,True,2.9044961632198305,2.7119874357659377,0.9337204400915842,0.48874110796561654,0.536808811629589
1310,0.4136932098537315,1.2225300448799437,3.108470285017847,119.9632415809539,True,5.555262119410839,3.5363844774205084,0.636582829289711,0.5014109139142473,0.5204291607944747
1311,0.3479608352923652,1.0535102023117602,4.69745305058192,106.55593445469887,True,5.467557670837284,3.860915561407661,0.7061499473523456,0.485187754255886,0.48340110745697107
1312,0.303026250181001,1.478633597152826,3.702603476586411,85.81720373671396,True,4.7318123334955535,2.9357319343730324,0.6204244224969728,0.558928651528126,0.57768757847297
1313,0.2903480596725298,2.377146974666212,4.761241368376132,119.84558825151962,True,6.058455284213863,0.36883430205269707,0.06087926455671721,1.2946255266270121,0.33572171658029415
1314,0.39367882253478986,1.1009328205492315,10.227866825012228,125.99626999799783,True,5.870771323080259,3.4852900890006455,0.593668173600738,0.5555437852396028,0.5470405109342766
1315,0.441019682088271,1.7848111984329305,11.284225677942855,119.98014516859796,True,5.1249078355830475,2.1095342040446377,0.41162383241271333,0.7382119052655476,0.718706267011394
1316,0.3778886802027186,1.0479626959258592,8.988360595396102,121.82585644783798,True,5.85950784788477,3.6542153219699216,0.6236386087082485,0.5360205155858249,0.5273703196832109
1317,0.43734205869020176,1.1856322011870553,3.280218300299633,50.230614118585464,True,2.251772188577299,2.1381614919042793,0.9495460965148519,0.36232362792410155,0.39063065453356804
1318,0.3145248553890466,1.3233552174514884,10.888090622939156,104.19095889766601,True,5.47251820861226,2.7672148297307406,0.5056565778759575,0.6265361339829427,0.6268315403944906
1319,0.3221959261847386,2.044210236998695,8.804111069462095,86.95708727397013,True,4.565245195908814,0.9189550124155242,0.20129368149580534,1.3464677527099909,0.6762528125382055
1320,0.2981086046430935,1.6290230025082137,7.195069193380222,133.32297307933374,True,6.0589617132304445,0.7999050504832457,0.13202015268334844,1.3201148403536145,0.5980917644965595
1321,0.44097302350275325,1.3186657853276498,4.216075190433559,131.33503285698305,False,,,,,
1322,0.29246889384003877,1.0077936622226547,9.973339494060795,100.15482390092022,True,5.457961541136252,3.9147575044185636,0.7172563373547662,0.5158333512584883,0.48608371172297593
1323,0.305256673549311,1.8679988751423555,9.951187990801476,100.64374279018386,True,5.382599434229534,0.7678393657892553,0.14265214701029744,1.3172592837113801,0.5740555098860929
1324,0.31799573116584473,1.5000689424502818,3.893688544196406,75.33083484775678,True,4.069821404514829,3.4194177880535843,0.840188658956945,0.49590453806064616,0.5028167521481843
1325,0.368607908342324,2.420789980572694,8.086370192135506,93.63490493333228,True,4.595851457473802,0.5698493651486781,0.12399211994155851,1.3445400598982689,0.4593185113255531
1326,0.4071589581718415,2.193525827847184,9.365006522537398,96.47174527907946,True,4.415256588513945,1.2522200133894836,0.2836120592961839,0.9813689259557274,0.751721324650692
1327,0.29783436557154014,1.9965386747816303,11.992872922626114,103.44870891819713,True,5.524853553929856,0.49638335128974614,0.08984552195716865,1.2987469918633794,0.41853168386430806
1328,0.31193050839784375,2.0952713449460654,9.353274860065788,69.37717734748473,True,3.6758759622646293,1.4403605335455294,0.3918414408788031,0.8188734730518381,0.756954228144584
1329,0.3426415973426621,1.720811543123783,3.592965570200426,118.43023354177843,True,6.056131563355353,1.3466115610060652,0.22235507054605422,1.3366182433913454,0.6791183854764204
1330,0.35241264884331913,2.0067743625884535,2.625680875248681,122.85314810599765,True,6.057895923212747,0.8200548202862847,0.1353695789232669,1.334962398382702,0.6235358005150213
1331,0.3214676518402739,1.7003902076283355,3.166988625723261,135.95354462737765,True,6.059009344255468,0.9475648140937591,0.15638939639400673,1.341014824123139,0.68452418237149
1332,0.43355778968879943,2.0452421451638547,6.296170796572016,80.026584392221,True,3.556815727930776,2.7708079322142947,0.7790136302130694,0.5642781205059824,0.5622466855106452
1333,0.29765902572816144,1.4063793802282691,4.213210949837923,123.9000978473498,True,6.058847974623285,1.7060129757296574,0.28157382110841467,0.8532678930240878,0.6539455761669979
1334,0.32924091961185725,1.591250609720233,5.365852857199183,90.98252913594465,True,4.8015590777899915,2.5986117603241694,0.5412016635063938,0.6260600134403838,0.6371621117323039
1335,0.3631011268833351,2.223968245412043,7.155656271120982,82.68879066192851,True,4.114341437035515,1.152806066131622,0.2801921240066666,0.998230577818731,0.7341632344421738
1336,0.3095546596051899,1.887197937601413,8.216382952484187,136.0513068116203,True,6.0589219773016385,0.5149894847293159,0.08499688338265551,1.3092525444444378,0.43440726903418314
1337,0.28215337481457026,1.64109716427179,10.655433919707457,52.84610788914406,True,2.8683631768044116,2.041109721714212,0.7115938937649358,0.4681432454268193,0.48786709015343854
1338,0.3237190907124954,2.0127617920574337,10.960478211499542,115.52322617901063,True,5.969624701651182,0.5179267071314035,0.08676034642314222,1.2921161863008672,0.4293984211189654
1339,0.31114437081946916,1.357437497941778,4.573181330102203,60.26814145215137,True,3.284684881863088,3.060043416972278,0.9316094319637164,0.42529171710829816,0.4532608040199557
1340,0.2998352085461141,2.3896920504773096,2.739289069934925,57.29449163472028,True,3.1939396073276596,1.21575264501342,0.38064359207800713,0.7837328300635455,0.7008990358524754
1341,0.29250481765741115,1.5655361256634768,4.567860745163358,76.51471725915617,True,4.276397853571874,2.899710373603133,0.6780731056585724,0.5575076315017347,0.5663549531217904
1342,0.3390046008726783,1.3080132273206213,5.784273311443864,128.70513381372623,True,6.058640835180734,2.3065748731251716,0.3807083033758288,0.6854753303066228,0.6173242831292378
1343,0.28050743136768114,1.8553019980609664,4.981748938629091,104.82431947961135,True,5.910004579726109,0.7122434149668664,0.12051486684294149,1.3227491704718926,0.5414913800865349
1344,0.32596327164176264,2.227958815566776,3.4289180021835937,72.32769327849118,True,3.8678351568613873,1.23926254508424,0.3204021099208008,0.8883147086782279,0.7070710384695102
1345,0.4336613750827028,2.071227470478193,4.621082932570831,58.9464974412292,True,2.6407046010234976,2.427390324306746,0.9192206971449687,0.4426196256581689,0.46776056374242314
1346,0.42532977114855125,1.5056656721959492,5.444570005141825,124.96141575713901,True,5.633305267561541,2.7774076548953874,0.4930334009925986,0.6251461020468434,0.6221625843203813
1347,0.43168627987297387,1.3990523635534413,10.107190610825533,58.712554496830634,True,2.5241797315601677,1.795226257705278,0.7112117395046463,0.41562985947786624,0.41377472721323727
1348,0.30346183853111114,2.480152216520334,11.342831325131563,102.27147600574006,True,5.431397040310731,0.33949065543535223,0.06250521788698583,1.2817949930165762,0.3341263642160688
1349,0.42608846469382844,2.338505728892697,3.9465608147003524,55.21816239811962,True,2.515316470495281,2.334656041154241,0.9281758651604318,0.46042302933670687,0.49479781644083864
1350,0.34071704557832005,2.4150990966264057,2.9130789599839773,79.82840574623478,True,4.177253093466888,0.7413078868277724,0.17746300505161108,1.3915943004513633,0.5408113497602414
1351,0.40014301616125386,1.6624529871662859,9.608226722119719,103.81264625401067,True,4.804544147012189,2.520428109208901,0.5245925590622961,0.6477585925632314,0.6494135360509805
1352,0.41487574702553587,1.235636415311106,4.508661756324701,95.55013838331449,True,4.416813548054616,3.99769882516667,0.9051092561802738,0.45843914690346965,0.45650273314273715
1353,0.3807818480504215,1.2871084505842427,6.941363457201863,71.48891547367361,True,3.4611865092901968,3.0428263612652557,0.8791281120211184,0.44108848624924635,0.45407945593438503
1354,0.3256423414336417,1.9577800431854917,5.519261232774639,75.85909668605962,True,4.027612308226285,1.9146955135854782,0.47539220934317994,0.7132379963673827,0.7048439848282562
1355,0.2929722924560254,1.0528829275755562,2.0160727798883293,83.34472593741461,True,4.682333146713609,4.155038749188888,0.8873863988309304,0.43012713154299265,0.4231532120132391
1356,0.42391073987563643,1.7795155079048477,7.115246755604255,67.55821747081626,True,3.035590297994748,2.6069558158492665,0.8587969916662901,0.463067651260443,0.4745215327741028
1357,0.4166011337514629,1.5957992495867983,9.863213455085614,96.51006886715989,True,4.333620796391481,3.162830346663374,0.729835510595897,0.5570309061375296,0.5453901546848314
1358,0.40115406725361735,2.4284298011051755,10.021341636082662,138.2858668392764,True,6.057989541169848,0.4509537943952572,0.07443951352682168,1.2922378769250553,0.39411838163340374
1359,0.3509044511348363,1.6995968585202685,11.580280261952376,92.69800043900281,True,4.581671591386082,2.1503376968880525,0.4693347513014384,0.6831042769273923,0.6789744015059798
1360,0.4379190210433313,2.266141092917059,9.050906490861486,117.78175582610534,True,5.121725271682881,0.8824120156123194,0.17228804139320403,1.33129724608473,0.6151144013241434
1361,0.30116835491056815,1.338047095278486,6.335866756305048,71.80915817614805,True,3.937854920649728,3.519823880752019,0.8938429555376469,0.47473894187417365,0.4833086743847974
1362,0.42479432111682663,2.101415799977724,5.874970749886632,119.00414920129074,True,5.3659132672562695,1.155199505487586,0.215284788991431,1.3429340100540998,0.6706737559353577
1363,0.31427646199954007,2.0018690857123187,5.740341720690534,114.23613202072616,True,6.055858510166197,0.5986357439970091,0.09885233332186623,1.3135708411132798,0.48319938727352696
1364,0.4426748490897322,2.2580155393218124,5.804040386457423,115.02214099932671,True,5.031437897187455,1.1061753843186057,0.21985273532581043,1.3527112957043377,0.6639059990856557
1365,0.3451367482043944,1.5316669788375208,9.169468912758118,90.73670253965682,True,4.595046073678951,2.8663432598107668,0.623789884551881,0.5934658271416313,0.5884010248635585
1366,0.2953803078101773,1.692392673115714,7.861019256206761,120.95863729573651,True,6.058524873790091,0.7875172197823868,0.1299849775626541,1.3130172068508181,0.5785466748019648
1367,0.35135593764498146,1.8106775308817733,8.81683714390107,119.92716814941632,True,6.005275477007462,0.9593627744601435,0.15975333323729746,1.3085266960490292,0.641810494450572
1368,0.2835747191272126,2.226094201948473,2.6465855267202567,134.36922688590303,True,6.058907385843694,0.3991586906393992,0.06587964879146554,1.3132364463341615,0.35175104521789047
1369,0.36906218430189225,1.4706617877633374,4.397134519293292,78.08005115418237,True,3.8973923908649777,3.603137043788634,0.9244994299865614,0.46688062718524304,0.47924650811384417
1370,0.4455777962706123,2.4902497641852666,4.833248164526426,134.5835229634489,True,5.8522630537528055,0.6612063099557169,0.1129830125342219,1.3271869704163812,0.5354108513064291
1371,0.37146987383493163,2.245065563089227,11.470597375118203,110.74355695622813,True,5.31097675288785,0.5398334006482014,0.10164484345646332,1.309338059498875,0.447158890285551
1372,0.39692497108900965,1.7614405861282787,2.3034369446610787,136.77515428871703,True,6.058503089721721,1.4668320041743002,0.24211129093303388,1.3472891236563718,0.6693917464732526
1373,0.42838984285662873,1.9500074355565293,7.785697851753257,67.80872709337599,True,3.008530059505413,2.502842766690614,0.831915492678198,0.48432509934010737,0.4973801535986242
1374,0.42858303245261475,1.4242703053292973,8.469882359450883,62.318529459328886,True,2.744157646445927,2.1947491854057826,0.7997897599827378,0.4247591608490935,0.42841934154200656
1375,0.33090044757990933,1.159369879775337,2.4344364196683608,114.27682780052395,True,6.0232269422956515,3.4038112014007633,0.565114220999858,0.5168359726272755,0.5306262695510995
1376,0.42374563357900275,1.7189781108386473,5.049157536403473,55.3819988751897,True,2.5184766948644604,2.290418879729311,0.90944612844733,0.41143373638017433,0.4302699154187457
1377,0.4264731928201767,2.2528063842444404,6.139494283933361,110.5008265780553,True,4.968642499205163,1.034730639090889,0.20825218140697696,1.3518364190052594,0.6541466512609686
1378,0.4404402127425763,1.4160046658079843,5.354449197019733,76.95584996289709,True,3.3948826023091407,3.111587205739522,0.9165522258775823,0.4315317269612482,0.45411033992287386
1379,0.4304350363178091,2.475105442831907,9.75927208653949,139.25434131325855,True,6.05428471374764,0.5043912957594238,0.08331145950471867,1.2942093903252059,0.42921054283586324
1380,0.356292288086169,1.0320628321134802,3.5128528830848924,131.01469151670221,True,6.058671005128189,3.5413073464507705,0.5845023344976699,0.5109855241553509,0.5292451564622298
1381,0.31873605545482264,1.5363135656679772,3.5734682688141115,123.43108194361297,True,6.058617267060999,1.5316395983289515,0.2528034914263434,1.0668841429125941,0.6688702978805066
1382,0.40996886173301583,1.7066420795424113,7.983284311875783,100.45213556669853,True,4.61271727361356,2.647942865343019,0.5740527130267069,0.6234517103918358,0.6307594861457058
1383,0.28284590078882194,1.3297399356263042,7.225801942052303,58.786152571991096,True,3.2890777103904587,2.8476848323612125,0.8658004106638008,0.4427907134209246,0.46327020640393846
1384,0.29969468063837534,2.3345449911135567,5.398153048882401,98.41995266123479,True,5.40446134703849,0.4337228309828064,0.08025273993688116,1.3203724708370634,0.3725234574207881
1385,0.316468245661981,1.5778377781929454,4.967007836991671,99.60800488584452,True,5.354319688039735,2.1048776009218364,0.3931176551941095,0.7221960911790983,0.6599927156057936
1386,0.3009481954758304,2.1735324641164198,9.920142119375459,108.38202492143681,True,5.822815243145839,0.4157601249856508,0.07140190914953913,1.2909978133979467,0.3667031255670974
1387,0.28053797168435296,2.0106589054320123,8.308560692997546,88.06710429580212,True,4.91928040082374,0.608539609083147,0.12370500550878259,1.332590960958146,0.48064472634344924
1388,0.4087452304332917,1.3463679269280486,6.951689558658715,120.70044482518388,True,5.570564275907404,3.141316428981686,0.5639135055972384,0.5808898497097514,0.5948791380268044
1389,0.43407926583704914,1.4580003380309394,9.526648177480855,64.93328278545914,True,2.8069935079792394,2.130705687421107,0.7590704008984355,0.4295733842807885,0.4338880080245029
1390,0.4109059978187324,1.559977114914231,4.524494002770366,116.41213921977857,True,5.399829224209336,2.7396380464823062,0.507356424199407,0.6163436436214198,0.6193879442851817
1391,0.3004057165835394,1.3215646605337232,3.4816886559808435,96.07297256494078,True,5.309260745633421,3.122858067333758,0.5881907513964424,0.5495686190991034,0.5675092565467672
1392,0.2825335013561504,1.469590571335825,5.9592598338994875,79.20415622359687,True,4.464212601261599,3.031800362698997,0.6791344036442624,0.5589445050815547,0.5606243970747742
1393,0.3992123951788903,2.3336029548900528,2.683370044772922,74.60923269782094,True,3.567249359517002,1.8581099321565249,0.5208803043721365,0.6706711685527531,0.6797254674162527
1394,0.3083915103794869,1.234242446027883,5.595746546840259,134.6111537777452,True,6.059007693477769,2.106609377908164,0.3476822417927985,0.7144965329084827,0.6221932652763646
1395,0.407015649406711,1.8584615769496518,5.883378300033982,138.97773686318476,True,6.058307612853044,1.1515941362417892,0.19008512109860792,1.3258926445036612,0.6829578837768642
1396,0.313939079394305,2.301287058711963,3.6471567009107586,81.35174205023955,True,4.417391020125507,0.6592908228479302,0.14924891634999485,1.3751916185843087,0.4986932693635886
1397,0.3589233900520569,1.5965397146374556,3.1778663510021152,82.63439900944883,True,4.203845036598314,3.1766520891991448,0.7556539457433574,0.5107260705508461,0.5243109263535399
1398,0.34616530787696165,1.2039929232042792,7.382150800558839,95.73648782963261,True,4.8853348721724785,3.788155265239154,0.7754136337340953,0.5084130888637137,0.4870533116990132
1399,0.41685720279361876,2.018939708744752,8.867127661703645,67.25862511471786,True,3.019150185076012,2.38161247526186,0.788835377264248,0.5018861301236708,0.5229102824385237
1400,0.42759980920358015,1.5174495219469981,8.775513581662334,139.01403144470757,True,6.056722222626109,2.249887783188833,0.37146953426127466,0.7530529104180044,0.6747191481609907
1401,0.4348234149331634,1.9985825833632094,3.7097122198202803,134.3030922269096,True,5.966937119315191,1.2724670473375765,0.21325296745939465,1.3389487355743421,0.6838883415652282
1402,0.4338135220978603,1.6684682172773242,4.909764375417022,63.19801005427718,True,2.826481599385157,2.5972652824809583,0.9189040123402679,0.42020307591222794,0.4450388879698619
1403,0.4421556140249743,1.3917612210021602,5.561864370123439,108.57979213319155,True,4.763401027050652,3.5729616671330726,0.7500862612328355,0.5098596750660325,0.5066954959155172
1404,0.38697756155065666,1.91062327505571,8.281972041782026,133.78690677641097,True,6.058059691208109,0.8754837900446826,0.1445155437004438,1.3112506776964077,0.6155825957013992
1405,0.33997235274933774,1.5765161714059166,5.241791771605442,95.1073446226417,True,4.939299872315599,2.6205122819773603,0.530543265183216,0.6274987854832013,0.6370053966407268
1406,0.37936411616137167,1.2057942283679361,6.301325751730075,92.76040714854193,True,4.516600051328821,3.9610864589133405,0.877006246711607,0.4768331685269991,0.46557751263227676
1407,0.3467199870595169,1.8525222561871675,4.252893632197242,80.50191027314924,True,4.1596952884550245,2.3428145682892945,0.5632178334772815,0.6307253437524256,0.6473547790131091
1408,0.41137423762095093,2.2891966528481307,9.714433913584966,128.35990873567204,True,5.8170720142289305,0.595291541562654,0.10233525390549279,1.3042022452486357,0.48046766341947755
1409,0.4146176813408014,2.12371644561439,3.4947594573599168,50.60467836261304,True,2.3570018005494493,2.2199200855211694,0.9418406405135863,0.4199105092582722,0.44903036667127383
1410,0.38970172686359517,1.1629022714560633,5.336080242098972,79.50309981608942,True,3.8251190420647267,3.524095101114958,0.9213033796753992,0.43079042899612263,0.4478317281218125
1411,0.3499020693088026,1.3500793383483853,3.652097965819098,60.97634308877236,True,3.1483898664649645,2.985924244150192,0.9483972350294755,0.40686050788711725,0.44029284908309263
1412,0.2938180586358499,1.7611129542388464,9.035583094089542,92.59497946319149,True,5.059606550923512,1.25413384899339,0.24787181302950867,1.3335206712761205,0.748598843174523
1413,0.28317978423136586,1.8652297136047524,8.303556294823801,127.66086860976223,True,6.05886596348423,0.48518339938064625,0.08007825264740387,1.3055165141523357,0.41035684220456936
1414,0.36713249091547334,1.2851504006631798,6.9393336942778445,84.03139738056687,True,4.161046724758418,3.6738271396056237,0.8829093693531929,0.4762147612482397,0.4741467455983748
1415,0.3674294248839519,1.5819884525087795,6.352358163398119,136.7541479101962,True,6.058736422017874,1.4610815193570035,0.24115284402327367,1.3271373134525741,0.6785758671276003
1416,0.38954715558338704,1.1607279692789318,3.533714289814294,117.81986503091711,True,5.671827339690435,3.6020438849470975,0.6350764346687068,0.5013770627333427,0.5181289238556102
1417,0.379139140570534,2.0231257873863173,8.561924052308349,80.38090176840402,True,3.866960639082884,2.0596445093833347,0.5326261893040148,0.6780508334206465,0.6827428514039724
1418,0.3953992568026231,1.787838144567336,4.617420547997779,115.25432941813648,True,5.4826656256256445,1.7492924464212614,0.3190587509559538,0.8041230062589957,0.6557809821570686
1419,0.3802009821902683,2.2843164544276098,4.106227844028865,84.94834776077599,True,4.1656204584774,1.2221196287867044,0.2933823762795251,0.9386633013515695,0.688553431189153
1420,0.44669625557040765,1.2007202389246916,11.939133456200521,99.69871782400678,True,4.181004925069746,3.0968202974641366,0.7406880290657578,0.48004339252258,0.4842082511378689
1421,0.28030425171914686,1.9014886074214885,2.1096508070375326,135.7162125268907,True,6.059031148021158,0.5362526271186112,0.08850468235235068,1.331597088418774,0.4457348988899339
1422,0.449169606953441,1.4313309703629749,7.052271795629929,56.88024955418686,True,2.4375031847964443,2.0469842701483656,0.8397873212704372,0.41107352314756707,0.4098171617761488
1423,0.32202957438905944,2.2391082959045523,9.716252611854387,62.00190058263362,True,3.2177375772862784,1.4853858509743476,0.46162429822107104,0.7578052771818045,0.7400381544387549
1424,0.4171794692982105,1.7035744887251782,8.670729556266839,74.07258280856847,True,3.3356747374401032,2.720836464065876,0.8156779896813103,0.48222171149705284,0.4924144161760964
1425,0.3798899876683649,2.4991770905216613,11.51968358183299,123.18086295962843,True,5.821253395558157,0.40278813083178766,0.06919268127704777,1.2859458580896117,0.3633856566475875
1426,0.4312544135971364,2.3466890889819325,11.55548068902012,71.65223133925696,True,3.0619279711467966,1.9911221887307344,0.6502838105577615,0.6129104798316591,0.6490607681765965
1427,0.3783401020049185,2.325537934568544,10.796138662983962,57.17522792391013,True,2.6750197040275627,1.7981453809466896,0.6721989293160594,0.5639113371599795,0.6112596099906829
1428,0.35072144453257853,2.3997354643715143,11.249479284936514,96.29607658946,True,4.771285587437116,0.4597284747744579,0.09635316653124508,1.320727885679982,0.4003531996109846
1429,0.3961247691221981,2.092002432495142,8.354508303665638,131.58048518069697,True,6.056634940007489,0.7090911893459549,0.11707675902042698,1.3068346511212372,0.5418506467864184
1430,0.36400011210039784,1.0577017342887125,3.099657199419676,102.29500325826456,True,5.148092793144163,4.032136489764264,0.7832291786064843,0.4573886423779645,0.4514724012986209
1431,0.418906961765953,2.194088827600102,7.216747432989337,53.18048586101275,True,2.4000302395011266,1.9817684868834013,0.8257264655529233,0.4564901863705835,0.4732491581728979
1432,0.33049796337882176,1.9605259573562692,10.173622445802724,83.44011198113633,True,4.289125067772345,1.45010188789519,0.3380880400972624,0.8774103559441202,0.7736053122866484
1433,0.3013621300796381,1.0300782459364681,2.08922049355373,113.63214664410054,True,6.0579768289312605,3.6436397479241185,0.6014614863700171,0.4860987003943431,0.5003978175564909
1434,0.41756291691668046,1.81849897371693,9.180429697098369,138.72286611613873,True,6.057568434767618,1.1870037239154725,0.19595382812394238,1.309381877324062,0.6782301625133007
1435,0.3608588361254509,2.1290197445341565,6.2760612364056705,78.3096375743675,True,3.927442937390153,1.687762283990215,0.4297356603000728,0.7695537297257031,0.737308463582834
1436,0.3311121948272885,1.2796992703341226,8.16908429827075,125.55707098179798,True,6.058407196506365,2.4833118009229214,0.4098951622721803,0.6965105505799905,0.6497295900714026
1437,0.323097664709763,1.8010244400147262,2.9298160029979994,60.15278983244228,True,3.240991359109968,3.0558778226284598,0.9428836686154128,0.47456547308458585,0.5089589526954108
1438,0.383040427820161,1.6841853356472567,7.1795704554752495,81.29257300008098,True,3.9185537793406735,3.17939386734781,0.8113692056773985,0.5383164808643728,0.531616000958512
1439,0.31534785608242405,2.207880093000349,2.7888015714957946,88.20260774727194,True,4.784525101787757,0.7203372685410011,0.1505556462169765,1.3696118801643986,0.5366572561205314
1440,0.29452819834883026,1.6180668302877026,6.731276770178993,62.19806792082022,True,3.4343541677584577,2.998088493656613,0.8729700977850553,0.4920495838566694,0.5147108885966172
1441,0.32611505085575165,1.5156900306257852,3.9132079635374897,87.63726618067766,True,4.670264149814364,2.9460420500265996,0.6308084415618548,0.5570759164997123,0.5773671975451382
1442,0.3804401174521075,1.9174402950745135,9.76099341336892,76.82558699329567,True,3.65480588134323,2.5681487580298135,0.7026771985728436,0.5918541583736587,0.600783898760711
1443,0.28091436192092917,2.0338547334630306,3.9938827769163505,127.9833099879461,True,6.058908964599873,0.450032843659412,0.0742762180928612,1.3175368461788812,0.3907065809756345
1444,0.3448798348491456,1.3708382640445487,8.061380363602236,93.4660569689867,True,4.76375462400315,3.367062524308656,0.7068085554497338,0.5479208531823927,0.5297088199638798
1445,0.37562538027477976,1.4852542385747898,3.4676750008724824,131.72602735781675,True,6.05843472013502,2.026251133942282,0.3344512613477701,0.7236238848726946,0.6167095489853196
1446,0.43603929667275654,1.0541968253790825,10.465603870715931,51.22334001802636,True,2.160408849287341,1.4224089411803438,0.658398035005993,0.39129422218963805,0.38730143421267993
1447,0.32710599920334954,2.192152730025933,11.075900050261104,72.69391828341404,True,3.718221631442535,1.0857172258404897,0.29199906123381647,1.0056701288696401,0.7678489479404291
1448,0.39830874163115776,2.004914361696952,3.131140389320327,114.14185411600522,True,5.425091091218507,1.3089263853410738,0.24127270184639082,1.358698351752989,0.6706821314229217
1449,0.28837085303003873,1.4943195536568634,7.816702048215644,63.797173396471024,True,3.531311029005091,2.997006601871206,0.8486951665414701,0.48232524322806425,0.502711051239062
1450,0.35901481579630506,2.498046066729387,9.851198623576568,58.34460410118729,True,2.848372824361096,1.4177049437421223,0.49772450137742075,0.7394447615290511,0.7384311254668918
1451,0.34047675532501137,1.1869548244730095,2.046473677250465,104.68263439217239,True,5.4674428528920425,3.5634433467540347,0.6517568528163264,0.4824620207972523,0.49884816473584115
1452,0.29418968309816645,2.4664337859009384,4.877431197745242,62.73163880959851,True,3.495232243994391,0.6598043032830903,0.18877266436780704,1.395504676129725,0.5182108715462843
1453,0.43022228414760555,1.3437125948544986,11.607381864152277,56.534279046005764,True,2.387487296855908,1.5073902270249033,0.6313709936844446,0.4095160412048271,0.40787188470920865
1454,0.3540944789107665,1.7250985695861014,8.358246330241284,65.73154772690168,True,3.2868689212623274,2.6999206115471712,0.8214263106392031,0.49375187115403785,0.5108999882596685
1455,0.40990584564379584,1.2416158600465914,10.881395409049606,83.20217055984187,True,3.740399572541477,2.8396028447976716,0.7591709895497224,0.45987977874932273,0.4689875434362629
1456,0.415203871547792,1.1273811897149142,5.886566379002209,129.09883226548024,True,5.905628121303785,3.559746942119887,0.6027719438138279,0.5285315507744817,0.5432008477900325
1457,0.28446034211070764,1.801906127617604,4.296645303625391,62.27157317042007,True,3.527743721361028,2.7469461898815686,0.7786694292015571,0.545388590471029,0.5628488638495086
1458,0.3130367063261976,2.3810099767850477,3.4972526612533,85.59066229306384,True,4.6511528155092305,0.5375699670245928,0.1155777907859897,1.362960901900483,0.43234687206847466
1459,0.32973571071491176,1.1826155400639597,10.362633194934013,134.14107022985155,True,6.058837108899289,2.585312245013776,0.4267010646674161,0.6948971314662509,0.6617823309177404
1460,0.30674295552538755,1.9147503813532636,10.378646321585853,111.71446670414089,True,5.938274603218784,0.5686410459252018,0.09575863090214377,1.2966975220820558,0.45775836235181977
1461,0.3824707065943762,1.2108331017360139,3.3252932801147645,116.77012369568473,True,5.688616407906394,3.4789667716155823,0.6115664200490469,0.5128344714428739,0.5319205938412837
1462,0.30013649103855483,1.1321609968363842,7.435025692981807,135.41613799685655,True,6.059000199031451,2.384677382181378,0.3935760527888043,0.6741376641651238,0.6175104338388953
1463,0.3750279857208199,2.01831155233697,4.1147832886147935,51.403064928033146,True,2.5477831911079507,2.3684650522801136,0.9296179755586435,0.4389024785995286,0.467860685181579
1464,0.32661558040701516,2.3368647110941247,7.602227750590018,138.95363969335864,True,6.058846966235193,0.3694021772608822,0.06096905555124442,1.2958738103024627,0.34024983249138474
1465,0.3103788607386232,2.318476999766152,9.271769941380146,64.14195047764196,True,3.40224631491634,0.9514107843320097,0.2796419471925872,1.0508112146129616,0.7303548867766128
1466,0.33714779276758455,1.485000911861266,8.430868685424363,77.23780052012971,True,3.9721296059895352,3.3051766729041936,0.8320918501552291,0.5130116819121224,0.5159874751083455
1467,0.31925909472755143,2.454103641834596,10.00181445793411,81.57697627398997,True,4.2653869973369325,0.4384243115652005,0.10278652601485586,1.3374125852550671,0.39006743296122615
1468,0.32299984819997707,1.5646337732551376,8.449171914097299,116.12849940919317,True,6.052951878824081,1.476703775696158,0.24396423517958649,1.3123208970473095,0.6987912788608521
1469,0.28870337223645853,1.0396176982938592,8.456437516948185,66.18735443266243,True,3.6488342274585075,3.0679392942537653,0.8407998563395005,0.4381489738125781,0.44988892245264234
1470,0.30793851755823654,1.2593323760341946,7.001073969320284,122.36180837751785,True,6.058545539049683,2.395210949307417,0.39534421815753484,0.6914396883579133,0.6338824923810584
1471,0.40193313751286236,2.262968477018926,4.1486971534178725,89.14288773689965,True,4.2171779591451815,1.4057054507257238,0.3333284638077401,0.8506061679162538,0.6928305481368624
1472,0.42952836520578763,1.092936359509425,6.205167618796558,131.87351688005188,True,5.879848205447875,3.6277422857138464,0.6169789013180005,0.5224320467656649,0.5350803516854863
1473,0.3576459921180987,1.7448644870331855,8.899862261893542,133.5750281262767,True,6.058542855039911,0.9371307179321811,0.15467922574032988,1.3113076826582133,0.636342544646662
1474,0.4301850886561267,2.4408694164257945,8.492354118903812,107.3722491768938,True,4.747098803157416,0.7488789277323669,0.15775507500165542,1.3427240077095002,0.5571445356530278
1475,0.28536917417170193,2.4549795144121966,2.189308146535532,104.5940978964278,True,5.884323496235236,0.4121691254349453,0.07004528654800322,1.3094946116384105,0.3541774955916175
1476,0.4266704859544721,1.669838958471734,3.381822853636044,51.05194120605333,True,2.3303773617236465,2.207174154940981,0.9471316496605773,0.3845916044195783,0.41229970336587174
1477,0.4300001600159788,1.553399739607336,4.405194138045516,93.51028410398854,True,4.213940602837274,3.523303756612578,0.8361066490211833,0.4924141108886566,0.49725349074883995
1478,0.31565503409899376,2.388045573556874,2.508679296682093,77.37824362013137,True,4.206304563707558,0.6635996090824015,0.15776309086317936,1.389390196680567,0.49560843265518173
1479,0.4431321756000398,1.5289171153878764,11.895655991554031,70.82181937679394,True,2.947833086701683,1.9717343424407452,0.6688758435257641,0.443298785479068,0.44915859329125274
1480,0.3987054111325542,2.145242999070085,5.861265711884318,123.5163945599536,True,5.809723981894374,0.8120124123868064,0.13976781253591225,1.3261921080306434,0.5977121025789969
1481,0.28139727304967205,1.5691230247884853,7.795903002464328,80.11322275013248,True,4.484350538816595,2.5388393512141625,0.5661554174317857,0.6248437523189678,0.6323348512814189
1482,0.34707541650224605,1.84896554725217,3.585037706451125,139.40384992635023,True,6.058977341145467,0.8011535080900066,0.1322258630428458,1.3370287947073676,0.6263026594593857
1483,0.364378698136686,1.1475629982031073,3.7136623365081673,136.51013023897534,True,6.058862568084596,3.0177155153993627,0.4980663419063755,0.5608491744963926,0.5601776256104749
1484,0.3994046161037342,1.5119546715164498,2.296721967087784,105.17737882083901,True,5.0095061914321946,3.0817544570588127,0.6151812851992411,0.5287178991713848,0.5551524308682456
1485,0.30799111697247733,1.0663042578664095,8.329261357187296,108.59827479793064,True,5.827943524157103,3.5679055592380977,0.6122066118947378,0.5411899757006977,0.5395854049864632
1486,0.3754518316345206,1.5840518562525734,2.9997147054153404,102.7549656960987,True,5.079682773795233,2.747792017578163,0.5409377199208797,0.5886392593116727,0.6029536356593912
1487,0.3386186884579796,1.7255109636375963,9.938264845203483,85.21449166711403,True,4.335288771222285,2.2832863482425934,0.5266745697308756,0.6569105291743864,0.6595410171590581
1488,0.40295607331413585,2.3094658145097493,10.54784886736827,65.22615210365981,True,2.9506633143283914,2.032678108328073,0.6888885283717083,0.5931974037737868,0.6352352273089377
1489,0.3165885855590836,2.1376935371752914,5.911659720071566,60.426101176028816,True,3.2452104710641194,2.0023574186361297,0.6170192770207436,0.6384022492508068,0.6583913080234467
1490,0.3219037730417638,2.182633303332187,6.607512201713417,55.431031925343646,True,2.939787188370256,2.2781270379055325,0.7749292353262035,0.5804557227255751,0.6208357204672099
1491,0.36443097744383096,1.6905695098933258,9.906136019157623,97.59710852683726,True,4.777136184414684,2.254364470704413,0.47190709740685943,0.6912527220644766,0.686469433384929
1492,0.41637222658485534,2.391400587714812,4.023072219356781,51.032893777618305,True,2.3635692967548962,2.1868934005507024,0.9252503844728546,0.45458442192391857,0.48895028542541574
1493,0.33358948713071,2.4182534432038416,10.210155040668116,92.38005400127251,True,4.727977725537079,0.43566102626473174,0.09214532122509997,1.3234865359918655,0.38385542861588196
1494,0.39426076579669894,1.517991286126135,6.994198637599085,54.29003383847289,True,2.5614312048034273,2.1718143633003537,0.8478909600334262,0.4199616164889113,0.42437488868091844
1495,0.39674742615799025,1.1548455770817583,11.460863036688822,95.07485553458505,True,4.367662701508576,3.3359012521715607,0.76377263542337,0.4834181431354514,0.4846143183212943
1496,0.2956682969454378,2.3242253563997783,4.899786380517098,132.78298932016986,True,6.058827385189644,0.36719677767708014,0.06060525483440336,1.3002255900628836,0.33684150149221725
1497,0.38582924707062766,1.5006375531384335,6.154458847815816,128.53904779267808,True,6.057001817077025,2.109691746597681,0.34830627599444436,0.739938762829091,0.6384979088964675
1498,0.32233311275527393,1.0600690410650917,3.0721401958109595,87.51306736650432,True,4.700771415936545,4.150648935977649,0.8829718717881341,0.4421574628016627,0.4343504475432498
1499,0.34812064239817675,1.5708880517033506,4.300693813289907,91.18315202517759,True,4.694740547057097,2.8477296373656085,0.6065787041523969,0.5741485095143668,0.5959610719361645
1500,0.3209312845078325,2.2561608565078224,11.932154132866305,74.4729607027385,True,3.819764925575013,0.7137279175272336,0.18685126740352792,1.3519852823880174,0.5951437303750029
1501,0.4272998185416187,2.4013759991249284,3.936723132749767,100.99156337121171,True,4.57328996742291,1.0515048830431961,0.22992307300289744,1.378310584962818,0.6522224736220354
1502,0.4112584589779139,1.8401070696154327,4.731199656145895,93.25835422713922,True,4.334284693574297,2.6074762311833535,0.6015932075364161,0.5994315533320789,0.6237102086152011
1503,0.3827641383066231,2.297030423266143,10.949397590979304,61.65235997904504,True,2.8683466783637277,1.9200517297204116,0.669393188837174,0.59708517493097,0.6423364847429016
1504,0.31781170496707106,1.3383825308789188,3.4462807530345,125.78230524176577,True,6.058790549778993,2.1251047813993083,0.3507473585593458,0.6996263356837482,0.6090173686436917
1505,0.3651717870180147,2.29908003701022,4.7243353697451145,91.09047277665837,True,4.5607043994371175,0.8307768993327305,0.1821597776508526,1.3695318459833294,0.5888674208993354
1506,0.376828715843543,1.1838466856051053,8.279241571914419,77.3097443677502,True,3.739284631349905,3.169181572374313,0.8475368646195351,0.4523812738455044,0.45859482198859114
1507,0.42238147624523537,1.989869630013149,6.098156891344787,117.92948068177277,True,5.33648551472284,1.3849264031652684,0.2595203152607446,1.0112748942790573,0.6788358621997288
1508,0.3193444223851345,1.2482345242839756,6.610029547651164,68.23055042398242,True,3.6388861629130065,3.239853616216401,0.8903421187605465,0.44527240657374545,0.46037186400732066
1509,0.37308245127600526,1.804536577698046,9.868899492136272,65.77583600488211,True,3.1514729524154568,2.3927313217324113,0.7592422203396969,0.49264686923168144,0.5153239198639459
1510,0.43160146785363684,1.3929958004208518,10.9261037344372,120.33514998328361,True,5.23959623278382,3.078642983147402,0.5875725621536501,0.5845747491895783,0.5789775680489195
1511,0.3888400612760413,1.5554588059787406,9.378036240533895,63.720676529052255,True,2.9842806090129685,2.314074976044596,0.7754213759442552,0.4463084917376987,0.45779414848987265
1512,0.4355273762454391,1.124123400408524,6.457840759994326,76.21047343644156,True,3.3723462437810423,3.0077167001804757,0.8918765994823392,0.4232113892833529,0.4399035605093573
1513,0.4298678294198658,1.6553310682729752,3.419861679095469,83.52327985496228,True,3.780452874286097,3.5182528618262165,0.9306432268357809,0.46690278757083004,0.48503876090123965
1514,0.44029859565154894,2.048822137761397,10.18595907594981,89.51509373273237,True,3.8391067849381897,2.3822073007851716,0.6205108204156206,0.6274088698424127,0.6291399048051955
1515,0.3329010153778321,1.7076976425606618,5.98922742645922,96.24193617472504,True,5.036494789994047,1.94020157003153,0.38522854702165255,0.7588443052847493,0.691069542393361
1516,0.38477674471361784,2.404097480589357,9.102566403112949,90.12982118450205,True,4.285523850006325,0.7065092287510223,0.1648594789059404,1.3523218210400012,0.5469268512647196
1517,0.3979554519093207,1.437897647376593,8.750407072754655,124.65273443691936,True,5.808636374779062,2.6624417313637596,0.45835916720902137,0.6728417186433164,0.6583172248432847
1518,0.2941089080688728,1.4348627582998548,5.895945629910447,113.51644399460159,True,6.057816593075333,1.8128386447031366,0.29925611263559637,0.8319750398106511,0.6619226764975341
1519,0.31751680332057297,1.4032317012434383,11.074656610072255,116.24647288268785,True,6.0461208996529505,2.098530723764454,0.34708712554605226,0.7909772868836966,0.7188122017374012
1520,0.3044636889868694,1.7424752055995911,6.157136479320334,90.5412519850827,True,4.937825291973624,1.6605726635546896,0.3362963582883199,0.8282457829997338,0.7128372704250179
1521,0.35377186024259194,1.3331497172263882,5.21754195205341,81.12913211964889,True,4.133469301630152,3.76503948944904,0.9108666872073271,0.4691197521602892,0.472655541445699
1522,0.41911536675401445,1.3369530692658675,8.809668229276216,119.654758372283,True,5.384747956383861,3.1934076293345828,0.5930468157843218,0.5770717422882181,0.5777338410743762
1523,0.40056261772702584,1.3655447711991497,6.615137689077323,117.30314527334352,True,5.497031990171143,3.1197552217202276,0.5675344853911061,0.5795633279605603,0.5948208078512258
1524,0.3679694684016899,1.6955968469238627,4.196808265941192,116.72871787463961,True,5.801946093859569,1.6819644465584773,0.2898966000974341,0.8475057645524511,0.6537950384017153
1525,0.31505800673224954,1.2323516746587564,9.705776349710593,71.56241773268972,True,3.768349034475917,3.0192194452435652,0.8012048293884919,0.46264679593694646,0.474894068835372
1526,0.31591848152684016,2.3282749426071154,8.840101130627751,83.42918370099736,True,4.417335827578838,0.4971802512386508,0.11255206093559736,1.3419275129570147,0.41858684876755303
1527,0.43781374432658926,1.860549758897465,8.239575810952093,108.84278050232837,True,4.755574175839299,2.292501785254606,0.482066244892502,0.6978730941707614,0.6924211225591548
1528,0.3841028003728586,1.652535962334275,2.9629420708858425,96.18067981136537,True,4.695909699100267,2.8080841324039816,0.597985121592523,0.5652349724435544,0.5911943980613503
1529,0.3769521300441015,2.4961511409471857,2.8756842423491955,78.03498123873936,True,3.8634435253130497,0.9791214273719655,0.2534323126394422,1.1750280941315663,0.6380432489946273
1530,0.3314202450257122,2.008476711695577,10.786565508722406,106.68462330671191,True,5.464934671275784,0.6168669165134759,0.11287727184659445,1.3096699096213267,0.4881101464765605
1531,0.3023493634105022,2.2402616199746994,3.183775095705049,72.45475610900819,True,4.011170700139654,0.9299045397061921,0.23182871266830316,1.3962325447360437,0.637619283654185
1532,0.4459595418373797,1.3314125155639418,10.243562518556015,132.99614645764,True,5.6651438104975185,3.0452911061092522,0.5375487733367552,0.6032891433435346,0.6035940814040597
1533,0.38916336516645006,1.075552408279858,2.443354031644674,114.38388908428426,True,5.5274357785941595,3.8183566420491055,0.6908007247838638,0.46604157535497004,0.4728377419818779
1534,0.42186866446897314,1.3283571102047596,10.629084096981831,86.87997341168759,True,3.836679139285593,2.9587375359717547,0.7711714815231291,0.47239269517764715,0.4799988319883579
1535,0.344073908959468,1.3013824686577857,7.824520602311494,126.74119229383513,True,6.058319768828948,2.5039555963836726,0.41330858916806207,0.6903279968462326,0.6451402729315299
1536,0.2813079730083334,2.1792623778310913,11.466133499959954,86.12031388942434,True,4.714799138538015,0.442515833981275,0.09385677331706907,1.3174229040276266,0.39369006535199746
1537,0.312646933982643,2.3862000965416987,2.965976457057094,135.01755670262781,True,6.0588613155997475,0.38777778931157103,0.06400176025042192,1.311069861012049,0.34763722915894313
1538,0.33232953127013826,1.530787725633953,8.527887414652104,135.315633633776,True,6.058886433053079,1.2151712039619227,0.2005601553006163,1.3168315778741948,0.6840191047667052
1539,0.4429916411573669,1.2429676442626785,6.019980270199865,70.83808254772364,True,3.099256867317491,2.782253244201505,0.897716247253051,0.4162898606451395,0.4356830155056812
1540,0.35644140636685007,1.2605786147897005,8.108294489802883,112.02932578933917,True,5.6007724636839145,3.193765119010477,0.5702365414269613,0.5797127235502071,0.5874604774683547
1541,0.38234921605901123,1.244010714899542,8.716987590010232,85.93429079736627,True,4.112569098169683,3.457293275252619,0.8406650910233466,0.4780823918950423,0.4757662829949396
1542,0.3490756157523947,1.4164760896645587,10.540095095294921,86.52088590379157,True,4.315251949678506,3.3239446714032166,0.7702782387134677,0.5273743580524344,0.530331466371567
1543,0.44019166255765885,1.6611789148957263,11.292872280159752,55.58042188519842,True,2.310901491254931,1.470012043225297,0.6361206000291296,0.41902845341169037,0.4197247505576569
1544,0.4360849238481117,1.7894806116630921,9.618142488130868,64.56061413838651,True,2.7775060874359365,2.0856298551521086,0.750900192293535,0.449415240807431,0.4596648919984516
1545,0.28849687946405567,2.300854137698484,10.735943095242387,76.43027444930567,True,4.154061908922813,0.4598555638188334,0.11070021918331936,1.3378510383347613,0.4082438039053171
1546,0.41649313422802525,1.5012039743189662,5.27140270696834,64.2531857352958,True,2.956322724245541,2.699063255869562,0.9129799103913353,0.4187206850711602,0.4426668920953669
1547,0.39945705565416717,1.6190417882251584,3.370801061880719,70.42387674596749,True,3.361051186173063,3.1886549344006143,0.9487076387049191,0.4368806132192602,0.4658362628754604
1548,0.28040843872711657,1.9461355228721742,9.479779274255538,128.91129826110793,True,6.058850394988534,0.4228623252453225,0.06979250149419192,1.2966093759548163,0.3701248038536895
1549,0.42740800138143004,2.325138464204512,8.082700256315317,88.6104603844978,True,3.9433608311859922,1.5791276117703568,0.40045222321068286,0.8174007647543027,0.7644508850663891
1550,0.4463869967988589,1.8328762571319084,5.407206032081379,68.93662980333502,True,3.007140692698323,2.727146655518165,0.9068902769132102,0.448860281117228,0.46918318528839187
1551,0.4446324910699717,1.6947419840281637,7.5030211659504715,125.2719542017303,True,5.42038096247148,2.3784038908449823,0.4387890643318406,0.7072992079471305,0.6768354839925204
1552,0.4327423317123068,1.928615462127116,5.794838355670775,99.78125075941625,True,4.449330632211772,2.393903706494475,0.5380368204519025,0.6519226562090696,0.6646340267430677
1553,0.3697275309724851,1.3535509841421214,4.153761609996549,72.67300701501955,True,3.6286136354388128,3.4092147552909253,0.9395364449923435,0.43200050535740164,0.4555786346255033
1554,0.2852246620199291,1.7689782867287844,11.504022533525273,104.52036384736553,True,5.700182670868144,0.7037470891192877,0.12346044499870498,1.30150994725147,0.5416156896542441
1555,0.34337220432752524,1.4993380156381906,6.377174752768739,127.70843289409481,True,6.058475216298801,1.663854720224311,0.274632586718871,0.8916936054096181,0.6641871669329866
1556,0.37039667132026793,2.4294149263664755,5.622572287955724,71.00097804253059,True,3.518348075694194,1.2590656734962307,0.357857052914757,0.8586983878628223,0.7454939720320528
1557,0.3185515590651731,2.3361746879804173,3.8754603343859073,91.78295289800195,True,4.937724885908846,0.536833762009707,0.10872087336046396,1.3520726819090103,0.43618953230975954
1558,0.4142304275931705,1.6155807607053163,3.6332395860268285,139.0966209778715,True,6.058318152448172,1.84828460770011,0.30508213025313247,0.7812213999789859,0.635360866584159
1559,0.4040642364374402,1.9362484750846938,6.0008091648294535,51.59453382896904,True,2.410826746428864,2.1090502768164363,0.8748244891262109,0.43139861806461477,0.44361118690991264
1560,0.44654559382308456,2.1046170496917873,7.364813969808832,91.45437403346702,True,3.9504002736199455,2.280325195431831,0.5772390232603587,0.6511374892675761,0.6606291258880259
1561,0.3671108017523675,2.3461816228483503,2.520312188395467,101.48164153861734,True,5.085883893538568,0.7115696015535706,0.13991070509053383,1.3628726345967515,0.5467456882716855
1562,0.3882376181302138,1.0844660220454845,7.775833802295179,128.69578760182992,True,6.055702074767885,3.5149707789260614,0.5804398458721717,0.5484384676527179,0.5582839129768162
1563,0.3055485016521685,1.1684822370257495,4.3154365000462915,124.1186100163087,True,6.0587997569818555,2.75004356328551,0.4538924660971834,0.6018748743895292,0.5818294902462418
1564,0.4411046746962625,2.0791669448947956,11.207589036051708,93.32396022351992,True,3.9690647826009395,2.0780638552153583,0.5235651139595653,0.6676166630213207,0.6702801454784244
1565,0.4130347821686293,2.215646197900738,3.2497284486206963,70.66830069349024,True,3.297688142374447,2.4624897504255476,0.7467321481322584,0.5529080788593772,0.5794214938119202
1566,0.28531647068362775,1.3083712263342977,3.6946268518441534,68.14395157403266,True,3.862449017766616,3.641637463423564,0.9428312054534944,0.44724076248012556,0.46486768761836883
1567,0.2999718265460083,1.8797289474910646,7.237693421241345,56.74004189196437,True,3.095809465664625,2.6062685736776716,0.841869825189046,0.5167052230812432,0.5546399322136315
1568,0.36146453390990446,1.9022306372543414,6.784823052288186,73.36727831767226,True,3.6666728632959398,2.6355027026759084,0.7187722496483852,0.5857821111086361,0.5843052971769818
1569,0.3532521359611882,2.4710076871572544,7.281250389192497,52.51733009754238,True,2.6400644114060245,1.9578007828099118,0.7415731125163123,0.6043070947489881,0.6566524297911487
1570,0.44406957091387056,1.141548684086529,3.018052270209001,68.22110123634671,True,3.019762092116782,2.8971242468789047,0.9593882426837437,0.38234786666380005,0.42174381074271894
1571,0.425108716451414,1.9843294534102556,4.247476673610764,76.68641503350938,True,3.491545491354408,2.964153180153955,0.8489516139754284,0.5174298273316404,0.5339906797181446
1572,0.2905965670104051,1.3128319155351424,7.331401560594678,62.78321623388665,True,3.4743804441283093,3.0123691313320298,0.8670233959044189,0.45045040742409004,0.468538967816325
1573,0.3716378368255152,1.7102567276462304,5.879341616239814,121.55917926235588,True,5.968531224974523,1.4947481729569443,0.2504381926833808,1.25124153155264,0.6741415586039228
1574,0.44253661797982946,1.640016719853866,4.808605695208809,88.11656832777672,True,3.880206834451133,3.466113213631067,0.8932805289801927,0.48363958622709236,0.49253236722112703
1575,0.36999762411827936,1.3506253184662311,7.682392564435904,128.1577176794824,True,6.057825808748027,2.574260217999109,0.42494787722051264,0.6833301185173783,0.6456554328596908
1576,0.3396085850501017,2.478933349626865,5.706534511105767,84.97181230266692,True,4.409768907550078,0.522505435309484,0.1184881671270549,1.3595371378682484,0.42497697899023734
1577,0.306660301303868,1.4037179343935506,11.324216129959261,118.58693229493463,True,6.057782087718242,1.8065790225192562,0.2982244980686871,0.8680921675240945,0.7271262754590802
1578,0.350384077305623,1.2773854797298752,5.936540702630138,75.49223760065496,True,3.85569331459751,3.4961310862440684,0.906745117151265,0.45177125968666587,0.4631595450902264
1579,0.42062982255679426,1.8499701327110494,7.072556297503318,137.5429853123592,True,6.0573689780168465,1.2550126631468053,0.20718775225703526,1.3191124422595388,0.6799444197482729
1580,0.32452037341335005,1.4339661200526335,6.090673798249642,104.80505438697583,True,5.543410634316828,2.611456794320573,0.47109207067471914,0.6555997227638266,0.6440922402285043
1581,0.3225342061028207,2.0701117847033235,9.640767302010385,78.27894302207659,True,4.082751268909143,1.1865578380553898,0.2906270208256949,0.9777709794802045,0.7702405580637408
1582,0.374145740853473,2.2523126314947612,9.307815776504052,130.19190744533353,True,6.057738599860108,0.49098868988859345,0.08105148180212529,1.2967614258247568,0.41761949529962017
1583,0.40584171721037177,1.0881478828512252,2.1212686309324984,108.25794288181257,True,5.10157923677231,3.992810188961725,0.7826616041129871,0.44642970412513083,0.44508652707284213
1584,0.3424386689642602,1.9522472892013214,7.309245401223354,83.13287858536088,True,4.267980943233783,1.768197833834786,0.4142937509217297,0.774723421052395,0.7376920157026379
1585,0.3411257923723199,1.0818208055130678,2.445595985309811,107.9396697288903,True,5.623441679683668,3.7519548889494057,0.6671990397810015,0.4740668937683874,0.48407243150440094
1586,0.4390108543736627,2.3375215571877996,2.24022647544047,62.747282720832416,True,2.8104968931115635,2.6647302030425832,0.948134904391373,0.47194065220686054,0.5185651958227537
1587,0.36954793787226486,1.3872333935691148,11.156137310437728,79.56863288324024,True,3.8153530863457696,2.8596310921814547,0.7495062783089161,0.48201998911615185,0.49425406170190556
1588,0.2962551266609124,1.661925107083273,4.958631967407673,83.54750532508717,True,4.634149392394986,2.2775353449734075,0.4914678298267698,0.6673463481331936,0.6646049485369923
1589,0.39523210487470856,1.786042926555484,7.1824601707827505,96.41875746488162,True,4.5556875447440355,2.4383536279955846,0.535232849936943,0.6545046048048428,0.6625142807091047
1590,0.2815854033214569,1.7405204447572813,6.372399743606895,73.57419279846957,True,4.145701627763912,2.245059439183923,0.5415390784876267,0.6526344665851345,0.6599583492996675
1591,0.32412611733607943,1.953730740375892,9.14783710785021,67.63074498245014,True,3.5226696832579663,2.240632080856318,0.6360607954544444,0.6313926959691396,0.6453994569009596
1592,0.3816129611523525,2.1859734587031787,6.17559417339687,137.74767765507625,True,6.058574179162413,0.5759713188894608,0.09506713986773169,1.316389327395732,0.4828139048222537
1593,0.41795726678767553,1.9122221366934848,7.633578506577942,118.88579863602438,True,5.387789163718527,1.4596126057492267,0.2709112330486659,0.9576857762098179,0.6930815973976019
1594,0.3135498325269144,1.1703432056862502,3.26854304913402,52.94917304894493,True,2.892118432960731,2.7620247696300693,0.9550178644664004,0.3842486168625321,0.4206828520046928
1595,0.34717501226538944,2.056846007602207,11.846707144188269,90.46611008615595,True,4.485316826691127,0.9784245442727698,0.218139449692914,1.3364764328141518,0.7279674708974326
1596,0.3020852672223149,2.097341944129232,5.97362140408191,108.98922298261746,True,5.937982959968464,0.5041623646504441,0.08490464995425342,1.3101076392582796,0.42032865483237014
1597,0.2879070192353211,1.5045987700559094,11.51431674014961,116.66182905949542,True,6.057975225598026,1.183097970540084,0.19529594071974632,1.3000680134140281,0.7173464578801143
1598,0.4080678966322928,1.5586499880961147,7.286994394413921,104.95584566477501,True,4.850473575026237,2.9304503070861876,0.6041575655981872,0.589524993827915,0.6001225022380541
1599,0.3278725781381924,2.069383365549241,8.0772156646603,113.86338447331934,True,5.930211146761747,0.5460030651641765,0.09207143753428192,1.305087042103855,0.4459044737486688
1600,0.43919130760402897,2.470594238311172,10.269987943012842,53.26139146296221,True,2.243180260501264,1.501347691338097,0.6692942683984764,0.4774135656716494,0.5006948859281204
1601,0.36991345205576676,1.188456818068205,6.490188930721912,56.605606002995046,True,2.7911083542099,2.445056223887643,0.8760162321178618,0.4098366734537695,0.4205691640090423
1602,0.3878948267540001,2.459341124153906,11.4999099657051,94.29086506126035,True,4.391353570444644,0.5675442960137586,0.12924131179815068,1.3359002716504595,0.47313840637640503
1603,0.2835331096024847,1.654039909853864,10.777328570589283,71.54791327089609,True,3.912329789874969,2.627387356929212,0.6715659205747014,0.5967155741496248,0.6167506061238113
1604,0.3570567691724472,1.0088478311538955,4.465609853636567,95.86890935686006,True,4.86437778249,4.186940225849494,0.8607350031325617,0.4525774636649782,0.43884793558002944
1605,0.32799599470160434,2.3136041347578944,10.696652599058934,57.074771402750955,True,2.8993559791967423,1.645847845139726,0.5676598034007895,0.7041987265682077,0.7303891306360706
1606,0.431208187487161,2.1684831108685034,6.504427736514151,92.28222516604224,True,4.114476523029156,1.973359147099237,0.47961366070607997,0.7252649450362312,0.7168204621770906
1607,0.3316403299381431,1.8128976537773396,11.532944234310502,50.38512697461372,True,2.5050102065595103,1.6109802443950072,0.6431032656779461,0.4592224564936891,0.46927479471683275
1608,0.32648572735308745,2.043312505029853,6.407004270362061,109.83251590112947,True,5.77573335087702,0.6287479314966125,0.10886027683413395,1.3194561052927964,0.4950827098683024
1609,0.4424769128894049,1.5210143518851484,2.005728344841777,81.96912432312942,True,3.643501646803646,3.5121766577617053,0.9639563799409426,0.4222985219765132,0.44923876082094427
1610,0.29959293385577657,2.080066835947678,5.72081010150883,103.24342391488584,True,5.661134038634024,0.5426766388643456,0.09586005827823292,1.3214768172787221,0.4415773049708873
1611,0.42371582321764034,1.8466351576663986,9.976549517401436,75.04391109846463,True,3.3068769593599314,2.521293668792825,0.7624395161290908,0.5018868476313871,0.5189937221954954
1612,0.3776918844193987,2.3149295295759167,5.693523432463276,52.46219073050948,True,2.5659450027507487,2.249013273795443,0.8764853772720974,0.49921651407808776,0.5389418270310755
1613,0.36623327931686805,1.4872948380148552,9.53666352361992,120.21139712993536,True,5.873168460849702,2.2638053005460836,0.3854487259537192,0.7523998804985035,0.6978385299913552
1614,0.3419248766895855,1.867207150175801,10.847447812154646,116.43292077251148,True,5.865288933578937,0.7657413304469993,0.13055475000781455,1.3017157925304086,0.5657594516818296
1615,0.3270708776989374,2.39069586771555,4.286424379882715,118.16300274318279,True,6.057545241728411,0.4256167323646287,0.07026224574150876,1.30691297125479,0.37512817364771234
1616,0.4041377424657616,2.374858516249094,9.898752386765137,125.34188090971934,True,5.745520757694383,0.522671997182056,0.09097034354668293,1.3027654930607686,0.4371450148679812
1617,0.30609891282904256,2.1656003185601818,5.892992399586599,119.22767565201553,True,6.0582578272480205,0.44552547480007415,0.0735401971167766,1.3056238626220265,0.38638909381635855
1618,0.37333069953858855,1.4750736719414683,2.164424861987848,88.96795561603496,True,4.4322807387527865,3.4227604337153896,0.7722345752580941,0.4792238620757865,0.49345151647009056
1619,0.43794782326667175,1.0521822787559487,6.808765935546854,129.72435475862025,True,5.692374458749241,3.7484513278338967,0.6585039960033702,0.5114185775890023,0.5121303235223835
1620,0.40310062330634355,2.2004010644982746,7.8656575025373705,56.086928348505005,True,2.589435122693475,2.0891196393863662,0.8067858588452715,0.4832057903917657,0.5098137314859499
1621,0.3814922087972122,2.1385836221749077,3.89872726394107,124.76034233452388,True,6.043727194695703,0.7609677662851223,0.12591034336443713,1.3279518453382928,0.5916368033118586
1622,0.32955325384206513,2.153506669956678,9.613694969455988,60.36508422078694,True,3.0976233613912045,2.0391928384059654,0.6583088389061358,0.6375927008786086,0.6694213960477726
1623,0.35617282194219807,1.3426296515029539,9.280760603285948,113.35944894503942,True,5.638466983731861,2.8688685324797536,0.5088029318531138,0.6288662628311266,0.6302114662965019
1624,0.29339243194326275,1.1496459717831016,7.728129546433706,78.90861268641648,True,4.345566413870218,3.7698625231447034,0.8675192516013615,0.47699558045232315,0.472579814470647
1625,0.3754622384003603,1.4977547581642747,7.137103700564167,117.55051418634156,True,5.722498088008271,2.471385630066071,0.4318718140325745,0.6938003884964683,0.6603569445801662
1626,0.3342492953914164,2.230719450051396,4.220286046179361,125.50790088930837,True,6.058456976020288,0.4810586267079537,0.07940282956733219,1.3172993481742803,0.4158485280793167
1627,0.4419599555296782,1.5230684847847638,4.231068048846488,87.70332006266679,True,3.8744062907983583,3.602549230377325,0.9298325885267406,0.4599997237423441,0.4742894515154359
1628,0.2950297535166747,2.3096859198004465,5.714252476237942,115.90387496928204,True,6.0580333329146026,0.3875178450712241,0.06396759868681409,1.2952250461388077,0.347236396578237
1629,0.2900528099123321,1.775011568553413,7.543946979069434,78.69632178835913,True,4.356968414019154,1.923057933847377,0.44137522954255753,0.733108911345282,0.7142683636416636
1630,0.28229763713322453,2.1996634970348836,3.1947777126178183,102.82011867952403,True,5.8086521105288735,0.4749481397076596,0.08176563696193125,1.3197634909140512,0.3989216361357033
1631,0.36123089301737876,1.048750382946779,7.293486542262615,118.26381218680478,True,5.8812777068756095,3.6781221864789453,0.6253950875638763,0.5246542128726404,0.5282658039017827
1632,0.3533964016659078,1.6861872959612696,8.543629662006522,67.10034275707577,True,3.355755542957063,2.7448908967674606,0.8179650935922127,0.49377734359888725,0.5099006318914792
1633,0.40268010572589097,1.5167120000280379,6.217756566407041,130.1822763119317,True,6.048989602472326,2.213827626077244,0.36598304370905427,0.7226024460668565,0.6380124158683658
1634,0.31135454970420584,2.4448097009399885,9.4124717205518,83.08657100370581,True,4.412371944123112,0.42306465961538564,0.09588145899143208,1.3333731524764243,0.3783011499379816
1635,0.3648391539706003,1.2180649886069261,10.320385040066721,70.63169037023506,True,3.4245987642175706,2.6193784458397538,0.764871632031384,0.4433788152578466,0.4548850303660452
1636,0.4230329990319543,1.054865660621423,9.659822350409854,65.31982207801371,True,2.877755197183157,2.1863569975754555,0.7597439141854508,0.4155263331819814,0.417208219523018
1637,0.2979586621695225,1.0612900167346329,9.635682540412184,92.33418719464889,True,5.002198302842141,3.9594037165564813,0.7915327375779633,0.503046630708091,0.4799092413120718
1638,0.3152036106859678,1.8316910912771258,11.179200362040659,116.53785569372441,True,6.054002653220444,0.64499956833892,0.10654101183715384,1.293529360884743,0.5015835339117336
1639,0.40045740528141216,1.8646415609761549,7.96062280880103,85.13466208130242,True,3.9707006315731213,2.6600043237787703,0.669908051649042,0.6009697409773191,0.5930902392614619
1640,0.3024015367861195,2.4569854491968046,6.429409368866927,51.66750606172164,True,2.82044892458805,1.3823539599949017,0.49011841623645286,0.7415774549845655,0.7360943815224497
1641,0.3280727548452861,1.2762322515539828,3.04212366161668,68.38242278374165,True,3.6532591855535586,3.492520730300456,0.9560013546564868,0.41975029694964183,0.44583541668551074
1642,0.39027759090199765,1.1043262432703482,10.86650343812153,114.68603839642452,True,5.359432046792747,3.7661728285304705,0.7027186454923459,0.5262160505569371,0.5005717811789938
1643,0.3321351591933434,1.3895452042896181,4.852834393962569,99.20188561954413,True,5.2155386859773625,3.0355194754237727,0.5820145642069825,0.5706756553980838,0.5888369704888565
1644,0.42182729656698603,1.802681789216596,11.15015543758239,79.34180605891262,True,3.4784814191440585,2.521595648166083,0.7249127835751286,0.5150381219354325,0.5336048650880532
1645,0.35592023745815393,1.1900486808272053,7.326253340059647,71.63698782671341,True,3.6006583837003987,3.1397269472389073,0.8719869014655615,0.4423979243116345,0.4533247693720006
1646,0.4161292834311283,2.4825570214262562,6.489982525094453,72.18649680913975,True,3.301885960557126,1.708903760551677,0.5175538407338982,0.7185499764851233,0.7236565419834715
1647,0.4120165728722426,2.145614726036148,9.543729238559404,94.56381611554103,True,4.286690588234073,1.590266085289793,0.3709775764210013,0.8376805882845755,0.7692729774446314
1648,0.3037630419078133,1.633897487849933,6.6600024094490955,79.90929128266296,True,4.357743086518134,2.570627690772399,0.5898988627221591,0.6151992510951918,0.6248026013622039
1649,0.38393422574130437,1.627549463133404,3.9295332687715967,129.0022679211575,True,6.0577834509471975,1.7429115279820546,0.2877143995151448,0.8324633147272693,0.6462569433312808
1650,0.3346535188705191,1.2954142033319491,3.1986415212636365,136.61780617508407,True,6.059018380289344,2.1571942459771476,0.3560303188705845,0.6789452298327201,0.601388853932078
1651,0.34555776647654246,1.956170796406849,11.335670029474878,108.220049847333,True,5.409959598313295,0.7494522307352827,0.1385319459629505,1.3116574788108695,0.5648229327645735
1652,0.35547076979755743,1.0059924200166765,5.186423974978389,110.46845224643278,True,5.591973931032415,3.9119543788895865,0.6995659184282613,0.4855897245104641,0.4817162646172921
1653,0.3307016926185633,1.3516662879649959,5.190073520383819,105.88435768674185,True,5.565515048980976,2.955435229505308,0.5310263656633966,0.5952901264495591,0.6047560401923446
1654,0.36649498629623545,1.613611262873249,6.413775565257598,123.83298626965941,True,6.055960483740418,1.6426315878533981,0.27124212455871893,0.9098920828098835,0.6677084448177069
1655,0.3846512775411493,1.629794995257106,7.5899856434445265,71.08574388257796,True,3.405939283862779,2.9061383949675617,0.853256077915641,0.47983387709880754,0.48963753295616375
1656,0.39984893450717734,1.032317655787128,5.251790933879104,134.16876435802004,True,6.058040727672385,3.6406414310338753,0.6009602105188685,0.5165430111196168,0.5336999880370517
1657,0.37229286489157676,1.3977250403609285,5.246613726781608,121.90727913917335,True,5.990558839710498,2.6599252307826977,0.4440195484184982,0.6450685644717944,0.617960676127093
1658,0.3012601280448811,2.4103154399778024,5.556037665594807,128.24316886675422,True,6.0587055144934014,0.3540753045491842,0.05844075169228458,1.2927360605123708,0.3286055686285727
1659,0.44743962593702097,1.7239731628201098,10.401030586568725,77.20762849098713,True,3.248696821828639,2.4283277831937062,0.7474775014021898,0.4750031597920139,0.48840917472292666
1660,0.4318929861565981,1.2251363094815095,9.133969530468349,106.0097435626146,True,4.659156859037008,3.817377905543587,0.8193280503401195,0.5052542119165389,0.4853211609830925
1661,0.311566600364339,1.5189250339605915,11.754640021169308,67.36884333027912,True,3.4987696841309446,2.4764231052343417,0.7077982630484172,0.4937929975005644,0.5155194299424903
1662,0.3792020856118797,1.7055164629417985,6.046696705924414,122.7654844137942,True,5.95329984802614,1.548664327276157,0.26013544871078986,0.9769422025431291,0.6714811718643565
1663,0.3981780966825472,1.4503561789031079,5.342395400332414,57.5430387283195,True,2.72892487399675,2.476006558879065,0.9073194291540668,0.4085310252595571,0.4291347793162368
1664,0.33519901872924385,1.1207809064578407,11.57105977983151,74.28090980223351,True,3.740974352500741,2.748613735007087,0.7347320446529424,0.45167023683642693,0.4636998714373126
1665,0.3112517421895323,2.2983373513527825,11.549321070871867,117.2367686634366,True,6.056258712734399,0.361381949520318,0.05967082429296587,1.2725787825407764,0.33834688094484333
1666,0.3546933184752859,1.380463278073168,9.420968897096127,124.04853515672315,True,6.05701251509779,2.4054676522182303,0.3971376394257614,0.7285866069301745,0.6801073960243511
1667,0.28482865586202794,1.1081164241924033,10.258162458274734,69.2005693882783,True,3.7899794397309603,2.9730606998652043,0.7844529890315851,0.45260485490267266,0.4664484655752146
1668,0.40660664862449997,2.4951736853191724,9.621584738914805,106.10882609862323,True,4.854804410044125,0.5589352952136858,0.1151303426472346,1.3301554310907888,0.45785137824036726
1669,0.38740296637940597,2.009581223641581,7.539819686452802,97.7244197750081,True,4.668222252573677,1.5235454475935455,0.32636523395037303,0.8699961511312866,0.730799327143604
1670,0.31224385478285727,2.2638342166847187,4.8720310688653345,110.66789820779422,True,5.957892509277233,0.4562010119808522,0.07657086986220152,1.3096250118141057,0.39224178409127
1671,0.3255410712633885,1.1152353929228291,11.09028933863036,88.30013111991082,True,4.550756856152927,3.548654202331383,0.7797942879618729,0.489396086360927,0.48817110372123906
1672,0.3423425739964715,2.362393383746654,7.882744663042728,109.26235446522949,True,5.580506144952332,0.4452145331271714,0.07978031410822403,1.3092277685621196,0.38414827758822856
1673,0.3737641479461637,1.3841363878686885,6.987718744276361,93.77242520122762,True,4.5925773846726665,3.5472048864114885,0.7723778151784618,0.5221339482266796,0.5058097695430361
1674,0.3081908517484538,1.3036576295605953,8.781391051293472,139.56994985645503,True,6.058991514723927,1.60162960495872,0.26433930482764456,0.943203162677761,0.6754076672803082
1675,0.2821051012090599,2.419282745820942,2.2701038489287253,53.414492218903575,True,3.0579539896775634,1.1549655812648854,0.3776922691327567,0.7719108933367234,0.682988733454037
1676,0.35714102877409687,2.4771293808843082,5.0641660139308815,116.08107889050511,True,5.845086214872336,0.4493084000636364,0.0768694222029452,1.3131850216729828,0.3916571436553329
1677,0.4434034919330234,1.2368819915958862,6.319226380504956,138.38646430779647,True,6.007905238351167,3.2731743867013163,0.5448112539803672,0.5686086654576528,0.580417822942787
1678,0.39557353206788304,2.433527249959691,8.981866134621624,103.15223731059878,True,4.824364481268682,0.5888282249736769,0.12205301387569094,1.3346917457035672,0.47305334777051744
1679,0.43531710895634534,1.1996195676749213,6.741873926051746,96.55477442777688,True,4.2700989891943655,3.8012212405837964,0.8901951102779864,0.46662434494975624,0.46234692459261195
1680,0.3189815468456884,2.0707157276750037,6.147908034510454,76.58918108365307,True,4.0946043608676135,1.3361209142337154,0.32631258028323945,0.881894852787128,0.7446254081423249
1681,0.4456289635384647,2.451707916319598,10.754827141683409,68.79761911601031,True,2.881102250872978,1.9602118307153025,0.6803687130928294,0.585664551133616,0.6267646411332892
1682,0.3579660879071471,1.6385665408214427,4.74596916251622,65.86057903800287,True,3.3427110936770417,3.0853573395148457,0.9230104705581653,0.4595677549190196,0.4820227437953881
1683,0.3555774028799346,1.4659029496752987,2.329508577149289,123.21603471343929,True,6.057933734387112,2.18051729955744,0.3599440659411645,0.6775268181385328,0.5946838808485331
1684,0.3694187464670134,2.0983023714715525,4.891037442453416,124.50506476370671,True,6.056736150548061,0.7107407967259642,0.11734716174843622,1.3222610448431622,0.5590056525660283
1685,0.29431412156765474,2.022728408101864,3.599696925124962,81.49961923164098,True,4.55178179435464,1.0503208029094864,0.2307493747200601,1.3768300407352476,0.6679924173948844
1686,0.39661193672744055,1.51367619280441,3.5469455511130312,87.37133606460668,True,4.179629061639375,3.5531574991154358,0.8501131193019751,0.48071853317979363,0.48982383444811983
1687,0.2899062856194853,1.6054810588932982,6.879915869314938,114.0678057433363,True,6.057960974490912,1.1113663751543748,0.1834555190821066,1.318274670972757,0.6795145710454982
1688,0.4096439216178406,2.129567517170112,9.502808317018811,93.42133322089376,True,4.252729927553776,1.6478107789895464,0.38747129656958673,0.8154708905400496,0.7635622297628424
1689,0.3154621080571656,1.7013361221750456,11.94293169864653,127.47904901357359,True,6.058517507122897,0.7079094222136392,0.11684532088606858,1.297409066746293,0.534998695410843
1690,0.4186312624082011,1.2373066878835788,5.685450652547187,108.01949503885157,True,4.934565097844759,3.796131819408896,0.7692941007236708,0.49512321599148335,0.48568052419466445
1691,0.33454303386917894,2.0322678337567828,6.31083965796276,105.95858764732927,True,5.514395970410566,0.7312377532088861,0.13260523131320273,1.330035041451063,0.5470551809846418
1692,0.2961653213783502,1.9282060677425004,6.763257471607021,102.17376551183547,True,5.612173109748333,0.6704735708239461,0.11946772804625981,1.322810399137882,0.5115094273292882
1693,0.328325501654496,1.0375171660596543,8.31741805288236,88.09766725869878,True,4.598177111739861,3.940708649896881,0.8570154115716073,0.47564836850848335,0.4595077712926354
1694,0.3173664306488341,2.46208904503704,2.068225439809959,73.00746920291158,True,3.9658585755982467,0.6757085525132267,0.17038140408506539,1.401151910407957,0.49551104636643917
1695,0.33989264365114535,1.983711891710106,6.716915133753116,63.40726189072868,True,3.274847914862431,2.6331166784786753,0.8040424309564576,0.5611121943843194,0.5805457300030565
1696,0.3861942948319602,1.939371270837131,10.307734869428566,73.41263361541814,True,3.4399298706724797,2.531421945978541,0.7358934749107742,0.5615164526736902,0.587121673861875
1697,0.4492555482585296,2.0576153043524403,8.428125984395912,85.0402833038486,True,3.6295867264546438,2.681032337709363,0.7386604976727412,0.5853666346929969,0.5789473714098774
1698,0.305354280921373,1.3685636463556445,7.996840992268241,119.18500146918024,True,6.0582522976127615,1.9641310981755298,0.32420754397262236,0.7981076008941956,0.6714627939873967
1699,0.3101943210930277,1.3321074693336308,3.057221439336293,79.96288541949754,True,4.376567708875702,3.691311682741008,0.8434261568157643,0.4726590624197313,0.4771564655644531
1700,0.28268538358516027,1.788502004632438,9.957534641958429,135.79791838084975,True,6.058936158328843,0.48296190648802406,0.07971067756245069,1.3024756271281652,0.409381388774237
1701,0.2809447775498797,1.8956703807141269,5.147368546074999,61.34224760799461,True,3.479744241010349,2.3928959577855387,0.6876643201486433,0.5881883460352162,0.6056803177362791
1702,0.30265892895039803,1.183158945304309,8.734160318800992,99.75713933853002,True,5.39137067689328,3.4018952261082953,0.6309889321259953,0.5527479658053136,0.5453764707883386
1703,0.3872412627255866,1.6561706344354716,3.0674909759246196,74.78634829396431,True,3.643091724724327,3.427291498486053,0.9407645366780867,0.46277286872347156,0.4854088550653324
1704,0.3740410941993968,1.87360743073032,5.404382468713303,59.90139109725805,True,2.9542434179919153,2.6675543702191398,0.9029568633285993,0.46564766514219347,0.4882259440929735
1705,0.4038740495740061,1.4050476618139687,7.257550561040034,68.49349688916215,True,3.18370268125857,2.745903155913919,0.8624873082772976,0.4399635517634488,0.45121419264493445
1706,0.3772761784505133,2.149331253334873,3.479925121970317,132.6262441080019,True,6.058422494376946,0.6678992635388956,0.11024309779629904,1.3304406342595945,0.5448760447863545
1707,0.3916373024921476,1.743441481622968,11.722530394469212,73.14717189029413,True,3.352051281974431,2.3402206108039096,0.6981458259270631,0.502355924316499,0.5229967968333198
1708,0.3835931150590756,2.213519681674174,8.952996399962261,73.1226953020398,True,3.4775536093403243,1.845185448279468,0.5305987068965677,0.6907619357456971,0.6963228515989504
1709,0.33805024718943816,1.898022871050186,3.3950831007441176,122.54468924764193,True,6.058235281529801,0.862188030685059,0.14231669630159077,1.3334592067458857,0.6411679649941444
1710,0.3492153211117637,1.3322570515532552,2.4063858586897897,98.13473369944694,True,5.062617793197657,3.3739336207673767,0.6664405172558618,0.4990954052511838,0.5186026645904125
1711,0.42317389645868986,2.397190175018136,3.5188915875488873,112.30621068938322,True,5.117999389143129,0.8581728145618883,0.16767739683250849,1.360985988104236,0.6178135701714487
1712,0.2901828454280472,1.9652848742388789,7.800022012366277,67.30830788359452,True,3.7174266265682974,1.7967422712914913,0.48332958570056156,0.7163010242957726,0.7108301464592746
1713,0.3215047155361834,1.5629441719520025,2.429302453978069,88.7748382918534,True,4.77920421530715,2.7397118643148244,0.5732569149357324,0.5702533537568781,0.5892890475172234
1714,0.44224516340560915,2.3055039413346945,5.538924891558011,107.81994446964237,True,4.728280370104838,1.1735292328080926,0.248193664704801,1.3638538430005687,0.6726159510083458
1715,0.4413115185835042,1.9383206822261276,3.7245738916211173,66.59038595103101,True,2.954472048808166,2.7794996596644475,0.9407771045881776,0.44191657507705484,0.47228864929431413
1716,0.4399250817589673,2.2597341155078663,2.0324119645249055,93.87304609728946,True,4.183460676899299,1.824346989796648,0.4360856072749844,0.6906700873508864,0.6527743787426874
1717,0.29065487158116404,1.9198273908988328,10.116595168670726,94.92947339828777,True,5.178735752543365,0.6605154986735067,0.127543773274996,1.3197303968986787,0.5164663329191894
1718,0.3344477781954938,2.1134873938432794,3.008867824049501,128.0074969522937,True,6.05868665899501,0.5608025945006957,0.09256174251363566,1.32811549751547,0.4719446518623678
1719,0.29716778554154794,1.6815038193789256,2.2166106385321775,113.22010773321412,True,6.057964326343212,1.2283604884522585,0.202767864299019,1.340571338575712,0.6785362037532718
1720,0.28007965424440284,1.3430108660460314,11.908011126394289,59.00891787335527,True,3.1872608585833673,2.1863339089139484,0.6859601413000447,0.4535553874648892,0.4676150860584958
1721,0.43861532853916246,1.2182822196597005,8.007872035730529,105.60810527490762,True,4.614175318302354,3.889937037349613,0.8430405801704123,0.4962696886854676,0.47650136934143017
1722,0.36316326783220687,2.1845288553055537,7.10688827531962,97.50551996238266,True,4.849562016555404,0.7975230462028563,0.16445259251872174,1.3466225556163396,0.5770591994229513
1723,0.40749458110240455,2.202842496370881,10.99922790285989,92.20442448443976,True,4.168315322054466,1.395792258593304,0.3348576464952633,0.8892398575914364,0.7830729628034048
1724,0.30652626591770893,2.1444896142655194,4.0519907113038185,111.56236367919169,True,6.048095850977103,0.5104867915617791,0.08440454717319124,1.3150509097323781,0.42912100102960427
1725,0.373044395484163,1.9318546764331206,5.021521081682624,108.75572736374036,True,5.360221295546379,1.270657865215862,0.23705324746043738,1.348411325653787,0.6777361261838988
1726,0.3284943995810449,2.28338717286225,10.076273221673599,101.30861977648283,True,5.230986002864799,0.4489647237305184,0.08582793444383881,1.3109464474646662,0.3882834925637577
1727,0.4384410760860917,2.3212222543937977,11.966264543685321,102.39787469448041,True,4.3605177732290645,1.1104697787001079,0.25466466058634574,1.1610974115685577,0.7578890118816131
1728,0.3578033385947862,1.9796950945713754,5.111251343415269,94.19514146828173,True,4.763145617409328,1.4100488106802127,0.2960331100368788,0.9065665647160133,0.6950155315098767
1729,0.40696030765760494,2.011259888982916,6.328598547842016,54.248244408269734,True,2.517520190333475,2.18132235549496,0.8664567473462917,0.44665902303036775,0.4615951846379529
1730,0.4072661501130854,1.1089067491853788,7.812899377485054,55.55710758995594,True,2.5478170959341235,2.0793774613858886,0.8161407915443445,0.40544011867182395,0.4031920637089108
1731,0.30326162276265056,1.0268732227400952,4.703697412974037,138.6089538347795,True,6.05905705116175,2.8235543789504667,0.46600557728848,0.5749388044841872,0.562794335267816
1732,0.29467873758889523,1.3622689304998408,4.3437926095739225,85.33746180106336,True,4.752776784554762,3.2777199948625135,0.6896431588191173,0.527548342071742,0.5342876753364694
1733,0.32423621822004645,2.0359773474628566,11.016780210266955,50.32819631373811,True,2.547458777479608,1.6949036141357914,0.665331124930974,0.49839213888916056,0.5229206138638278
1734,0.352258028500883,1.3288273978779532,9.00966075608548,105.7428128554499,True,5.301710051603428,3.0851594252597696,0.5819177954340801,0.5863666354100152,0.5876360033186216
1735,0.34598480138666526,2.1523794440290183,2.3222572400869015,84.89315387950789,True,4.410815334547579,1.2236502740533375,0.27742042711902565,0.9539421111926716,0.6677450320478804
1736,0.31167247651179636,1.636169578356184,5.501382325580517,127.7728565264513,True,6.058850277299169,1.0304920566742264,0.1700804623832997,1.3285348954049385,0.6807254022057312
1737,0.38644419863520707,2.347832231498759,8.632023036102783,120.96648175102264,True,5.743739683714642,0.5183072465751519,0.09023863808534367,1.3074275699780955,0.4333988351977127
1738,0.28551486862182685,1.0430260307675545,4.946415367270321,80.71352508150706,True,4.547819864592158,4.153645670219418,0.9133267794000258,0.45217250804831544,0.44247869937686746
1739,0.3637855022871512,1.6085874719104667,4.1581762615985465,128.07908941680193,True,6.058283963409371,1.6170196409371635,0.26691050645753595,0.9101799006324658,0.6602123477388933
1740,0.3377696726449347,1.7341182197554734,6.582118054299173,121.4871803333879,True,6.057821572501923,1.0792177644965435,0.17815278175167826,1.319984770253476,0.6718096085844851
1741,0.34850184865769196,1.6678263682367516,7.487310767944171,52.15220613110151,True,2.6373566782412934,2.1922966983579726,0.8312477096650778,0.43684000477703044,0.4488868717293988
1742,0.43209920075563846,1.202824480769607,10.636131936884793,75.40872935315709,True,3.2548322009165696,2.419049875570697,0.7432179990383179,0.43585178201525965,0.44354991030111846
1743,0.41164385544048865,2.372536585084772,4.242193912386086,112.00877870185022,True,5.1946270151357155,0.7900484928682817,0.15208955148585213,1.3529272743314649,0.5881022812010794
1744,0.28103523950685055,1.0043524314543109,6.956069818411771,114.09326769077798,True,6.058228344889978,3.545184619427478,0.5851850438119894,0.5417929010246265,0.5541949695582775
1745,0.3211426508334376,2.3672758155238043,9.678627946876722,66.43550976884495,True,3.4593618888539304,0.8249268010564625,0.2384621290170242,1.3742052047216142,0.6719777843095778
1746,0.31669306731770874,2.485278101545878,11.182011269575227,120.33254554179705,True,6.0574685609289025,0.3266745146667282,0.05392921339679776,1.265046830737457,0.3217022891396044
1747,0.392284559551264,1.1484566769890538,5.774360289762342,75.77340563788934,True,3.6233870114538904,3.302806390440379,0.9115245983936787,0.4252146289325833,0.44508562052190603
1748,0.3245479088060244,2.09311102549349,6.281015541305796,98.42727597115517,True,5.204877362047945,0.6749105587468943,0.12966886860161092,1.3375526943208045,0.5138300907754032
1749,0.42384252983661985,1.3259564611566845,8.930680703030795,84.07660776110056,True,3.7438362805533614,3.0916782472968984,0.8258048738284918,0.4660788793369868,0.4707435295921769
1750,0.3797268321273106,1.7260738192546259,11.277006682637712,51.8662141506517,True,2.3946911333134047,1.5439874395730309,0.6447543142804805,0.43293186819221896,0.4372240249372057
1751,0.33381433618260425,1.1219091537038768,9.580942146519856,110.65757691377999,True,5.686865511847782,3.4694798571805303,0.6100864966741975,0.5527841925781556,0.5442860965719025
1752,0.4037598903547212,1.7961037806327966,3.774631940530918,119.57105556439461,True,5.6185239115262355,1.7192902424981042,0.3060039023721215,0.811644788690193,0.6479312096526266
1753,0.39721453240020665,1.488461387772626,8.213783076521068,98.78146015976276,True,4.628920472638991,3.2696054383091613,0.7063429708147758,0.5567653642103578,0.5375063951036698
1754,0.35510756895969664,1.283479537430302,6.669865321172956,121.12009819827239,True,6.053868328266729,2.928731838730392,0.4837785825396224,0.6224685513514214,0.6164210171976903
1755,0.41838112948178235,1.8655151698487156,4.963313635138554,80.93827833578649,True,3.716758336358397,3.054603384524046,0.8218461110702406,0.5264401749408831,0.5333025157646571
1756,0.4363914612565072,1.0633583673580063,2.0520014920047585,79.14870222504749,True,3.557249152591173,3.4492475934382223,0.9696390231552152,0.3863727623793767,0.4198190217225859
1757,0.33366797027294726,1.6878252304362278,9.879995223332884,101.69469798015615,True,5.220385441769482,1.7174984715114687,0.32899840264080427,0.8512778094317635,0.7480557041443783
1758,0.3132171568371175,1.6659070853477247,5.094169493936315,77.46683393545855,True,4.195442168304965,2.696373386188763,0.6426911105005523,0.5837794238844873,0.5963516751355202
1759,0.3781662709768372,2.314196101293234,9.400564887047206,50.273303552411974,True,2.3769402412915035,1.714702733457544,0.7213907626579057,0.4918679277728786,0.5267775681921583
1760,0.42257388505578286,1.0456019526920248,8.049573517122301,50.889558877078684,True,2.262463674800123,1.7766710004169348,0.7852815584205544,0.39475144374184135,0.3869468332484103
1761,0.3657682336392083,1.275278241098687,10.098090405580407,69.56033938065062,True,3.372365057078372,2.5974657198126496,0.770220802270721,0.4451460594981276,0.4570636175190841
1762,0.314126649100508,1.2022812339313995,5.715101687741722,114.2050450374489,True,6.056243714103017,3.0920400899523615,0.5105541051381417,0.5913895765669759,0.5948392660827189
1763,0.3110786228720145,1.4009279718432248,8.024374679884595,69.51277288279535,True,3.722363928642577,3.1607463607690205,0.8491234122617451,0.47920268092654084,0.4911341528801674
1764,0.28732217788879133,1.4416447292489074,2.142079890245869,94.89170132878729,True,5.356253285372306,2.5856002590023337,0.4827255398962359,0.5985434269955374,0.5923202243786689
1765,0.41989550437828005,1.6727407478766632,10.85363328348255,112.8622176967686,True,5.015667500035245,2.386843476895083,0.475877533125613,0.6734135147181686,0.6714941747036764
1766,0.3524729746799398,1.0668923426082255,2.791401573695612,124.97236773297342,True,6.058301731279054,3.559080564255228,0.5874716582503097,0.5035620852380895,0.5203582612774031
1767,0.38629870368952635,1.758469148951056,6.65667329138949,98.27523291635788,True,4.722136922522156,2.3932103858492892,0.5068066481585721,0.6696414938915427,0.671899147182843
1768,0.38681919548705523,2.1561026278499518,8.041016713404971,85.84421842694917,True,4.0930932657266865,1.5885006598671436,0.3880929548242585,0.8201592294988229,0.7607817201463982
1769,0.4308556419694251,1.9990049007322896,5.229422105968231,89.3319849991629,True,4.0083190391291215,2.4989068651660546,0.6234301313772136,0.6053215508748928,0.6275421078627157
1770,0.36068123106548344,1.2528708298605191,3.2610254120845426,86.30563230764129,True,4.375825036721643,3.9609655043359275,0.9051928427429705,0.4518759837255848,0.45391991472376914
1771,0.3929112304979214,1.0009324376406619,6.966271571039492,76.13277955832552,True,3.6145066241919914,3.194035031547654,0.8836710964007896,0.42753499337772105,0.44000199780606275
1772,0.2915446048520401,1.9747539077620642,10.492600777598113,86.01917986638213,True,4.673534859827878,0.7557527821987772,0.16170902857598687,1.3329818798495543,0.5989062341146547
1773,0.3447838592192029,2.492673224329222,11.736619247371667,117.71314298181758,True,5.8662400512265,0.3567941331696254,0.06082160464862458,1.2763625062355275,0.33736938754829415
1774,0.35662929515759056,2.084998423094404,2.0138253591022472,138.55953895878275,True,6.0589435151543505,0.6516620280555445,0.10755373877073411,1.336705291305028,0.5326565833895822
1775,0.4214961457325015,1.2938079127992141,9.577140488365167,56.252196420337235,True,2.473765228087415,1.8093462152701185,0.7314138765985525,0.40953617304098167,0.40581573578408126
1776,0.3089620058342797,2.0994664228825086,6.271792910477433,122.73943146986441,True,6.058500653683768,0.4657296975473902,0.07687210486050063,1.3080452062732353,0.4005715988296745
1777,0.42030631419803866,1.7813894990496735,11.925210400836157,51.72870233986751,True,2.2014358978809097,1.3142765269865797,0.5970087651662696,0.4227081681069804,0.4261903221816383
1778,0.3704672753638414,1.117351488435048,11.880967333761769,133.20966289777033,True,6.058132067349482,3.1079947385465885,0.5130285546756626,0.6055027376669138,0.6059555587478997
1779,0.3613124696037942,1.105982481015827,6.558850562577268,55.50566652287771,True,2.772794630146173,2.4219377205780264,0.8734645163570407,0.40665067413276557,0.4160485609508293
1780,0.416561071771452,1.5639949138004492,7.850222360657886,101.21592013045077,True,4.599187774924058,3.125047846512138,0.6794782034233727,0.5671771411220679,0.5549261816002549
1781,0.4451302788932206,1.1162516820143253,11.553414361627217,63.16435201160934,True,2.612930468106643,1.7144033172842466,0.6561228238601088,0.41044340413201397,0.40719921543119364
1782,0.3764876429827752,1.367271552736504,5.2327472985780625,126.33504857747945,True,6.057108667406121,2.6497265175704854,0.43745731884073935,0.6423795794425038,0.6116418982207987
1783,0.36498891025784436,1.9611832372234812,3.788452950313192,91.36954515623609,True,4.590179631969356,1.7256252019770866,0.375938490502327,0.7665164323521672,0.6782898219668634
1784,0.4068934426018449,2.4503254513906745,7.9564431189812375,116.3229699033624,True,5.361764242690468,0.5622662511803757,0.10486590340985177,1.3229690148894258,0.46005635310887527
1785,0.3527241283627096,1.2912153394584305,6.1261726580778495,50.940730346959775,True,2.5847668036847318,2.2754551671299303,0.8803328655746196,0.40585611689582946,0.4150945270319921
1786,0.44984258037319935,1.7232070207741526,3.013303527056533,89.83562887164514,True,3.9269000340061124,3.3810245475213474,0.8609907352472432,0.48169679490143347,0.49887732465962875
1787,0.37267309459644604,1.8830493315801187,7.947207594132971,67.92193834299951,True,3.3083938528198744,2.7329670548010587,0.8260706482910561,0.5247915375944125,0.5411595276832548
1788,0.39721506290835507,1.970816085813013,3.6859564106411886,122.0115076827208,True,5.790776656341356,1.2025910379000961,0.20767353142227726,1.3432542610683473,0.6812081239504795
1789,0.35634225628582716,2.1310341063539617,4.614034583962695,102.46255431636223,True,5.19311500866012,0.8449691161220563,0.1627094941500376,1.3507893327533838,0.6031659788307837
1790,0.30060516009458477,2.0331630287028353,5.067146386535404,61.79908807694815,True,3.4109934083100777,2.0939756067174957,0.6138902530904985,0.6292122277635372,0.6470626695795088
1791,0.36288080426919583,1.637186938131101,8.056410336772283,128.87614403654715,True,6.058118948974332,1.3497577411302792,0.22280145908307059,1.3160519495447383,0.6839606766815418
1792,0.28462956308430487,1.7394836464166645,7.742481247164335,75.58045985933936,True,4.2119429220681,2.1346476225758484,0.5068082977553072,0.6777872949392134,0.679260997297046
1793,0.3692724871464588,2.4072628864073446,11.41320801632847,113.0447421094679,True,5.440825661796823,0.439077498901918,0.08070052712494255,1.3002978481424599,0.38563418566707597
1794,0.44472018370074207,1.1350202045098619,8.810388334208424,74.91537080766135,True,3.2086237676656952,2.60520355741265,0.8119379977378778,0.430243877207928,0.43778257461743664
1795,0.2975729975001065,2.1276726877797327,10.56655029985194,70.72894275473038,True,3.7936386772227704,0.9812631671482579,0.2586601547057762,1.1410089873037639,0.7425439350869523
1796,0.3162042800229429,1.3191979036806667,7.878697055027593,56.06037814949549,True,2.9730937079957216,2.4804444498878837,0.8342974334166037,0.4300566806795425,0.44286016060248423
1797,0.3292011486341081,1.1315058699479157,9.647366845333774,113.4378111597217,True,5.8644978639391905,3.335805350303709,0.5688134649712439,0.5704352831954558,0.5697743274875968
1798,0.389942921689089,1.8943804691146247,10.911020125717169,65.93198070787969,True,3.040930922319746,2.1577706276734,0.7095756802089292,0.49664862604913695,0.5212557538437044
1799,0.4212588930067368,2.107087064890819,6.4814760153085755,60.58883509046159,True,2.743339569981674,2.3753934921189837,0.8658765827282736,0.4757036702947959,0.4940518546657966
1800,0.3540031844237429,1.6454920688534012,7.304971802575888,130.2808007806413,True,6.058454266023446,1.2523947111915261,0.20671852195288642,1.3200128727507487,0.6833062426395493
1801,0.4282734470042483,2.2019482535320574,11.107281155890538,53.10317628346567,True,2.2570274817268903,1.4345262721007483,0.6355821024399614,0.45543057867558234,0.46676809033894173
1802,0.40765523966880024,2.1185324800562775,9.682428691351582,107.69958163296825,True,4.91906236493873,1.0578308440989437,0.2150472520207862,1.335247454364282,0.6905605008247266
1803,0.36171400687131217,1.1420489232430155,5.795923671478474,66.01692816025016,True,3.3148198551996995,3.0084564662030577,0.9075776656411438,0.4145569143697627,0.4378250811285884
1804,0.37293127462230335,1.9669633069650332,2.2136241822516,60.02619576635807,True,3.0041399697700246,2.8732938012631775,0.9564447163502625,0.45496721845656474,0.49352521159974216
1805,0.30913682253958624,1.044851394352426,3.242381089045482,85.76889681598854,True,4.694887214059545,4.175581191022786,0.8893890312249422,0.4426896424061937,0.433499902709932
1806,0.3580589607017794,2.0844211913057884,10.439865551798448,106.41563193908993,True,5.244688406147747,0.6833651846695257,0.1302966223633982,1.318726727136586,0.5252672746357661
1807,0.4368936919234827,1.5842585034584424,10.063485018496914,77.93500711612884,True,3.354928841226936,2.576149712343231,0.767870149937697,0.4679358076293001,0.47933340992755236
1808,0.2878032745650026,1.7549696103213974,3.046970755523342,136.9498124626229,True,6.059041808702757,0.6398499540910039,0.1056024985950701,1.3364850431560238,0.5241900150659116
1809,0.32323401101894184,1.721780521764968,5.102589700508602,111.61190770941859,True,5.9190571113050465,1.2448994457037226,0.21032056665343518,1.330757152639968,0.682755494662723
1810,0.30774663144894154,2.0827825812460907,5.8514820637141085,120.16309709803896,True,6.058341132220752,0.4852736525190236,0.08010008712420279,1.310216288181194,0.4134925345483298
1811,0.3666604375441751,2.2772596020708384,3.8256045156040432,138.86613703986507,True,6.058838726844295,0.49901076617322926,0.0823607936554429,1.324152065291365,0.4333570376801208
1812,0.43828812575086673,2.4275492865667374,4.372325943510961,100.06187276360393,True,4.440052355448459,1.117402581623575,0.25166428054669054,1.1807285214476186,0.6619607966640131
1813,0.42213246005286353,1.5522918454083223,8.487311470074731,89.41780130419588,True,4.007959599165688,3.337762689281733,0.832783516574502,0.5134680848811657,0.5084185249269759
1814,0.3711668942560705,1.3225689688284659,7.171441316353277,95.40270707098747,True,4.687526322611755,3.64082464978342,0.7767048970414863,0.5165502560255399,0.4983103845205088
1815,0.4395548606560172,1.705879999583967,11.452266578942153,137.0739917540668,True,5.863695988784642,1.8138505846724002,0.30933571388109327,0.868015502330783,0.7361107263800624
1816,0.33571219348246717,1.5564590582125553,6.0383981052018125,112.16169906714937,True,5.826846887627231,1.8760333173594526,0.3219637230116747,0.8007521594923088,0.6637114215617381
1817,0.30848240238787006,1.5472316532720554,7.870699881085582,68.31867375453197,True,3.675001732264171,3.105572343569518,0.8450533006024389,0.5032071222199459,0.5176238737097463
1818,0.36346821127016116,1.4333204291216857,10.341450688503862,82.00594206306141,True,3.9994470726360936,3.1240214669555293,0.7811133414740857,0.5022523010650537,0.5102109644013879
1819,0.4242116445677315,1.2117574340404205,9.16193920691319,84.52671012672795,True,3.7558359968538433,3.080111496386841,0.8200867926520121,0.4573464555719915,0.46255436645010883
1820,0.3369739140336417,2.478185596901507,7.859208749095299,131.62402727837332,True,6.058586685926562,0.3571267555437962,0.058945555136375755,1.2885784324507923,0.33187784055261327
1821,0.3061857391940634,1.6788148430137353,2.8560129386520154,68.75974766476958,True,3.7931683566525427,3.026244353931577,0.7978144045792438,0.5121753041350652,0.5263040407143982
1822,0.32763618692505686,1.9906095770304326,2.258158080312206,111.81798089255133,True,5.929280819788716,0.8331062552379239,0.1405071340958364,1.3378512670779545,0.6173959525560804
1823,0.4246845408665736,1.1993916614503606,2.3417691041569495,137.48072474013009,True,6.057827803089945,3.3433167223688067,0.5519002571620581,0.5210597206302578,0.5341448855112101
1824,0.3989416003604235,2.0799405748832447,10.335460752490187,90.33606141450397,True,4.162555463717103,1.711384539544818,0.4111379546680144,0.7758222893023494,0.7469310760841164
1825,0.4450312135667336,1.526755230641094,8.925604778347637,95.78852927474381,True,4.113458371297174,3.382709999645697,0.822351825230448,0.5152543639069798,0.5081413490429787
1826,0.297889837673961,1.4459106644505866,10.614637042868381,104.45958184428827,True,5.626911728701431,2.14163251492469,0.38060531570111056,0.7580513606701782,0.7144302780881122
1827,0.32886425500179045,2.345204072492284,8.703065885771961,102.3673981643561,True,5.319101141559727,0.43432092236157843,0.08165306708836559,1.3121645152998802,0.3773115777266973
1828,0.434325786894299,1.9640364931672132,7.463443063438962,133.46723696280358,True,5.8712364801368855,1.1943316402780941,0.2034208031508635,1.3208477597211257,0.6762088931916361
1829,0.2908061037616069,2.4347718755126073,11.492707080880617,139.2202841129445,True,6.058705047285231,0.2977895008461225,0.049150684597124475,1.259165850219596,0.3105207808690085
1830,0.30515596402338885,1.6824723613445425,8.688035590021773,76.86813910917645,True,4.138510633831611,2.4967217932456185,0.6032899306420402,0.6190703103848119,0.6255308673773312
1831,0.31640288977381087,1.025238047935847,8.25015976787409,117.66070589435348,True,6.057630509128671,3.5427960817621322,0.5848484942129175,0.547983892388447,0.5554340976046515
1832,0.39812647261676215,2.3684302350664566,9.753942283865081,132.49014625534096,True,6.05606806320183,0.48622002178379586,0.08028641962236012,1.2934437462889505,0.415558303919477
1833,0.4373043002686145,2.1770065232766296,3.6580547640058643,82.49442208619162,True,3.682647778109844,2.3825360396692608,0.6469627787461448,0.5911468666885491,0.621941680901172
1834,0.41050539763610416,2.237883811082289,9.329339285154093,127.04441375017164,True,5.778033226800107,0.6470632562037659,0.11198676622393042,1.3082502161236826,0.5074120245540121
1835,0.4293835205661969,1.081536210270279,4.335610365540917,85.63755018076725,True,3.8673389142898884,3.6338849637116506,0.9396344732767999,0.418632664284714,0.4392205924781303
1836,0.389793303462027,2.326347378699098,3.7783009283197835,135.25354695850797,True,6.05838519734788,0.5625896464981482,0.09286132000065424,1.3250968202127948,0.47895950187907754
1837,0.3999975331185519,1.5864024376818002,7.844815729306915,79.73790590457895,True,3.7228081083054994,3.165968636004965,0.8504248792576125,0.4971974935976555,0.49959654251181895
1838,0.3781789995463079,2.3975684476499977,8.01255519937361,103.12770542723123,True,4.985596830573913,0.5602535527014395,0.11237442010266731,1.333217570229405,0.45437355739747964
1839,0.3474297842875914,1.9103940553930705,8.608619350661737,58.205484404615135,True,2.9278036507171215,2.3284752136594804,0.7952975989660903,0.4928429796286542,0.5212661464571964
1840,0.3934342795290103,1.7291724305957807,6.9205144507802165,57.38794823338832,True,2.7148359145013816,2.3227580284802367,0.8555795273199207,0.4402928546315321,0.45157764491371877
1841,0.44071934234428783,1.5759313973233549,10.044152796997274,104.324741118878,True,4.487666506456827,3.1885116017994997,0.7105054703177897,0.5605105991033552,0.5454228170402304
1842,0.4280773243573931,2.132555913349222,8.398508921053148,74.3971846379894,True,3.2929863543403792,2.5929613654753103,0.7874194079357819,0.566401262034296,0.5799941827896804
1843,0.3898594199795231,2.2563829061137386,3.0822581757881,76.94843480510994,True,3.7306000731848994,1.8320233968903412,0.4910800838874966,0.6912853561406842,0.6870094401303382
1844,0.43588326633815877,2.220282085638093,3.642870987217842,99.48422657097962,True,4.443644019999033,1.6061995285206276,0.3614599912350714,0.7827386566125032,0.6726076755895103
1845,0.4150347142377947,1.5877157991913933,3.3602750158605286,70.15717829356686,True,3.2622055834530412,3.101356602427622,0.9506931807604961,0.424967043634477,0.45641269198122414
1846,0.3599748797905725,1.5191577613633886,4.6722529525433,104.30921584589176,True,5.257291682730833,2.726890521045379,0.5186873176549585,0.6164704435425388,0.6233763992752701
1847,0.3343970708883739,1.6380818242387907,3.6136959463114486,139.68436041366914,True,6.059018386742688,1.108476079377484,0.18294647888886797,1.341370080472145,0.7070121355978727
1848,0.4476866323042413,1.0564462607972858,9.360722831551815,59.949579387660364,True,2.5244753738632486,1.8838414583344134,0.7462308715063986,0.405156112657334,0.39993844797310096
1849,0.28073185730722533,1.3612604397055723,8.385000695758961,109.95037967970853,True,6.056046239869229,2.0795532485405666,0.34338463845439055,0.7769874829591497,0.6868817656591206
1850,0.30519932507312286,1.114558921425483,5.018393472735575,51.95680860430268,True,2.850227302743367,2.6203698138577236,0.9193546814093024,0.3937595072034781,0.4207344272260838
1851,0.4007389229518178,2.0297397410167948,7.720202999573642,107.52909771886918,True,5.018548241435167,1.2620195559048344,0.2514710420605485,1.186204638497514,0.6998577733837488
1852,0.36783992154922523,1.7955913966496846,3.751175064105994,127.14182309659586,True,6.058076684290257,1.2274072770000226,0.2026067580463157,1.3366208930630705,0.6904835981516881
1853,0.31093191157226063,1.421803754220805,11.69670903127335,61.077399432144176,True,3.1631127351665396,2.1895510256532913,0.6922140337619077,0.4564157811846892,0.47102664023164076
1854,0.296557482249792,2.1573417739023952,9.992692594641461,55.48565643713125,True,2.9732853502261953,1.9386926656885708,0.6520372037420098,0.655801273585042,0.696556318132922
1855,0.3790160221961716,1.3726016466597453,10.483586246470074,53.30766173879931,True,2.49248697316415,1.7226858517212695,0.6911513962836735,0.41461674802134585,0.41342810853623435
1856,0.29974135614819175,1.4326099555734855,9.395036741027502,64.30273151307034,True,3.4633032339365646,2.760842891919028,0.7971704195190888,0.4708896965376046,0.49059301695944235
1857,0.37013405287274365,1.4673032946730964,11.890837462885615,115.71584498592516,True,5.551897025351355,2.4150898704286883,0.43500264133156324,0.6860718395081324,0.6781089436074734
1858,0.3212491830952728,1.896899345779971,9.7899516847312,76.75546330470378,True,4.006219604469718,1.8526563882949953,0.4624450407631166,0.7225797357413999,0.7119595239347598
1859,0.41437739089126124,1.8847316855785654,6.778881286032151,60.71376439749287,True,2.7764948603056174,2.3907212343125694,0.8610573239272683,0.45510447978555923,0.46847125895418484
1860,0.42876019524008435,2.4521357928636016,3.5514302785079304,91.57306676319033,True,4.146081374291694,1.2214145538340622,0.2945949303859781,0.9245461306021405,0.6727331384250874
1861,0.3033708887687731,1.588259584106609,10.161788709314125,67.48837590718605,True,3.5978744955878184,2.758883283434432,0.7668092054955595,0.5141875636454802,0.5386299947595252
1862,0.410264821633353,1.8396331379588213,4.5838003593362675,87.74086250246415,True,4.0889912916251365,2.761838541685423,0.675432727710152,0.5649195134789902,0.5849098187448396
1863,0.28769943688785365,1.5350476157275663,3.8352209039699128,87.05576819257163,True,4.900750140065949,2.5415018858885534,0.5185944627355258,0.6227798547552426,0.6283514741655729
1864,0.3834678510676888,1.7163947491732032,6.684432459393458,78.50060938996008,True,3.79079110446113,3.1956095393998827,0.8429927820710517,0.5285826290369249,0.5278607713595997
1865,0.3931790205887784,2.2940706767933143,5.014807915321155,61.47922029185537,True,2.945021857260647,2.4536486243585913,0.8331512441272292,0.5512936454402704,0.5783288096466985
1866,0.3439240133472861,1.3412473885572367,11.103936042039793,84.46189126218309,True,4.227471750777139,3.227711785154935,0.7635087767438263,0.5054967861818329,0.5134399042437332
1867,0.4422835891160312,1.0745514399556662,11.719113331683516,87.98837130701065,True,3.711854916430075,2.7027819476834947,0.728148596465869,0.44899161307198776,0.4569043358265237
1868,0.41103995463589654,2.41190435734278,7.513063466973397,108.29653789071014,True,4.971090007268325,0.6760447879338897,0.1359952821102478,1.3395772316550354,0.5183606432306638
1869,0.3501691878901496,1.4122940619980033,7.232877219812531,77.40912482825655,True,3.929367540017008,3.4247520482001343,0.8715784444499459,0.4864534852133433,0.48959381862126383
1870,0.3591772539983993,2.1580627101921834,3.14724936476091,101.94040322180311,True,5.164721687255196,0.886551758633766,0.1716552821851909,1.360731434077271,0.6240868990721351
1871,0.28295004473867896,2.1431571898824666,7.0836783919350745,115.96912025127605,True,6.058215749843573,0.4058520852174867,0.06699201579738491,1.295162395760061,0.357732205166887
1872,0.4045113380398299,1.425233760343726,7.930264686790543,113.7200010340812,True,5.2686383430211094,3.0280141452258227,0.5747242357670573,0.592495717599399,0.6020222579066759
1873,0.44798021042759234,1.9119189038771862,7.250505272698337,96.67653007175302,True,4.1684998017187205,2.6163360624791148,0.6276445212736652,0.6090953765752039,0.6144395388782411
1874,0.40347675921619086,1.5516232915661434,2.03669120329369,60.663917728594704,True,2.890756251866405,2.8029911423590983,0.9696393947256391,0.391568095117067,0.4296942756196649
1875,0.4157023690224715,1.7772007034250588,6.679058873140518,84.81002942419343,True,3.881637099228223,3.1088603852748182,0.8009147444239303,0.542127493809268,0.5347548664506858
1876,0.3085997349390193,2.2181983259710307,6.515177731446035,101.84682760033981,True,5.500228248197005,0.47548693954553883,0.08644858323859654,1.318561830942608,0.399485494758562
1877,0.40506717093428046,1.599562269493874,6.121984066534637,57.80546696108031,True,2.6968069015655165,2.380650741679313,0.8827664822043163,0.42397927239283817,0.4369523060414604
1878,0.44149495415517803,1.2964762777040588,4.266418315999352,101.59193838369798,True,4.485129242158779,3.890939602662968,0.8675200629871223,0.46672073022955374,0.4660341247448545
1879,0.3939110170535408,1.1554956723979324,10.783186676710715,79.11411375408807,True,3.653480016181917,2.7748132036269517,0.7594986673902162,0.44908122700233033,0.4587968386880461
1880,0.2967399712600477,1.6874861513037687,7.342689473374006,102.91249079962212,True,5.637009047073547,1.2120869622390456,0.21502306491210982,1.3260974003715957,0.7001876948865684
1881,0.3959239070939541,1.1033273414809155,2.8260974333021185,89.20529204715717,True,4.279801039159141,4.070696121343191,0.951141439542939,0.4242628742885812,0.42921076479974296
1882,0.35264245018623985,2.4691207267138116,9.874445458074682,86.40107918095788,True,4.301120262389267,0.4977779643727503,0.11573216604183843,1.342191267254472,0.42337366710459134
1883,0.37023674126367356,2.2869658431750093,10.018331824814368,101.97673100408565,True,4.941052521570933,0.5851323499810428,0.1184226128798584,1.3266144790824472,0.47203527296464687
1884,0.3865468621076732,1.4763830165073735,4.144353670270523,61.91293645479156,True,3.011013131121994,2.8253747397964646,0.9383468675686728,0.41170282429811866,0.4429002423749857
1885,0.39619954355221376,2.0317123360772995,4.321757969357758,90.68107429493769,True,4.327918037306985,1.9908781120644594,0.4600082753192037,0.706777396629223,0.6857066004828494
1886,0.3488031830407119,1.3822709905380783,7.242340257720239,70.06754132603011,True,3.561985674867963,3.1015669189676873,0.870740986088513,0.4592266098326028,0.4708914750048514
1887,0.34382544856070213,1.1979946216712107,7.185578949792175,101.71979238069952,True,5.210679483543307,3.6016029493921486,0.691196409367906,0.5252660418213795,0.5138505945314633
1888,0.4364596419699637,1.1648341289355946,3.171584616994211,97.11862105708467,True,4.342003396256575,4.0788908517618525,0.9394029620700981,0.4361261596479742,0.4386752443365358
1889,0.3661645731772606,2.47350883066796,3.730728796374031,80.24479808828524,True,4.029544613170525,0.817629302971465,0.20290861163295032,1.3936576813683024,0.5795751937417952
1890,0.44856230689181953,1.857030134343995,10.234398437162017,88.45520010926006,True,3.7341616733977654,2.831475096310256,0.7582625884898705,0.5455769858513659,0.5557420087825151
1891,0.40398985998646303,1.952587099999891,3.464816825290982,107.21147537886637,True,5.051781448810073,1.6620459160047951,0.3290019437393285,0.796332825885862,0.6559863904061816
1892,0.35948297458391143,1.9945174972248956,11.911749347003509,97.43225346693399,True,4.7431607065892925,1.0736894689226508,0.2263658213037269,1.330002074735027,0.7442582503390835
1893,0.3480785689456769,1.2734805412405028,2.2499564265133665,109.58084673025141,True,5.6496216930085295,3.283052605390085,0.581110166978596,0.5204801950017983,0.5386554708526274
1894,0.35769826824930484,1.6944789605828139,8.1599093367477,139.8034863727652,True,6.058868042346942,0.9857917427451837,0.1627022961806131,1.3166668219688233,0.6557389546865262
1895,0.2951080242728228,1.697614800792068,10.46419757798364,129.25442077417847,True,6.0588412617336695,0.6269110523493786,0.10347045338665879,1.3030800434264411,0.49271224144635584
1896,0.3553478709255008,1.6282169561714461,6.309271401191333,139.9101038912318,True,6.058927002889532,1.1904713948143106,0.19648221446579056,1.3270611095131768,0.6910457507324903
1897,0.4138224711797217,1.410670463325574,10.818144362217236,52.25424222962161,True,2.28744259549923,1.4992978213710557,0.6554471899408855,0.40690878872857095,0.40504775212660826
1898,0.3199651986963038,1.5828916106587239,11.186919007635188,65.5750419537787,True,3.37670491973954,2.438363521380891,0.7221132966421516,0.4912610362978338,0.5142101412665285
1899,0.3476345613383696,2.4484722203986276,6.0279777612880405,139.8830000536148,True,6.058828964494491,0.38316586933706076,0.0632409119951168,1.3026578335206125,0.35070843423893105
1900,0.29224015699494793,1.1230116064144935,10.502436904917662,137.40917614465258,True,6.058980964938529,2.2482737974241194,0.37106467414804445,0.7351019392400668,0.6599630569886141
1901,0.28782872764962336,1.3397607732156147,7.82610696098687,128.97206669939186,True,6.058944968103717,1.570706906188581,0.2592376914557402,0.9826675903559168,0.6786109790381212
1902,0.3483975756225808,1.6248275782450599,9.091158237470747,91.9065995118039,True,4.633145761654493,2.5134525525102784,0.5424937357491482,0.639351263375465,0.6427635493740413
1903,0.3852582265254102,1.9574385521127757,7.482983793398276,78.94359803805841,True,3.7842675036971363,2.445910671817121,0.6463366211367263,0.6160214982675112,0.6167844482490956
1904,0.4179300286752,1.0017363760954743,9.69636895738288,64.49699498047873,True,2.8652761814172067,2.170419609826539,0.7574905427626241,0.4132782424409811,0.41431385095598117
1905,0.29314780972478993,2.0059435830498713,8.659467550512106,53.14378722219716,True,2.89317695055093,2.2571763787132486,0.7801722526108983,0.5369001475521102,0.5857620436585558
1906,0.37354952643658523,1.8917085806677336,5.730261508392674,68.40941468852708,True,3.3719437980255718,2.961646329498939,0.8783201936026096,0.5202699343616275,0.5352235729907755
1907,0.4275558406358803,1.8468712662085807,2.33745562912955,86.2384116700232,True,3.9290809495173944,2.9888426631695864,0.7606976546351644,0.5073096828199719,0.5327219889555455
1908,0.3542146108506097,1.1135672691346916,8.584418364498577,119.5698839625281,True,5.974575462298402,3.4272597887430685,0.5736407231560201,0.5609436611082264,0.5655792258034782
1909,0.33894776166975865,1.6427880759009068,7.687136890641934,93.00321773878602,True,4.790985687583816,2.386274760963738,0.49807595275183997,0.6728522122958198,0.6723880896778436
1910,0.30600737162854813,1.6413137654370413,11.71336421669571,82.86328501694082,True,4.370130648334018,2.256859757166196,0.5164284408811797,0.6578409321227223,0.6604711452828407
1911,0.37743598983782056,1.2488095876289733,10.034681112467695,134.9876749829598,True,6.058301505955813,2.780304343012428,0.4589247234194531,0.6642947890832414,0.6500217076850499
1912,0.30105304386382387,1.5807248077008458,7.060901087521701,99.44498995621737,True,5.424369051671611,1.8429486613055939,0.3397535535930502,0.8049409402947223,0.7007625060520692
1913,0.43839510035906903,2.3319695437394588,7.8989287208853325,111.5257207277605,True,4.8742092200897575,0.9228369964308869,0.18933060826098333,1.3441327017162794,0.6286074014363288
1914,0.29455256114275846,2.052417696652411,9.804288060375058,115.45020343726391,True,6.057608885910845,0.43500886323108856,0.07181197588422365,1.2892205463753852,0.37713086527460105
1915,0.33274906978477237,1.1920063852774037,4.916729650654708,133.0279159058872,True,6.0589323526637715,2.5819573693591225,0.42614064971759935,0.6218932797550836,0.5880233223165856
1916,0.3511326452240743,1.658161845045175,3.8611419619994707,128.5984464022386,True,6.058537591034119,1.37356942975024,0.2267163336219869,1.3387129562277336,0.6847111152791561
1917,0.28334623677782694,2.27911622337072,10.36504035295391,62.50217573569705,True,3.4152810809753884,0.7620887198084111,0.2231408489490306,1.3691644604632156,0.6337441388657368
1918,0.37962549536089696,2.1269488217846475,4.427660035168113,137.59121291523394,True,6.058669556703782,0.6450118904115576,0.10646097866451,1.327210624370033,0.5309810867047293
1919,0.40560744384329817,2.0755272569180416,5.635442563973825,51.12621927049049,True,2.3886160036831385,2.1140515008168643,0.8850528915309501,0.4378848694351616,0.45515166003875906
1920,0.4195702618363622,1.6077476499286143,6.982741572520972,96.85171697443266,True,4.396945763844702,3.2057279610589493,0.7290806239683638,0.5510015681781035,0.5386785610218348
1921,0.40673297658538393,1.234874196966465,4.712513569878945,76.60970509878125,True,3.5930859326126234,3.348651041795741,0.9319707640170054,0.4212694085744042,0.44613613215020953
1922,0.3786532060847859,1.7684735326346,9.934841414235946,109.69592947563069,True,5.2494592877588655,1.7331995322437141,0.3301672490889368,0.8545641040210854,0.745249141037172
1923,0.2895702898933894,1.620831406673599,6.653763383632301,82.82371371888009,True,4.607528902937531,2.350645978248518,0.5101749826788635,0.6616763704141086,0.663879711301818
1924,0.29943798942738414,1.543127311068237,11.459443074465714,62.66400597740412,True,3.3134633967946123,2.3479479039852023,0.7086083722115557,0.4852222414395255,0.5077138174942553
1925,0.3324313961981932,1.3071038195298095,2.9872372705652483,131.46609660410633,True,6.058931685149838,2.235319390232524,0.3689296242951854,0.6630230884581256,0.5928833987852462
1926,0.3410786688794818,2.040617893986153,2.8440952369195935,66.89916430926186,True,3.507205036556754,2.2936192622842846,0.6539735311671645,0.5853518453313455,0.6091992364330587
1927,0.347883292416927,1.8837504016715092,3.8428258913825175,51.98992962570589,True,2.6918283802633094,2.5231908814479,0.9373520615014418,0.4384641827896667,0.46967029476711053
1928,0.3709987906716212,1.6223231716202695,3.663631556405207,107.68796216487088,True,5.346783276394465,2.3386569689041043,0.43739513049445083,0.6619753701491091,0.6290217848227151
1929,0.3893491069010989,2.0741268393370746,11.061154441465913,89.80529947401477,True,4.182793117777047,1.5950636513327319,0.38133936018820636,0.8073552675777802,0.7596835661779213
1930,0.33591332976981275,1.4433523866675269,3.814716094829775,50.02703497736589,True,2.638477628375455,2.4856475048738638,0.9420763997170252,0.39583715894681504,0.42565550553915044
1931,0.32276718771289736,1.1444551174844468,4.419410622646215,129.32303227248443,True,6.058891156019137,2.84527854955523,0.4696038394300284,0.5872406598746256,0.5749294674725873
1932,0.3746389974974519,1.731135973069229,4.1017253233657875,131.20528271309604,True,6.058361739467397,1.346906663007434,0.2223219280936901,1.3368106798548443,0.6853576524485505
1933,0.3097215768924303,1.0133193058896077,2.5558833500707165,102.13714967236415,True,5.574996652635125,3.8955004840501086,0.6987449009873088,0.4642019258216479,0.4643165595154204
1934,0.3892472292624235,1.253919733605522,9.829540664065567,96.10517723111747,True,4.5213592086646415,3.655198612944673,0.8084291568650251,0.5039284927670455,0.4935584625491134
1935,0.4346568465387225,1.7736566183548799,8.590918791441258,56.934011689293065,True,2.470852776661079,1.9140129761526994,0.7746365927714843,0.4294085829324201,0.43309928354581473
1936,0.41142812381260707,1.3850629135733419,4.277292750197226,125.93099227864444,True,5.82813056406377,2.996301547673323,0.514110230499726,0.5859761404117094,0.5911557442733426
1937,0.2898355344248027,1.5243911148653884,5.265715759111982,114.33797522765683,True,6.058153661611598,1.43289523416465,0.2365234218544845,1.3291425470920566,0.6807354805041186
1938,0.3758032604523081,2.3103634504570065,9.387877566162587,95.99409499090584,True,4.625677094859486,0.6648174223580336,0.1437232666103834,1.340235634662652,0.5173802239095981
1939,0.368049762685526,2.291479010080593,11.48826066587203,113.96455539355277,True,5.494330080727221,0.4843517418214292,0.08815483138161244,1.3017455953630792,0.4128519521788676
1940,0.3362401273777647,1.9037934491997466,3.908726448854724,59.66234539728833,True,3.14172448073514,2.9022673687143827,0.923781632193054,0.49192520787987837,0.524377956704221
1941,0.4442510396529337,1.2984971020882436,11.116362214738228,91.15801387326081,True,3.8556456661671747,2.911451085048712,0.7551137571059353,0.47100583387327344,0.4782516472429337
1942,0.4047818914312503,1.6969814368052276,10.429738925224589,98.19083174860661,True,4.483781007788505,2.6413826890481293,0.5890971669802657,0.6147591157894428,0.613094140188184
1943,0.33660250571091144,1.557285533305081,7.846579742293913,72.390757729672,True,3.7368907792573394,3.164070119968182,0.8467119610589747,0.5055011140924299,0.5136219199474286
1944,0.3286879589713602,1.3788447701901732,11.313992220361643,132.7231994352586,True,6.058742586251556,1.6508910004445214,0.2724807956341813,0.9305307429400509,0.7043155494194546
1945,0.4121101174292687,1.1715290079333585,2.4774754263141467,114.87996548229567,True,5.346844809059847,3.7059205469741943,0.6931041912222282,0.4731904489344867,0.48416929754203464
1946,0.3019827909791163,1.78677614920129,7.4465343098267285,88.88690236072142,True,4.839237505419078,1.4898575004573253,0.30787029956453926,0.8886639117929125,0.7394960315530654
1947,0.38807404903642534,2.1000707201933864,6.546435600716664,101.14247444176442,True,4.845971278583783,1.1604885367445326,0.23947491019461448,1.353639088983797,0.684858631257621
1948,0.2859349678462109,2.4269406775827864,4.476825798904919,135.46691006644932,True,6.058752048221135,0.34114668844373836,0.056306428407793964,1.2912361090701316,0.32080848529753636
1949,0.29893432623234933,2.110093001995488,6.163102244464627,78.60779884769482,True,4.324315309236572,0.8714405915062812,0.20152105690464278,1.3658190061298243,0.6382475256165656
1950,0.31891341479528645,1.7343968714991977,11.21822917712517,104.38324704374503,True,5.435293781923931,1.1517378198076007,0.21189982842103525,1.3144332115142214,0.73582125539339
1951,0.38453106031499706,1.0347354316966233,5.926094832962238,83.7797258637971,True,4.05403019188867,3.6957023434465794,0.9116119437987819,0.4343763416025066,0.44342424589193374
1952,0.36092466825224345,2.36722704204283,4.93433528448363,55.14850458357978,True,2.7829304466425957,2.2211348360151293,0.7981280447359969,0.5668662001865892,0.6048996877149224
1953,0.4416953804167259,1.3148119877578681,3.2122296445155434,117.75567261888307,True,5.199366680478967,3.4985858747602436,0.6728869283052668,0.4985950948606632,0.5170550199461572
1954,0.4156129024141222,1.4465055042416768,2.100135959732155,84.62949364129905,True,3.9387089229816166,3.762597033081067,0.9552868989955134,0.4343263788118623,0.4519014561081507
1955,0.42656990163657693,1.4533164705640602,3.238412225530562,70.4636121140736,True,3.213532985524093,3.0670322769608505,0.9544113257205762,0.40875917967981357,0.4430963161500898
1956,0.34936103098865173,1.266094860728724,7.4510486236646285,102.68840356740407,True,5.209935386032893,3.388839802525854,0.6504571652867056,0.5457487983883569,0.5434518018085241
1957,0.4457666301421043,1.8893607036677578,7.415164216779919,65.08913055545415,True,2.8045656498530387,2.356937669884947,0.840393117561164,0.45616530097456254,0.4662655395886892
1958,0.37196233994928757,2.109480117160406,6.636981896186092,88.23481041889877,True,4.3401656261651524,1.4040098495475726,0.3234922282880978,0.8853867346837907,0.7330187197812656
1959,0.4172528374401907,2.274460929413689,4.97629319313525,71.40527573679714,True,3.2856523058759355,2.3147549545779462,0.7045039277096747,0.593732906486057,0.6088228817908523
1960,0.38201052069557867,1.0987983795858336,3.3246506778701264,94.07300594698276,True,4.606589968786105,4.143634974933772,0.8995015842544529,0.4423281288790246,0.4370456313025586
1961,0.4024758990013093,2.1367925019518,7.397464068034758,72.53211381699393,True,3.377886618605219,2.450090388099003,0.7253323348995896,0.5984447703681797,0.5985686407732529
1962,0.4111367253108943,1.6437226109388208,11.332265003292989,108.68721074382874,True,4.887051211355487,2.4662755137312584,0.5046551400977042,0.6462867131586787,0.6464234571855592
1963,0.4009905946344543,1.3753874145911698,2.283693718241946,110.1293570356209,True,5.227154986713446,3.3197699615540284,0.6351007326150322,0.5064190543404856,0.5302669030396965
1964,0.44037826596427204,1.2825683286917702,8.915792057016235,66.03164633634219,True,2.8392501971453297,2.236466550597675,0.7876961857205427,0.4226540198280726,0.4260941852498852
1965,0.29873290575343675,2.26972080960191,2.3643637119085765,115.81250191429154,True,6.058197049303146,0.4546864197317839,0.07505309187394044,1.3154931460732482,0.38756903459925196
1966,0.35286656119150395,1.1781519243518561,5.704913534877926,109.03170785005999,True,5.533330595482503,3.523621167943466,0.6367993213382561,0.524732396338389,0.5365041512165396
1967,0.3324799548305323,2.295479337205234,2.7048328584364407,69.43805007109428,True,3.68680911998995,1.285328451503103,0.34862896604384186,0.8345021274536557,0.7009674154944601
1968,0.3514627886401862,1.99218737372846,8.642290268839034,103.76943341081196,True,5.216541909672085,0.8834000446646934,0.1693459115178899,1.3297501289029308,0.6205488743438652
1969,0.4157749013565334,2.0269170810105193,3.0501474166812397,55.3123216867263,True,2.574717708570083,2.4509241509869244,0.9519195610566916,0.4226294651742637,0.45586800777909575
1970,0.38146676396223,1.4784779427980326,6.748352938919441,79.53311839465793,True,3.8522614227280747,3.398317017927214,0.8821615786190884,0.48389522050100453,0.4879857937654597
1971,0.28373491689721186,2.0834802155067464,9.408509827262264,109.79512944638813,True,6.037491084487438,0.4201085938525513,0.06958330670366814,1.2866607152925633,0.36764786793626536
1972,0.3557599788858479,1.1540056772462317,11.732322529529828,130.23901514121434,True,6.058151545548383,2.972921933199465,0.49073086251597836,0.6263004860256118,0.6254136894105939
1973,0.29129623319751796,1.4723877330816415,8.828082751603903,106.80548530766617,True,5.854320723484933,1.8174480888982156,0.3104455964647481,0.8414691262972736,0.7117441687125785
1974,0.3755753532601592,2.105444467984399,3.5802078759812677,66.32127208325923,True,3.288647255340923,2.5326831478295757,0.7701291598593845,0.5493747084876426,0.5712391113734845
1975,0.32935448732782846,2.3712822776507174,4.660274172412702,106.04017902924036,True,5.585711089070392,0.4670693066712079,0.0836185938053843,1.3234823751184588,0.39897490001388336
1976,0.44974884426698847,1.7648593066608846,11.271905950355135,75.79270044986556,True,3.1466735213839168,2.2217758470768625,0.7060712946475993,0.4737573898469467,0.48797202082209745
1977,0.39759673292019837,1.100228369743128,3.350076207349841,105.02865556968216,True,5.006083548573147,4.029959010268695,0.8050123357244665,0.4588106798171836,0.45349136381748556
1978,0.3497500709901601,1.5048449696855795,9.41549759626747,132.53088280542983,True,6.05857033973888,1.477985792979739,0.24394959703371855,1.312731129200643,0.6885245647758471
1979,0.32684478795465755,1.6922117822309595,6.975351167501863,106.36573247638668,True,5.586336309791526,1.4496546011509894,0.2595000588507512,1.015830344602331,0.6976731667877067
1980,0.38415461236906623,2.0639542930981247,5.765931659616932,81.60908363256547,True,3.953235124984281,2.0736414655429556,0.5245429123194895,0.6843636597322638,0.6916496571343349
1981,0.43233312870538293,2.3131046713963594,2.0440750845262254,91.33518304392868,True,4.12608054718446,1.6690692786775185,0.40451689190034157,0.7242643536112627,0.6594365885562667
1982,0.3883745961186782,1.8252303602838276,9.00351973136096,83.94992152942035,True,3.969052087426054,2.6827853802648227,0.675925969518989,0.5986898642344807,0.5912178908810164
1983,0.30498404969736087,2.328122016730463,4.03688570414989,60.51624518178,True,3.3331233963757683,1.249048398264797,0.37473812089373437,0.8091226835137131,0.7245342619786617
1984,0.39082174863488023,2.248578365124394,10.333925903176372,118.82197170727562,True,5.558946312572628,0.5844711979279089,0.10514064447897521,1.30848697280814,0.47242167896030995
1985,0.2888257462467701,1.609477970230615,9.136560565672031,78.82188480241936,True,4.333518097416154,2.4778015979564008,0.5717759894515687,0.6276478175576621,0.634744809170201
1986,0.4359242311259841,1.2330618197654022,11.670336425634174,109.29137543382576,True,4.694523175727005,3.560530889316862,0.7584435641358762,0.5100769469958535,0.5042114877616823
1987,0.365655608065388,1.9233217553619562,3.996723551923678,131.82737243615878,True,6.058531975790799,0.8798404993749238,0.14522338132251605,1.3330853336997293,0.6507408886828552
1988,0.4043646275545659,1.9667060947852963,3.600811602439962,107.16449610360627,True,5.0447218127122895,1.6237415753408515,0.32186939847687035,0.810934214197836,0.6590570846579742
1989,0.31235440061244374,1.2503077364931072,8.654475970500593,117.5926516623389,True,6.057734115509367,2.716301685135881,0.448402262849643,0.6682883695480468,0.6494960517732995
1990,0.356997937471217,2.4480554210982017,5.381544464102152,77.05804314029513,True,3.902730013950464,0.8006947781781016,0.20516273872801508,1.3856776872608902,0.585914859766691
1991,0.3420363346601088,1.2596394016294257,5.177448563654118,68.00681944948482,True,3.530557428649243,3.2554944364295313,0.9220907752448179,0.4281950097821383,0.45112783474132945
1992,0.43528758074186297,1.3742178775006797,6.251815048092528,80.36824892913006,True,3.5624817691355126,3.197964025184404,0.8976787061454734,0.4449496336546255,0.4594573803176454
1993,0.2942353793311127,1.5399894184305367,7.556100353697259,50.54452114234197,True,2.769836342079463,2.313584228649574,0.835278313560087,0.43741926011525845,0.4555383874535175
1994,0.43216369496523305,2.2720312353901373,11.950484521226706,80.67001918917693,True,3.4466929544617066,1.9320489802704237,0.5605515216461063,0.6703285883071768,0.6850883423228926
1995,0.2808161404022823,1.8288278622490213,3.290365306023214,116.15122238232568,True,6.058531525522242,0.6830844786038694,0.11274753225699984,1.329091014640043,0.5405825516640252
1996,0.4208646930350384,2.016098508377544,10.245275229319446,87.08237863399327,True,3.8632768722738113,2.3125907351051094,0.5986085935756363,0.6361868361625058,0.6396664085614892
1997,0.3409733788340674,1.6211070398002378,10.50719411789418,75.15751428745648,True,3.7852724368968786,2.8636426627053413,0.7565222082278763,0.5321033722417519,0.5507253576070168
1998,0.42857201540628964,1.1403520272276364,5.674722481854814,110.77974018265019,True,4.973957108471171,3.961689564236888,0.7964864750220131,0.482212377861861,0.46892981118394816
1999,0.36558349732037776,2.4058906486806526,11.998838769210037,125.87215674292997,True,6.0443675880605126,0.39691540215586407,0.06566698606151854,1.2777122900326052,0.3597306638878046
