sim_id,eps,b,Rp_um,L_um,solver_ok,Q05_Ah,Q3_Ah,Q_ratio,dV_3C
0,0.3332292137358728,1.247170841170186,7.755707010400444,92.40361843869232,True,4.800580557788396,0.9556197814380724,0.1990633778424336,1.3570486208556285
1,0.3275069949254295,2.4377682832362724,7.781194301490049,81.68962710626255,True,4.276321282475506,0.1787200966786546,0.0417929535395422,1.354385690051716
2,0.3950791103412225,1.5104122105465785,11.268146009878835,81.23329557550181,True,3.731401296427296,2.3797299338480227,0.6377577067699854,0.969198508854165
3,0.3006852714647932,1.041382928790047,7.272782929005863,77.66477425751968,True,4.242805673946792,3.7566028814057,0.8854053591172816,0.4530885681289835
4,0.3204978602931037,1.152952137057922,8.330861844140037,88.8065751020395,True,4.688762243117707,3.874332896058147,0.8263018458112263,0.6753782948000144
5,0.4037805625420927,2.106734105523903,7.085146509878026,135.9998095495405,True,6.058136085277677,0.1955151603689403,0.032273154253513,1.3148723979553385
6,0.2874988374027487,1.678604020969111,10.412666394981365,103.90802883053956,True,5.68398598178585,0.2088027245617923,0.0367352638150224,1.311033874497642
7,0.4220218853931742,1.982737713285068,7.691276189220461,58.37146206204046,True,2.6139155649971317,2.144820382045624,0.8205392747825723,0.4711672137914982
8,0.2874523048445583,1.4497221552204738,2.812652220943621,89.3214737888412,True,5.040606850656382,0.2915562349904235,0.0578414948097881,1.3802949456837657
9,0.3561489566720465,2.4973932213053303,2.6388654532547458,112.47485837023928,True,5.712541665782972,0.1706883983284852,0.0298795892117296,1.3386735632054938
10,0.3592678420868959,1.7906254913529565,6.586498674489989,129.4559435011378,True,6.058504938451224,0.2066386416980692,0.0341072003402366,1.3210914833025131
11,0.3215792579168814,1.233396426731877,10.28306260810485,90.08202523532314,True,4.69613240446024,1.385329475622622,0.2949937004133187,1.3021389652652506
12,0.3239719878821621,1.766395185637293,5.374000458987625,76.5046686978612,True,4.074598187356291,0.2840005680958444,0.0697002636915498,1.3904364590447842
13,0.3545631114279123,2.390001361857556,8.341474173106867,106.214867193604,True,5.31783389970085,0.1773630405867159,0.0333524972633487,1.320135686454083
14,0.2861659921590793,2.214573444103036,2.8993010150093617,102.2398461466909,True,5.751561244689048,0.1679488772747778,0.0292005718325368,1.3321938211124076
15,0.3119881857482478,2.1148966778453926,4.922173819467594,129.5255750514163,True,6.05901543688814,0.1695361072727554,0.0279808013428379,1.3158043024845023
16,0.3248260489428,1.0970848154495063,2.7572039641962727,70.77632224558718,True,3.801193328563258,3.657828582404529,0.9622842792337224,0.397482832418333
17,0.4419223804840617,1.5651724619580758,8.223927076635903,115.6366162110324,True,5.015646031447631,0.3208868837926511,0.0639771789677183,1.3468581310825467
18,0.2931874607387722,1.050074545385601,11.234708486291556,87.78733772485901,True,4.739931033577072,3.7185829496357248,0.7845225855173321,0.5088487746526043
19,0.2886450445305898,1.676003562613955,4.077214839238294,136.63472458059022,True,6.059164620537947,0.1860267876492305,0.0307017219863411,1.3327761480639837
20,0.3759935333490722,2.24619520985392,2.53592989807667,62.09748621860415,True,3.08877960188854,0.2920485056103155,0.094551422649823,1.4517433812060037
21,0.3096630694737836,2.494682464104418,9.63138820324702,77.15921552463868,True,4.098756199717526,0.1711952775874011,0.0417676166245748,1.3460322747711402
22,0.3660912918987821,1.2298742164186725,7.654238439486433,56.1336655831215,True,2.7608812614832607,2.302910579823682,0.8341215581964082,0.4160947883454513
23,0.4072070767165762,1.6739642340804275,6.063492439554261,118.77663728330964,True,5.514192774266231,0.2613633917472328,0.0473983051457631,1.3426815425581475
24,0.3534942459281029,1.545934262560513,6.109409970489397,57.92171460509528,True,2.938626150038466,2.6162077329404587,0.8902826012441948,0.4344228709276723
25,0.4393827706412898,1.101475219649642,6.788670650192702,95.58638706301936,True,4.196081210783572,3.756716698485692,0.8952917042766593,0.4508333131304782
26,0.3354388061731629,1.9722123323581309,11.80775319248928,81.03774912971697,True,4.081640371415961,0.2239330822693888,0.0548635014092886,1.352830121608008
27,0.4018818067682169,2.242073048202592,8.367721118550833,59.12589364858422,True,2.726716278046881,0.376433134780036,0.1380536500297974,1.4166750203799454
28,0.3388789936869472,1.0460655853232936,8.069116136085304,134.47145235721584,True,6.059001180272031,0.344495435112172,0.0568568027736718,1.32434151198192
29,0.345045525839964,1.8807104027830368,6.882839534801125,66.9367711021684,True,3.4281179612006447,0.3212379447435411,0.0937067943341811,1.4028384598586645
30,0.4273403516726424,1.634762615048834,9.8945777783943,131.79128866690232,True,5.80953927327663,0.2580653013377995,0.0444209582203665,1.3153439687006454
31,0.4387764627952217,2.1816295068855664,8.498350693938336,82.93349641150103,True,3.604820053027498,0.2733985605150759,0.0758424987914342,1.386688271544939
32,0.3015812107477436,1.2403092665708666,5.809147035157316,50.948369594673046,True,2.7966818979911525,2.5089767532571967,0.8971262534574942,0.4044466381420974
33,0.3845856098031255,1.417489847646599,7.202045422542593,102.06397382580366,True,4.905631141856478,0.3748260036699126,0.0764072945623188,1.3561485692175133
34,0.4349585224668745,2.0196382724222928,7.661086323863749,94.14127715000348,True,4.145765815979781,0.2772100956197831,0.0668658356319311,1.3737359200614856
35,0.4474936340418788,1.730131969754234,5.445310867725125,71.84427223764308,True,3.1274863156148225,2.8458668993295926,0.9099534297307174,0.4467486432059719
36,0.3720997534009101,2.2500497682526808,11.793342155013288,82.06156974188877,True,3.899811424569286,0.2117057061385281,0.0542861392745188,1.3567863302057592
37,0.4154526925258741,1.6772337909400896,5.300868540379028,76.23967276526722,True,3.51412030076802,2.833631287560552,0.8063558003239828,0.9367725426472902
38,0.3778230788274351,1.7668344728923455,2.2644571212943228,63.06474919581321,True,3.1303001997469653,3.014124317592884,0.9628866643002888,0.4536536008466996
39,0.4412210951283737,1.815505433023981,11.961365026928563,107.8804108628637,True,4.57782477572956,0.2710181361402141,0.0592023831006118,1.341131120736497
40,0.3748508420195937,1.0788129911161468,4.603848930045526,64.03831643497207,True,3.167313655903145,2.9565529369746164,0.9334575789373688,0.3868904801538075
41,0.4423878375401017,2.003971808287103,8.170851051284338,99.6436286837571,True,4.319091866313946,0.2719310094529025,0.0629602281844903,1.3653705701130336
42,0.3341180431941101,1.8685353254536976,5.588545410809299,75.22182242918457,True,3.943056384270444,0.2713575392968109,0.0688190867316289,1.3926721100079158
43,0.4440282429673017,1.8850479673224636,5.314176960912089,133.87797902212736,True,5.833762513947928,0.2323611735365016,0.0398304135591652,1.3362520598822183
44,0.3340230167498997,1.227255718326958,7.745541613668726,60.09131263912444,True,3.109206244048514,2.6297301570062093,0.8457882657478596,0.4277825488705571
45,0.3216592826382753,1.8588299150202263,11.817405708198066,94.04078319266762,True,4.85352609487441,0.2140024744629959,0.0440921652175712,1.328931819045112
46,0.3572843789432706,2.3742537540526243,3.188131711355632,135.54074899993725,True,6.058958876586889,0.1681583828640804,0.0277536762155426,1.3245062479474077
47,0.4478965228830354,1.7573031546130575,11.61531593424733,78.78915632412475,True,3.276934917573953,1.7055556010643789,0.5204728332923592,0.9757843232339534
48,0.337364565575745,2.4386266654959066,5.0342335784168775,69.9269329261329,True,3.655844091673559,0.1987136061165927,0.0543550548474364,1.3981161076247337
49,0.3586590524627208,2.297594078469372,6.754017826671428,115.1460354347195,True,5.7580904499614345,0.1799674383010653,0.0312547084602102,1.317331797363576
50,0.4310639205887495,1.981021130180454,9.737496294068988,121.2735246123852,True,5.319115197367847,0.2293176480709881,0.043111991292173,1.3266014657070442
51,0.4175288154155448,2.472077757977501,7.7093408889110675,133.39950535968742,True,6.019810292907627,0.1816367605162903,0.0301731701961255,1.3059275557713987
52,0.3138196442371066,2.0278702525512844,3.9615286878217857,109.05884975258505,True,5.881474223972522,0.1845522580259727,0.0313785712557829,1.332698902512942
53,0.4103730190696089,2.1423969066053634,10.291422964351922,105.3617457198238,True,4.772349509861662,0.219792516581869,0.0460554106793071,1.337877331507432
54,0.2983488600911176,1.917157184647262,11.945362187244967,106.90710898127789,True,5.707607204085598,0.1855670228542098,0.0325122273167953,1.2992366862413367
55,0.2876244193611986,2.4171335619659864,10.731685678936184,121.05699695343289,True,6.05847197116838,0.1510488528443571,0.0249318398373686,1.2627268098739337
56,0.375770652070715,1.028556393678016,5.099875702543069,108.9250160880953,True,5.346796782734967,4.395545678149393,0.822089534493399,0.8017875049380514
57,0.3352811121155071,2.094920576947187,6.0792983020146805,124.00613985563076,True,6.058424658166032,0.1795750669955786,0.029640554620669,1.314323063823858
58,0.4108178702874678,1.1105529680850743,3.715334883891999,100.18380375879742,True,4.671203485964664,4.392289174242777,0.9402906954150196,0.4546185500729502
59,0.4215702725638678,1.3579114274130608,11.004910816080114,79.06508852014554,True,3.472380494256985,2.572328316253671,0.7407967878255503,0.4571452997837757
60,0.327529498567735,2.385402387183756,5.663836796290168,51.281115368423045,True,2.7112879347391563,0.2398350784110814,0.0884579890383922,1.4306140513918146
61,0.3394484886552405,1.073599195784668,5.261984464213306,133.9964342793827,True,6.059055717680296,0.3413512552432782,0.0563373685848797,1.3386181547531546
62,0.3090381943563104,2.48468058843522,7.516740344872101,98.65096292157114,True,5.303170325588015,0.160329026946655,0.0302326753815657,1.3115937368166573
63,0.4464764187650235,1.2173141203277864,2.8038166881850124,52.756429357389045,True,2.330776842609972,2.2364075797952943,0.9595116696332868,0.3598024599158984
64,0.364760591655109,1.2894210414401095,11.429667205715225,69.14325048513096,True,3.316517976049133,2.372323110820063,0.7153053678443013,0.4447517832877841
65,0.4124175752742436,1.9908815018571575,7.55344832663038,107.09852576301628,True,4.905826407648093,0.2366930300435385,0.0482473309032171,1.3491862105934644
66,0.4408267175098386,1.7093758512079489,10.553576399588309,106.87308739721637,True,4.582448842841973,0.3002967560661294,0.0655319385693107,1.3477308312380858
67,0.3078701833445885,2.4069841389877475,4.334723022954179,113.8471411338079,True,6.057260052744473,0.1604162236241273,0.0264832980963801,1.305533688736587
68,0.4163354625357267,2.0585566421379164,4.121596427366002,107.58228662944256,True,4.956973316909735,0.2301917410810606,0.0464379625155146,1.3693366577256687
69,0.2865179707567591,2.3556216053222334,8.680624975288827,53.696699076793,True,2.950686807240813,0.1996256551238214,0.0676539626753851,1.3984627096742606
70,0.3997613046197289,1.0066138761928023,2.613816275644478,59.84377755908755,True,2.864853837624433,2.766152996486272,0.9655476869912482,0.3645955749020353
71,0.3178614452246019,1.8786878031807224,7.019753729400362,133.68318736376932,True,6.0590558302294095,0.1827533743778965,0.0301620218559658,1.3142057801390594
72,0.309875480999359,2.499923746072822,5.530832707231058,89.05766171600906,True,4.826454673970941,0.1650900119884227,0.0342052340983854,1.3409496020666336
73,0.4380213884411335,1.4656756651438152,11.600782125242011,135.09938060852326,True,5.79232797709831,0.2859023896852985,0.0493588054432861,1.3104452908991528
74,0.4006167364921501,2.081648480589795,3.036102612296143,98.4810882525802,True,4.677836921352898,0.2313915293118796,0.0494654972377612,1.3869187640351113
75,0.4341237853098608,1.0921490858436902,2.292319659820262,113.11185997084144,True,5.075359604783086,4.515361880147381,0.8896634389988928,0.6398298310883224
76,0.3174121063677496,2.198152900475805,3.763074552519498,100.86621965279431,True,5.427023360533152,0.1797367332300347,0.0331188427411481,1.3449441080484623
77,0.3838473506180124,2.0476451736917847,8.422610613629882,81.93123997841323,True,3.915538942194462,0.254394778359835,0.0649705652569144,1.3757142779023908
78,0.3155952315550551,1.6034743661424136,9.47316803775087,139.17526269960143,True,6.0590901658045215,0.1998579992728106,0.032984820130379,1.31050976308213
79,0.4347527455532232,2.445485692490908,6.888515617627144,132.8023013932978,True,5.84840686721088,0.1887164560409476,0.0322680108148746,1.3176895438243277
80,0.2850221104183393,1.3251393171787749,9.723358193974976,72.25090543445765,True,3.974705704178911,3.19534585079982,0.8039201109758415,0.5238631586446889
81,0.4021578723584542,2.46726055949458,8.905978040860266,69.82102749757703,True,3.2162841172180703,0.2306493483423214,0.0717129892560057,1.3942960403243123
82,0.3304362020015123,1.9545338832893635,4.401325534188448,73.84089179330934,True,3.9103453008269806,0.2517090607022293,0.0643700341882842,1.4017686011311468
83,0.3817709421590504,2.2031044606987558,3.974339485813492,70.53735291167561,True,3.456980837767595,0.2657639166178857,0.0768774630493778,1.4222620001986717
84,0.4136119168614005,2.3419557132787965,3.849577533905882,94.14788270797848,True,4.3691480119004185,0.2172755899518464,0.0497295100463624,1.3880890683029603
85,0.2948633203259468,1.898530839815568,11.480995579119575,57.353284309799015,True,3.0399216557170408,0.31278250172925,0.1028916324672428,1.3897797422146478
86,0.3549034769511065,1.1051536638707626,11.810269864685914,72.89359774907723,True,3.547998200180938,2.5400662270853918,0.7159153087946479,0.4401007742064622
87,0.2917648435488946,2.460928713101827,6.59191917149988,131.71229189131583,True,6.0589647534432745,0.1483516887411379,0.0244846594720377,1.2740205018682
88,0.3822069791980249,2.4583206771144743,3.887670074235094,114.5964815701019,True,5.574760773452407,0.1795509736964088,0.0322078347382096,1.3400371724140614
89,0.3464050665118494,2.159650566462616,2.132539233922123,71.70801829513148,True,3.733385883178253,0.2345019482175487,0.0628121377096749,1.4286582570882795
90,0.3636458449199664,2.3619101998086243,4.564414482170499,135.22605309446402,True,6.05884652764926,0.1704313735914135,0.0281293432361519,1.317840749484605
91,0.4207040816207715,1.1129360437744071,9.11612839291929,55.05479458640112,True,2.434700902537452,1.8258426786236992,0.7499248374700979,0.4031005947248078
92,0.3889416407905421,1.9248262250894788,11.631187339264644,60.24782592765904,True,2.7493901126102767,1.593165307274279,0.5794613503435221,0.9536105390545004
93,0.3475440436784894,1.0170141700148467,3.139211941756875,58.0933497482356,True,3.0167667992159544,2.89186183441567,0.9585964136065316,0.3703476068249784
94,0.342990429165613,1.220921571972101,10.793083400886111,115.21716414310951,True,5.801418924913148,0.3249034685826304,0.056004138433684,1.314547863470397
95,0.3985279955894535,1.797297895009871,10.906098492530454,79.76842836961438,True,3.6513357171978655,0.3741034035132937,0.1024565891739998,1.3749787576724892
96,0.4129930094447541,2.1190100263413068,8.111411198819981,134.82719624029983,True,6.056643062650753,0.1987069205285803,0.0328080949253783,1.3096483530492011
97,0.4108049293209366,2.125862099740607,2.776814630580044,102.50951352447493,True,4.7874460985713885,0.2264261293307096,0.0472958075493063,1.3851553654385644
98,0.2921899980700026,2.369735427726171,7.679938486570556,97.09455569171712,True,5.342845159882691,0.161267442253219,0.0301838135726096,1.310695074936914
99,0.2868998410415483,2.295028480730992,4.097707259591007,52.90509586428195,True,2.9901463495396183,0.2176036828186646,0.0727735894439308,1.4314734681526522
100,0.3129543361717274,2.2645611685783638,6.566093529822842,101.43002352150518,True,5.443336410916019,0.1736434521334924,0.0319001874999438,1.3231507070997974
101,0.3566702520540838,1.9368405999817693,4.75858045781068,124.70733965391526,True,6.05812704595877,0.1968973560960263,0.0325013580273744,1.3282176239547372
102,0.4429359543397909,2.1407506714521443,9.026671576319464,122.64574437429984,True,5.286013065494988,0.2187216348593521,0.0413774298605277,1.3293058826194324
103,0.4406423125382064,1.7110772249508277,8.549855002483977,105.33916273738814,True,4.572129754303178,0.3093023238465383,0.0676495070061015,1.3575767976870772
104,0.4477778431406108,2.178417424044481,5.764008978863935,101.2590212797791,True,4.396091038104969,0.2470130166480196,0.0561892405109289,1.375934561816814
105,0.4257192171316571,1.969722877967129,9.099972850829356,57.01767539373435,True,2.5020157466458293,1.8832273944653897,0.752684069630665,0.4590942490498495
106,0.3505834963598999,1.9023988886418557,11.748807235896864,97.66177660206846,True,4.827513347865798,0.2206924850028335,0.0457155618431173,1.3308056005482531
107,0.2940201352850869,1.2191492771097687,7.715361022849139,69.94525512204031,True,3.846633845419957,3.3328613614771143,0.8664358229586703,0.4621259370281745
108,0.3427556597333618,2.155121514836009,5.324799243502264,86.44091980501764,True,4.472457345238553,0.2064646500090447,0.046163581689348,1.371373722292474
109,0.362694381487259,1.8883716017573555,5.961274059358356,130.34164946699406,True,6.058543224146961,0.1992086733315576,0.0328806226119821,1.322822020620858
110,0.3875376538565203,1.0006335902556691,3.4113268945403243,107.5013131329109,True,5.204866500336067,4.522849817092294,0.8689655761200146,0.4698625017216278
111,0.362256985506138,2.037467571477039,5.220098976075507,118.28248053773105,True,5.908226694451306,0.195807842247621,0.0331415587745665,1.3280375473882606
112,0.3158653674732257,1.0617877682725545,10.5147882472421,63.415213442988495,True,3.302640359272675,2.4837041146584284,0.7520358999080975,0.4270996249256469
113,0.3456446858457664,2.355120154115183,11.63954139497088,106.73674100470038,True,5.321957992081464,0.1728039269076956,0.0324699907749761,1.304935065181326
114,0.3355066976897379,1.3829060795181565,2.116079595258293,131.10636162460514,True,6.05905641458599,0.244810413677044,0.0404040492324367,1.3548052759357518
115,0.4241113448822535,1.4821411523090011,6.52526987773221,128.19643958153682,True,5.766758627889267,0.2970125826039531,0.0515042507878754,1.3345778247348727
116,0.3208358685366563,1.7269751680415582,9.516753834223772,55.2676732515637,True,2.869252872921097,2.181466431819603,0.7602907545749775,0.4826783671662862
117,0.4278873826858568,1.659618735446165,4.202979828046296,87.46366240717327,True,3.960832515779751,0.9610189557107042,0.2426305459476144,1.4069365882248517
118,0.3320098665102732,2.3828994290425958,7.943609622271094,77.52628829283077,True,4.027297322215393,0.1889757852059517,0.0469237233028519,1.365042508139461
119,0.2910136282268371,1.8575417593397223,3.871826854412909,130.12646850965365,True,6.059117686654598,0.1773913598555279,0.0292767642137465,1.3284658561012157
120,0.3489002534356986,1.7153367786049771,8.072058468757955,124.86573315899072,True,6.058121202372976,0.2133238430646382,0.0352128714395939,1.3139672030091272
121,0.3759619349140864,2.3354361999668827,9.372629336624549,61.284848320930806,True,2.928483543612266,0.25516423978241,0.0871318673922499,1.4027146912980974
122,0.3285713410756846,1.772825671074676,2.6314899890944483,122.19584231830096,True,6.05858517686627,0.2012878406885024,0.0332235719747058,1.343878007342366
123,0.4008995431901957,1.592262839386132,6.51106283889007,59.20028850273802,True,2.7747820516884967,2.4236617019686317,0.8734602058182539,0.4323092097825705
124,0.4267583294534097,1.1862804906392943,10.143196713327749,77.6069267339927,True,3.40024540457813,2.622707968783313,0.771329023855769,0.4386460670892793
125,0.305777380016479,2.342585197834957,3.525394714013524,132.05733651836675,True,6.059052821399144,0.1576305097715735,0.0260157015325662,1.3086223571290048
126,0.425900776615247,2.206900097191927,3.953427746541279,70.57231779369447,True,3.213338238727867,0.3338736082565087,0.1039024165687227,1.4333634539825009
127,0.296362997960046,1.5676631074567486,3.984639704264635,118.72211030550322,True,6.058697121080497,0.2116415654975614,0.0349318609707655,1.3371636777372613
128,0.2841602767270629,2.2515395414229,4.913329349797492,104.57721524996636,True,5.8634759942711,0.1640167012409531,0.0279726055672787,1.3118024458861623
129,0.4137633190635669,2.183692980574956,6.904926585782199,80.96777719589657,True,3.7126588391013167,0.2645823028265353,0.0712649112921401,1.391369293288914
130,0.3041521934179962,2.188470803820106,3.454231935504697,133.13296218164248,True,6.059090668557923,0.1630659820594305,0.0269126162619779,1.3179740825605344
131,0.3854748278327515,1.7744763104791912,5.235207854095495,105.66520409873374,True,5.106483676491361,0.2533598659972974,0.0496153286778701,1.3588738286033992
132,0.3843993710842349,2.0902667788675595,4.271561674754169,89.07325671355322,True,4.334669709000112,0.2359083556938408,0.0544236058410684,1.387871604859166
133,0.3713420334559111,1.0362693335240605,5.044946361775121,73.75059240536291,True,3.6601792921452745,3.399310760531462,0.9287279363134928,0.4017381878982444
134,0.4197803674942478,1.1776271865218062,11.579170465660615,108.32736630692524,True,4.791019363557929,2.37163010908318,0.4950157636854026,1.1381481631538168
135,0.3917759236947719,1.9790830229289784,6.960804651345591,84.24543552510531,True,4.007747268112998,0.2735070736595802,0.068244591128711,1.381887202568968
136,0.4342629643494716,1.2719138157900591,2.2080371364207902,50.53639778223592,True,2.287318709883112,2.215069809249414,0.9684132778167192,0.3558629917626472
137,0.4350607969353124,2.443424665729508,4.717653365329048,132.1182197161784,True,5.855994301391702,0.1892531634685955,0.0323178530798123,1.330565058777612
138,0.3575896212345604,1.0383196722833827,3.7397767545551286,107.00452164717754,True,5.4246708327647415,3.944113525641795,0.7270696503499431,0.9504837930633684
139,0.3651451749569233,1.0723823518431987,10.892067774134926,130.3928019510867,True,6.058213600812142,0.3629769823171572,0.0599148538223376,1.3100580988286996
140,0.3421278501965626,1.6575672494094582,10.525782058076189,124.22130850847849,True,6.057934733050193,0.2170671035486492,0.0358318656627974,1.3039084952609632
141,0.4088898223307385,1.0227473475584865,4.411185484904802,52.697385118322536,True,2.4671519156164963,2.2891624649241145,0.9278563068752474,0.3703183837982937
142,0.3500088382872807,1.7855953544235537,11.628307717583514,100.00199845070208,True,4.953809527884811,0.2328784148424765,0.0470099654683153,1.328847556446226
143,0.3236489813367701,1.8694235293079056,5.590739922415595,137.63728438326933,True,6.059107837489039,0.183347660926319,0.0302598444926011,1.3223869102893877
144,0.3338976880592709,1.5065596570445972,6.365748628505831,56.77967341419838,True,2.9635528546946213,2.618406832014015,0.8835364039032224,0.43690891166466
145,0.3467676005585248,1.1796014417192466,5.32947510142052,84.40706513719843,True,4.34385995521712,4.004960634377501,0.9219819873721784,0.4557501766202843
146,0.2871470262978331,1.9872768758197263,5.944112467087815,88.86475149639756,True,4.9689233326356,0.1923984514972639,0.0387203501880582,1.348636252229713
147,0.3654087137441787,2.175231382651151,8.595362697707479,137.36983067022845,True,6.058806340725234,0.1787036901225454,0.0294948674826194,1.3032099278957658
148,0.4010988595188443,1.7540511421063316,7.619963427718535,137.01748900520298,True,6.058324134576882,0.2219171064625426,0.0366301144562384,1.3178060594381358
149,0.4212952421554156,1.290524672670198,4.585090970262288,60.81708390306539,True,2.784819674884962,2.5859674070820184,0.928594203209528,0.3871359894216404
150,0.2934744120007416,2.054678925577612,2.62048336064018,120.48256868239768,True,6.058835725945064,0.170759737120767,0.0281835891984233,1.3298077382716684
151,0.4052081270459983,1.2064134961219464,7.265665992808691,108.80986531679672,True,5.052388941317345,1.532626442697847,0.3033468841174042,1.285633572418495
152,0.3263477448522455,2.3661699334753545,9.567234480987944,94.4755653915733,True,4.907276371542624,0.1727031776096801,0.0351932853448378,1.324575878141522
153,0.36874256571508,2.240511566438926,3.128558858772561,65.6719810926153,True,3.296861781246617,0.2620387171950889,0.0794812565954785,1.436092404005859
154,0.3832112513992755,1.9484901303540152,9.21438065112568,95.94315738678716,True,4.5741101857888165,0.2409678891292372,0.052680823010756,1.350658637806423
155,0.38516392583416,2.4216327251936374,5.315072299152526,138.31407619447128,True,6.058732035632832,0.172765322790687,0.0285150955306512,1.3149449389899188
156,0.3250518770567787,1.6019413179983544,6.3610315892472,119.47618313274596,True,6.058121126629185,0.2205630214817507,0.0364078262668337,1.3235648106879163
157,0.4434927857546383,2.036648455159761,8.1403764916639,138.07298376092223,True,5.954626780110248,0.2145186753325298,0.0360255450516343,1.314963451413382
158,0.4307018574881879,2.32272047324402,6.894756507638431,59.175082296899845,True,2.6264491777709917,0.4960761822286522,0.1888771297869395,1.429296799952683
159,0.3811775990215633,1.8814650563527664,2.916131396586242,127.2260544553375,True,6.057722093105819,0.2094010475747611,0.0345676220130792,1.3431515814298836
160,0.4246071483251795,1.39314934630592,8.714755181450883,58.49444591823014,True,2.584000652570202,2.013658084940426,0.7792792478351434,0.4180610953998256
161,0.3806721386892631,1.8228564060215315,8.879977499375302,130.03184167960478,True,6.057722377877715,0.2121964882231056,0.035029087664702,1.309622519743649
162,0.3187874305710541,2.2172277945331533,11.352993222212232,121.14969643033773,True,6.057944973441618,0.1658881914431573,0.027383575151379,1.2833178419348954
163,0.2857229129112473,1.3620717562274796,9.53073609435184,95.47933858594658,True,5.2646308965690265,0.2849849035805248,0.0541319817437249,1.3323953631978087
164,0.2880874657029528,2.031025792261661,10.972048398745583,134.71713769695134,True,6.059023197916065,0.1622101582844614,0.026771668136252,1.2865207706123574
165,0.3990616398706859,2.343335081828372,4.349062031590302,93.1511834783944,True,4.422414398256605,0.2104199913922486,0.0475803424200138,1.3811330506289106
166,0.4452959362102237,1.1689617706392688,7.045962841970119,109.130056548347,True,4.732582015615523,4.035880657603805,0.8527862051385696,0.6607571755388246
167,0.3146548092251541,1.7834440435366516,2.854315893609852,132.41413076316695,True,6.059129848508041,0.1888236387384505,0.0311634910390549,1.340129969999238
168,0.3281102056968327,1.1742243392424094,6.022023935797933,56.91234339081852,True,3.002971708067589,2.691958091644414,0.8964313864204494,0.4066795479668621
169,0.2943721996053757,1.3746273125529025,11.409328165433434,62.98855796915604,True,3.3582605315312293,2.4089379284607024,0.7173171663850408,0.464049619108756
170,0.280674290833148,1.0140985157217337,10.149911656095,106.6346024037575,True,5.896400307970767,0.6376237533138854,0.108137799336986,1.3159586352854893
171,0.3816910640774791,2.170492530653216,2.677898091142474,83.256835582722,True,4.090885807022115,0.2343834420339529,0.0572940563707809,1.4101165511729177
172,0.4362510831346661,1.383594357522291,4.51357729562444,96.80463514405524,True,4.312191107520031,3.418540289739096,0.7927617780616224,0.9401777389204852
173,0.3743300167450651,2.4637559929521125,10.450454675927883,50.83117060751217,True,2.390302695331645,0.2901527355437688,0.1213874444062873,1.411016026893365
174,0.3494669029742995,1.4023069414043772,11.301732803954952,124.82152775188185,True,6.057561163440868,0.2597613019702133,0.0428821591662908,1.3042421028144435
175,0.2889044833747617,1.4265081307396237,7.569222792179582,95.68065585356192,True,5.300949929559088,0.2747729441047349,0.0518346612882626,1.3403385155057097
176,0.2955309240106737,2.166578882954189,8.881040127874293,121.4247279150781,True,6.058594186777807,0.1621135687318627,0.0267576212788202,1.2906936887043252
177,0.3247577371680203,1.63189280701856,10.220026491255323,74.62964311353595,True,3.86118911348548,0.3471691027849664,0.0899124835850317,1.371210201955816
178,0.439645755732335,1.6353230845230855,3.091062050818853,111.77666692947707,True,4.959089256234862,0.3316796526083044,0.0668831786383552,1.3823858704275929
179,0.3980172154876323,2.086673579382014,4.63673538936718,74.97700927573155,True,3.5685551911676185,0.2977353895313483,0.0834330348226813,1.4138431832919651
180,0.4025264177745345,2.186925270630349,8.944820786242909,58.64181014649519,True,2.686756255770848,0.5466494148595826,0.2034607395760004,1.4152443788581786
181,0.3213862447718489,2.4114691906800214,5.028769666942475,112.63705113047368,True,5.9771456656099,0.1643105720498231,0.0274898055430036,1.308514174054245
182,0.380856314983395,1.2216129341490571,8.138437150254857,85.72770677828413,True,4.126687461232375,3.548716397515326,0.8599430974245755,0.4775606802919969
183,0.2900205139686988,1.0807116217165076,2.7296973577458674,112.65358146234756,True,6.058286945012608,0.3952949084831693,0.0652486275528084,1.352917499504156
184,0.4167474032539704,1.1122734463234123,7.45802937111411,52.096252566511886,True,2.3544629502642898,1.927863613438332,0.8188124655866545,0.3994269187799668
185,0.3412848588398476,2.418165947221751,2.150686177181296,103.36994451218698,True,5.386769299403119,0.1740434230848889,0.0323094258193262,1.355058088008672
186,0.4292168057747559,1.2741328734951196,9.358334529194948,79.63559028409341,True,3.498023044488874,2.814108188805911,0.8044853201409096,0.4487291654925101
187,0.3571986506033102,1.7373690972203386,11.203698257282923,126.08048793015644,True,6.057445708230974,0.2135129006893281,0.0352480089750045,1.3003129620372356
188,0.3924343889574926,1.8823901024495864,2.766583708211706,86.84472862060414,True,4.191433766064107,0.2942226566425046,0.0701961841851527,1.4093033328451825
189,0.3265518874619253,1.6023022115368082,5.2147571535507655,92.63926536776422,True,4.909657369148479,0.273075150601592,0.055620001574357,1.3655665951746436
190,0.4124545175664643,1.3733871594913318,2.9497631298999725,54.853780758276265,True,2.5691380541712454,2.462579323834445,0.95852354833023,0.3730554086456701
191,0.4263769000285499,1.5452430551636342,11.539058390125945,132.03359224191945,True,5.780061690007673,0.2703090380885537,0.0467657704338783,1.310273301639859
192,0.4023905964952572,2.189784888035029,4.738791805456304,61.53938545773062,True,2.90725665745704,0.3708246765122155,0.1275514067741696,1.4370357330875074
193,0.3935948333924649,2.3486129235001827,8.11997629303544,136.8115983743296,True,6.058369262428959,0.1787948789289203,0.0295120470846368,1.3035941751694589
194,0.3798223748776537,1.0898779423854212,10.841135313059324,72.14650288061942,True,3.399744355456105,2.532038591737638,0.7447732320443673,0.4323238513052354
195,0.3038633876038809,1.272310904739323,10.577727712848509,131.242845899555,True,6.059025020069029,0.246556642142516,0.0406924614646511,1.3110249523513144
196,0.3832763047896425,1.4422288479410206,3.6759342032709,119.28567203969772,True,5.7945123428036425,0.2946374545753704,0.0508476705449231,1.3518612829547103
197,0.3866070668506095,1.720299449560853,2.953918221523873,104.88136882577948,True,5.092195246465419,0.2670118628552042,0.0524355115881587,1.377284770976306
198,0.3431280009710791,1.0801914187051898,6.534850826149502,94.98440846050669,True,4.887362847644717,4.37532859643003,0.8952330188740862,0.4894648208123482
199,0.3423033820974355,1.1206258841818135,6.441374083395745,101.08813589439424,True,5.205998681003356,1.6406260354609836,0.3151414619922232,1.2715464172245636
200,0.3628122206671511,1.8225121351216529,2.510549902714412,73.68827762533871,True,3.737306775072055,0.3665608381184146,0.0980815491421218,1.4294127423424934
201,0.2820292877609515,1.3696422110039084,10.861534522865352,136.57221752286011,True,6.0591034839873466,0.2134414600086789,0.035226574454909,1.308857045527625
202,0.3779618801203656,1.0772561691430536,2.869979961976333,91.8942539089146,True,4.535705131557051,4.325015740585847,0.9535487019415488,0.4337203318759268
203,0.3348255878105359,2.0960615208744,8.889365450122408,58.824621401011065,True,3.0109080532223125,0.2778809313268222,0.0922914039269417,1.403501145469201
204,0.3272701676744891,2.2850978496901666,4.816891039850696,134.09270657638243,True,6.059033601204243,0.1645369138003887,0.0271556364644828,1.311421471888759
205,0.2964857058258084,2.147804074293332,9.663526224033989,64.46013705290028,True,3.4797083801597504,0.2075400599014217,0.0596429462551381,1.3785839875563504
206,0.3854989191599683,1.0427363795920643,10.457021431126572,65.82959237571409,True,3.0732751383794774,2.2740498657395345,0.7399434685625412,0.418689925291499
207,0.4313107194776782,2.442809751620078,11.011946149333824,59.470090662195965,True,2.5325915926893687,0.3392122905218401,0.1339388046225129,1.406119613712498
208,0.355021325847495,1.4479917844273005,11.196371151826424,126.69948779921064,True,6.057841764636731,0.2514211519861862,0.0415034201543333,1.304544838292414
209,0.4014005341098393,2.005012437193005,5.827903638060496,51.91184376266515,True,2.4396117279799143,2.151319390951063,0.8818285984927743,0.4487714791777408
210,0.426878940060375,2.055402978582767,3.36739884966477,82.47164173563377,True,3.752841250208606,0.3155757453721541,0.0840898200409123,1.419427142157276
211,0.3805470038831374,2.185082757683744,6.998024963799797,118.1892838280806,True,5.7066324556005,0.1925165854836344,0.0337355852127287,1.322439339586741
212,0.3496873031967087,1.082528837777844,8.18410779119089,102.64102061031952,True,5.1884648492233945,3.47003827577991,0.6687986478889422,0.990339907651427
213,0.4345419864568526,1.1380655629418936,9.513939262962383,132.19385896003212,True,5.767036425652504,0.4557939983967634,0.0790343540001471,1.3217388082139996
214,0.3063726529331121,1.157591225699642,7.468104736524814,82.55673412309177,True,4.468845208413244,3.928741404349148,0.879140185243545,0.4912325546014155
215,0.2845269541051058,1.8972016480175105,8.96608519934987,78.45935297816112,True,4.343041918587512,0.2113539717086195,0.0486649624089647,1.3550041087623037
216,0.4490561077167716,1.6495720200318416,10.325672137303394,64.99408561538817,True,2.7104290601744085,1.941854183222706,0.716437929239791,0.4395530453333651
217,0.4459115116894413,1.048596701974689,2.5462819981744618,89.28395869574382,True,3.935934406010805,3.793840355157486,0.963898267553362,0.3994832201440981
218,0.2926667659061349,2.003217141489733,11.871403437331546,70.88505930101803,True,3.788539881979234,0.2110129883406884,0.0556977080654222,1.3591794948310354
219,0.3601214564595072,1.3357606506335502,3.6669562943555087,139.61385547818134,True,6.059112555909403,0.2556802494940065,0.0421976398581082,1.3457300896032494
220,0.2865952231019019,1.1817986689330993,2.980323093152168,138.1339561884518,True,6.059216830140473,0.2447719354013286,0.040396629178833,1.3506797611269188
221,0.3425432769146362,1.3267170955128378,10.958029465087035,120.77910010881382,True,6.051933181421087,0.2798731578523641,0.046245249156344,1.3057026736599409
222,0.3670261559224529,2.3194865784449545,9.063302611228956,113.13702957236649,True,5.53446162474907,0.1820924352851085,0.0329015625423845,1.313083014271219
223,0.4162342942766445,1.3479258066211717,9.916232477184998,67.0153533776637,True,2.9837105814751363,2.253582799824608,0.7552953740943747,0.4317179991069144
224,0.3947263603646659,1.5360984339237658,2.3940711693256445,133.5415094464385,True,6.058459769677024,0.2507544910770758,0.0413891484981245,1.3522343873489646
225,0.399640184585494,1.044055420120109,4.049774134415053,115.18333288968532,True,5.452029483243672,3.1734486164574696,0.5820673982433113,1.101330718937041
226,0.3261584567504509,1.9490106105994356,10.622522467216855,121.99501885666866,True,6.058021680410125,0.1863044881001263,0.0307533544659605,1.2963715434967158
227,0.4339985429153032,2.319028919537819,5.626175982236964,68.5905480141231,True,3.0551874528406726,0.3048845247073225,0.0997924118940214,1.424020917354854
228,0.3743583604424468,1.6330115735438118,4.305088166584477,62.33211503902544,True,3.0892232065808334,2.888574518546714,0.9350488214620796,0.4272892513880446
229,0.4272138951180573,1.8181466548480545,5.92347766736762,110.2751195785671,True,4.957558698868926,0.2694712262213929,0.054355629976277,1.3595074666950206
230,0.34323175687946,1.2078656522816484,11.126916219104611,123.0105936018964,True,6.057344513359567,0.3046402700223493,0.0502927098418226,1.307005672861894
231,0.4223609485375137,1.8360600583942,5.209198439875089,86.45666300789924,True,3.9380802725499127,0.3480332459507717,0.0883763716998637,1.3982997993859358
232,0.3736203406318948,1.5896986529293602,5.98351983568545,103.84829363133105,True,5.102667628730167,0.2907353422498642,0.0569771271428501,1.3558436317926188
233,0.2914405873280237,1.837179988771192,10.986138235061627,105.83569339126188,True,5.737628544412296,0.1917870640632011,0.0334261903813861,1.303647983400496
234,0.3998549691971773,1.6201595084969171,8.575519389587882,78.43548219594575,True,3.644993825698189,2.060473897479873,0.5652887209171595,1.1314681871611811
235,0.4277925141160521,1.6308651410979491,5.859102539638269,51.19638944309105,True,2.298577592481373,2.0173068903930287,0.877632713810324,0.4100035630294494
236,0.2986617619595048,1.509066055770233,2.90644877399332,51.5366899407769,True,2.8795863200599414,2.7621348583278165,0.959212383767096,0.3984999822999389
237,0.3954406611131122,1.8052455083906973,7.222345748028561,55.928821711826046,True,2.6298757036621927,2.212302072622012,0.8412192521271272,0.450071353154875
238,0.4270291922973682,1.4431290594528612,5.000299904945962,74.80004050271275,True,3.38437050482098,3.1307061253716286,0.9250482832514908,0.4221239204790761
239,0.4128739245093671,2.2116117538590343,7.262546960422441,134.3961614450218,True,6.056683047702265,0.1931690561296745,0.0318935388575364,1.31222212569851
240,0.3378393917188459,1.9784240776864768,10.52434122583554,121.40934512662092,True,6.057068985699409,0.1887409171786035,0.0311604371064975,1.2964229061054886
241,0.3625390587741531,1.0183884769303102,3.4302339723754742,122.93763904050306,True,6.0574451914336205,0.6480592226887129,0.1069855693626732,1.349099588875673
242,0.3341828745930766,1.0313442120599865,11.298734076969367,50.71864754395575,True,2.5202731844569883,1.6598882420120478,0.6586144122188416,0.4016291265944205
243,0.3014948889685871,2.020812363694278,9.968392335042587,53.21263418546384,True,2.8274685993993565,0.3160097357576056,0.1117641892909919,1.4036119905924842
244,0.2891404737987809,2.020449661566066,4.50234056954327,68.57657424749232,True,3.8539223612249938,0.2185959516822208,0.0567203828186976,1.3990718678354708
245,0.4016359686686258,1.5941362690984722,9.666291926836342,109.64890583163438,True,5.061254495964279,0.2895159326025702,0.0572024056157269,1.337821348687132
246,0.4329870054446193,2.122809500606295,6.263293064663092,67.18774519896364,True,2.9868807905943675,0.5107954983560837,0.1710130179833655,1.4230892194529163
247,0.3901308956874711,1.191404157227128,2.166886456275059,78.85621226368647,True,3.8308703250553218,3.705416591373636,0.9672518976011348,0.4005221881630776
248,0.2959125409923717,1.4910910340416896,5.285381083419534,68.65529046786858,True,3.811244807914818,1.5231798980654,0.3996541746418939,1.247144417173757
249,0.3331556838398126,1.04124826842056,9.445033157507943,115.1023596626316,True,5.91956429126636,0.5778470771032177,0.0976164880843958,1.3183058188461918
250,0.4368197246359441,2.4471563034688475,5.12435484971409,92.0231452980429,True,4.086244299608818,0.2239453582656824,0.0548046915078281,1.3881217480967138
251,0.3130962559608924,2.233455304456322,6.345390737749225,137.82563795774263,True,6.059060925248509,0.1613493040298768,0.026629424265652,1.3013395320158576
252,0.3623882746890874,1.3521541754273838,7.641700243494354,83.67801370894779,True,4.159524848525103,3.319765974553361,0.7981118265780991,0.8219570412610402
253,0.3195698133623155,1.4470374541790316,6.193286431786226,112.2270244024438,True,5.962391019624441,0.2542435954845103,0.0426412146817778,1.3290189072464815
254,0.3839823620048252,1.256615494329019,9.1947987313003,139.12476652902097,True,6.058702121255954,0.2930154041461671,0.0483627348369168,1.3166236382268064
255,0.3210641385463766,1.913687786035808,7.470040961417513,99.25108637847812,True,5.250900318707981,0.2048531280215804,0.0390129531295284,1.335543482012962
256,0.3552539003639019,1.7790231397891465,2.75026232200167,94.80351490301496,True,4.844792460814798,0.2524311098554122,0.0521035961596089,1.3856302632969957
257,0.3933272265894216,2.1764476448469106,10.237190905349683,126.82760978592404,True,5.906108056900838,0.1923736600529354,0.0325719844946218,1.3019175183529006
258,0.4097517405971012,1.9240696852548176,9.27790349506036,125.21088176908356,True,5.706731615180591,0.2200899545571506,0.0385667259998148,1.3171760736768978
259,0.3223008991931695,1.6446938824988269,4.167799749458832,90.22433868417596,True,4.828911299219926,0.2647986567495509,0.0548360987273315,1.375118820977224
260,0.32334220348728,1.83199938255764,2.4617224113082847,74.72016906286055,True,4.021279011470483,0.2715787448644735,0.0675354145011598,1.4169934619902294
261,0.2929183198521459,1.900505089867996,8.149010950763705,129.20998318598552,True,6.059027889178931,0.1756403857119542,0.0289882121232083,1.3049608021398318
262,0.3346668464158813,1.7468149897170804,3.72666075420576,90.04417867384439,True,4.738509480425965,0.2530160428888725,0.0533957025799023,1.380673438672396
263,0.3157616120353239,2.456396009127825,6.333582396167003,67.83463685536928,True,3.639410872034465,0.1867476781269533,0.0513126120389258,1.385980289085782
264,0.3273526222126343,1.3028481081940568,3.5372896048252462,105.27343740044404,True,5.5860421630305375,0.3444262912022819,0.0616583765661059,1.35981518929752
265,0.4407390015901787,1.5792924546378346,6.198724465344863,65.40685348293887,True,2.868503959837754,2.542201686528156,0.8862465320326577,0.4290356234542982
266,0.4333977582512573,2.0627679037069813,3.153001619324182,92.22415575256576,True,4.147158498745178,0.2773376066814231,0.0668741276142057,1.40657218940847
267,0.2926630256555005,1.520199953915399,5.905624461933387,52.042539765000505,True,2.891952653739086,2.5878673156733853,0.8948512045408005,0.4319162928629558
268,0.3811122648546564,2.232298046875423,10.250730078119265,119.37550029467796,True,5.675059470767798,0.1886220002048003,0.0332370085593624,1.3068758321858804
269,0.3088537133858265,1.2898826318079306,2.196838987499426,139.71496499298686,True,6.059213278008373,0.2347210783812883,0.0387378802514176,1.354541378744218
270,0.3732242425749349,1.1650654961235585,8.405380627502508,74.48705047014072,True,3.6191670793144097,3.046246606747348,0.8416982526610537,0.4439242112909434
271,0.307626852623385,2.231691256355665,5.52617666385719,98.83568344586168,True,5.3667371686879,0.1754922577979513,0.0326999911271706,1.3322927650716982
272,0.2984041483513699,2.2634076608541145,8.363798868619256,100.95598313625382,True,5.489706013456399,0.1662074857512993,0.0302762088432223,1.3090593698627226
273,0.3368404077884313,1.451306643692723,5.07207019312952,63.03155079252987,True,3.299716456087469,3.0428941820928057,0.922168381007142,0.4271197580501242
274,0.3498513971882525,1.9751379579874355,9.840697150403528,77.0374535216145,True,3.847378612382694,0.2443895857572759,0.0635210646986272,1.3703288941130976
275,0.376729361902212,2.096997902523603,6.341012445821596,112.91723717601946,True,5.504248950731504,0.201072434204716,0.0365304033310473,1.3341019831799428
276,0.3772282420290401,1.1599192480741127,7.809421479163453,77.34244718344296,True,3.749379383629919,3.2358098264279604,0.8630254491065259,0.4463273082145504
277,0.363470118191224,2.0093555568825767,9.179230182087112,73.47097398503539,True,3.6049864839943577,0.2621046548653025,0.0727061407938728,1.3823937264681478
278,0.3763373281752926,1.84455032441319,3.230095894272335,93.60186617135338,True,4.625186758977887,0.2610352151327705,0.056437767540106,1.3890638942918527
279,0.4090182702110254,2.161906946519578,7.163646839238646,93.16018179232222,True,4.301601483123132,0.2359027915510851,0.0548406895609982,1.368938085519963
280,0.3556786064731355,1.1026661163982143,9.18583735357538,101.20206396289964,True,5.044064036231828,3.3680465653262925,0.6677247832567952,0.9891535436696768
281,0.3487290028914522,1.1518358613035806,9.702496169254598,97.98412266879733,True,4.922236155248331,2.5598185043795416,0.5200519486758344,1.143972588902141
282,0.3787995216275361,1.257255968495854,8.970002890453879,62.8917593268814,True,3.0049099985566574,2.3905360566315084,0.7955433133703671,0.426953744636426
283,0.4153119080776083,2.358454117525773,5.280116679608917,123.69567531255667,True,5.671499670415928,0.1913148568671508,0.0337326753036945,1.3330623558625252
284,0.3984507972447038,1.0859314173063883,4.539742904227215,108.64974810059492,True,5.151812398314448,4.3213387630510605,0.8387997133717255,0.8001624056587633
285,0.3809499662959192,1.4839094020940264,10.60083939962359,105.40304461460308,True,5.006556394703895,0.3066942063795996,0.0612585142762061,1.3359824478346485
286,0.3233995833901666,1.4115088407383194,9.556255896101664,90.86893747547708,True,4.744956172987874,0.3371115375347475,0.0710462911025098,1.3482043278940083
287,0.3645332431170567,1.5693302267353475,2.279280456519607,108.50544190491534,True,5.457201219755342,0.2722933304710011,0.0498961499688312,1.3717471001714685
288,0.3393218319051974,1.951634855858459,10.58733079993363,62.86696166839157,True,3.1539524515127897,0.3131723531834128,0.0992952043500846,1.3910733546927698
289,0.368480511396381,1.452249610941876,11.762818416701528,85.47014192534185,True,4.093867114237371,0.7094309229420883,0.173291145790951,1.358713411270397
290,0.4398820387402262,1.9310108067951504,3.5758843634129187,132.702439961814,True,5.852201909984644,0.2267780946011759,0.0387509006164435,1.3467917575955322
291,0.3070175165825402,1.2093543992697846,2.845884376950249,54.07074762051811,True,2.9853331413417323,2.8718137023946464,0.9619742810693264,0.377687029359977
292,0.29880036801026,1.6239304329419315,9.458027592410303,61.84679910997521,True,3.33060861600355,1.8494728988077191,0.5552957768502175,1.122946721023352
293,0.3718631165834575,1.7981857533141747,5.182479106978046,52.39623803054233,True,2.595305593335175,2.3543572144059817,0.9071599199924832,0.4282945439833394
294,0.3906305022307821,2.2739740717448336,6.673904053917607,94.4506229296354,True,4.5059588316476695,0.210623888242966,0.0467434115828236,1.362525045162379
295,0.3719911232811014,1.0869108172389743,2.2895700882494454,66.867066888574,True,3.3484939548166963,3.244420431999122,0.9689193039551802,0.3760636548525915
296,0.3025100955465264,1.4291326692828947,9.728007466882628,61.74543251941878,True,3.299863886884334,2.572091633589848,0.7794538568129747,0.4654106819618389
297,0.3949933370430878,1.91600984513073,8.377756352463994,74.55231868204862,True,3.4947675049631672,0.3441294657740598,0.0984699168929942,1.3924280814105554
298,0.3932306178430804,1.9337683032656288,10.34563570520613,126.58134646944342,True,5.894599625313266,0.2103992393544478,0.0356935589740357,1.3060915753532272
299,0.4487912321766972,2.4087579445906786,11.34855458209181,120.39193736911488,True,5.066547972481255,0.2024889506017451,0.0399658607204659,1.3222249768432848
300,0.3871368542446812,2.412586818423632,6.255857265375806,96.90302602527156,True,4.656027017468484,0.1954835643452723,0.0419850579929749,1.3572677972167415
301,0.3290427408899752,1.0239629056471404,10.17699220773772,91.828121356597,True,4.738331105061438,3.869313825994675,0.8165984478926583,0.497063279137071
302,0.3387128843042958,1.097936007934514,5.291210448406336,53.5178024831904,True,2.789959766882192,2.543998116016917,0.9118404308961992,0.3889393043537232
303,0.3945322960392293,2.140460972889357,11.613646516192524,72.02651366881538,True,3.2851327205991683,0.2740672130835986,0.0834265268386514,1.3815185290012075
304,0.4067932462824221,1.7503269286472145,2.616616738087452,53.68702643550863,True,2.5418772380101715,2.445612036305389,0.9621283041268586,0.391752692526413
305,0.3428999092654731,1.0073407921458697,11.645527442511408,128.81091691565473,True,6.058449102600779,0.3910913870713736,0.0645530531738701,1.3082438468524789
306,0.3623503833700854,2.4138323020286325,4.172650220298563,53.75857587094946,True,2.717024734280378,0.2727424413557736,0.10038275983086,1.445695608418741
307,0.4015554789347734,1.5422053849808626,11.308924108626858,113.28864029036804,True,5.180851609138624,0.2853224675221807,0.0550725033349524,1.3274210831746078
308,0.4050183836466855,2.2009903547430936,9.468929538553317,112.45553793632304,True,5.164801799457881,0.2053305777447835,0.0397557516662761,1.32824281945642
309,0.3118574062614305,1.691182949474296,10.859119308504134,101.78893885887844,True,5.366447536814076,0.222509070538865,0.0414630104948278,1.3199205457947096
310,0.3894068760396714,1.712259702097302,9.14319620656741,60.21251283157245,True,2.818421860799565,2.1829368332972536,0.7745245180144787,0.4582831665816149
311,0.4309296235820023,2.316801394617009,9.22694757466329,90.85075743660474,True,3.990286166992196,0.2336892628160968,0.0585645372377509,1.3675961237446272
312,0.3350894889364896,2.3493027500343104,10.879500844714116,136.71016686696703,True,6.058912930740684,0.1600264811340722,0.0264117479427963,1.281914565737162
313,0.4388551972527605,2.285785323057767,11.169390155178952,124.52664279569314,True,5.34278747889686,0.2039056892011098,0.0381646640459692,1.3159739210445969
314,0.4244358869212302,2.315635143356322,2.2223696973655698,103.55014952548164,True,4.730637883931752,0.2140956792819663,0.0452572537858311,1.3904465607262797
315,0.4098762451162497,1.3154490512768604,10.318380316655311,68.67731095255793,True,3.083193020283143,2.2977129893277235,0.7452381262580553,0.4340773587394753
316,0.3046009668185277,1.1336453567759164,2.7841482940317075,133.7009614635245,True,6.059188063295467,0.277872252888726,0.0458596514889483,1.3529640556999705
317,0.3171876156385155,1.4961297459427971,8.615145576357271,74.19286704374522,True,3.9254399295313394,0.7943861277258091,0.2023686878379135,1.378258885894564
318,0.3608012103729128,1.7180614354728962,10.71935973694726,80.90055114681147,True,3.9495615394121386,0.3155642406982158,0.0798985501426533,1.3659364875049107
319,0.3168735772925922,2.46992253739067,4.880669276968345,60.458480097524266,True,3.261374763552651,0.1984088518267663,0.0608359560649317,1.4125568802144923
320,0.3715995128127201,1.693443497966975,10.397842404981564,122.6015082868035,True,5.911730227046147,0.229258129449626,0.0387802082714753,1.3081322101395625
321,0.3944162246017234,2.488800415285257,3.5630425401023467,87.56018318931811,True,4.201423505243064,0.2023825212168824,0.0481699883299848,1.3931883202344704
322,0.3538266610474843,1.806574049327179,11.787690910442752,105.63535609655824,True,5.199498630166898,0.2249980815420487,0.0432730341030643,1.321046163146411
323,0.2977178760830127,1.6050094633399794,3.543271345971186,113.2529633245598,True,6.058042560704142,0.2132830708226455,0.0352065982840924,1.3391463411537767
324,0.2904469556196988,2.060375453025689,8.481384430989273,57.49749064798151,True,3.1523459878807563,0.2381603176208084,0.0755501834305052,1.398462589313744
325,0.3081167641873324,1.2673279956920689,6.246222302287633,59.52841599369446,True,3.23169149056898,2.8909250405400573,0.8945547707683796,0.4228160644135266
326,0.4486547228600365,1.6585543713552813,9.257013027354631,74.35989735534538,True,3.1495014845352065,2.485415785136779,0.7891457734948706,0.4681758340308621
327,0.3321005310408225,1.7912908600817334,11.043037576328675,89.60342448197545,True,4.573325296325789,0.236757403691103,0.0517692025715542,1.342332200283617
328,0.3202407869103962,1.7604965359008675,3.4598072900033827,117.87438115374486,True,6.058216422489077,0.2023769432774433,0.0334053670526175,1.337849348330404
329,0.2862421732188243,2.460230100672096,3.801282700193888,110.3966534598319,True,6.057232123875017,0.1519522758128822,0.0250860909249211,1.2962965621153746
330,0.4160428045139926,1.712900681919732,7.929972634455827,132.9446007629378,True,6.016086298934591,0.2384224219643564,0.0396308181294838,1.3174396026832291
331,0.3517968891343266,1.2985909272851632,10.518134697062209,59.87457149402162,True,2.9418709876824813,2.1391974257661377,0.7271554173255347,0.4290899068890033
332,0.3045420209480031,2.304129558765561,7.766125460483094,105.77765342845191,True,5.7112334209444375,0.1639829676787888,0.028712356087115,1.3039145375606975
333,0.3477843985264811,1.7530259380348887,3.275182100438889,125.7414961045234,True,6.058557512679806,0.2082908355927606,0.0343796085383086,1.3411242202988922
334,0.434514053210115,1.371554295479274,7.505609262876723,126.9331491228598,True,5.590239947597347,0.3414255875147786,0.0610753010094891,1.3349784300895289
335,0.2918914059758955,1.73139177782332,8.19259118224319,95.15460232938383,True,5.234340321227453,0.2154653765098549,0.041163807335196,1.3341511892342486
336,0.425351517734813,2.3832945914271297,9.337875103071667,71.76335070344687,True,3.1656715310944614,0.2594403388946633,0.0819542824788797,1.3955630106877313
337,0.3239095023601244,1.034411200687616,7.751026247207912,110.98230274138156,True,5.8329248633365065,0.9818269487783798,0.1683249779111268,1.3289260485344006
338,0.4439408262435612,1.5382721525361926,8.100628328718326,139.86392133400125,True,6.022351050129267,0.2727381962317594,0.0452876615729508,1.3182412054996695
339,0.3516957611172798,2.365402243213989,7.441549366152108,124.46764737349326,True,6.057900929987767,0.1702233791008872,0.0280993996217813,1.3003221951117645
340,0.3460731918870324,2.491467449494094,3.391906426109152,54.94819572455573,True,2.8567868269316734,0.2318251504267975,0.0811489146622077,1.446057233085182
341,0.3186357531882393,1.0903583118295133,7.168928367985725,127.21371693556192,True,6.058884266592018,0.3324905787619013,0.054876535700676,1.3275401673537837
342,0.345348979684244,1.1077418941914523,6.644515949253475,100.22237060919218,True,5.134410735992564,2.871293118253827,0.5592254429755433,1.1167395448083075
343,0.3253555755047729,2.26164327279812,8.240127914384455,113.94136691239989,True,5.948574229876468,0.1707173113559948,0.0286988620732971,1.2992399629154776
344,0.3543196080952255,2.279596443184944,5.346828827830166,73.33569382453892,True,3.7313796932091776,0.2200911852958412,0.0589838621077319,1.3973616028311118
345,0.4194483585096007,1.2152230758354945,5.157326996243554,119.7052905651446,True,5.461137461011,0.5121250908576295,0.0937762681334927,1.3537486203652225
346,0.4078435098602924,1.0959697005783684,8.601471014981854,123.87642058099864,True,5.685050088844998,0.9392718851604288,0.165217873278449,1.328518279069134
347,0.4239982459219604,1.349466163940718,6.755320629489945,118.54231359152956,True,5.337804808286222,0.3676501837034524,0.0688766631430068,1.3467269648091933
348,0.3913400121275086,2.2052051317470123,7.245826461678366,110.38299090480616,True,5.240178233879591,0.2009812885338415,0.0383539031620006,1.3362754311820284
349,0.333079533656997,2.338813191356591,5.007162759432253,63.30212450143373,True,3.3323242414055896,0.2184003450661984,0.0655399442684713,1.4131419006162624
350,0.4261621736353374,1.844452662121972,9.245156238393191,137.10602056167136,True,6.048815658541678,0.2243934523466169,0.0370970889201666,1.3088983864395125
351,0.3008089041032078,1.4235354645236198,8.900178134025541,69.70575712759305,True,3.7676381500716905,2.868798329112324,0.7614314896608998,0.8173504535981269
352,0.2814562792415574,2.2729691170791986,5.725849904104205,115.29608461068344,True,6.05840349514892,0.1562449830263934,0.0257897948117027,1.2958996337225157
353,0.389068416854281,2.0425424632365416,2.569365323716045,76.06418951456749,True,3.6984582872345366,0.2930017238801275,0.0792226655337553,1.42891204819818
354,0.4020986175660031,1.5335923783036902,5.830505392118397,56.4362688281609,True,2.6507335595049084,2.362992732439088,0.891448604468733,0.4156663488865519
355,0.3850850887425413,1.6746377962078962,8.502717980710491,95.83761463442497,True,4.573945782870573,0.2949634758120972,0.064487750798607,1.357244205474303
356,0.2837942640824863,1.226956369868737,3.219551233823744,91.62151537616327,True,5.189563206044459,0.4455493755461962,0.0858548894880497,1.3748805919763658
357,0.2811237110632709,2.210915445330309,3.900346577557277,86.60245005461329,True,4.914657967813755,0.1750346555744666,0.0356148193263445,1.3554992001248705
358,0.3531820100415143,1.758131857494012,4.393970901034935,77.72109187890246,True,3.9761309915444794,0.3299775623965651,0.0829896105279945,1.402658473306757
359,0.3328514101407771,1.438363183242784,6.905319115341799,103.19102632715384,True,5.377556225995161,0.2946894308901588,0.0547998790725101,1.342758163978079
360,0.4375699093629924,1.2924631617671871,9.08423199083731,120.6471502184584,True,5.250831211279902,0.4382054174382395,0.0834544855482844,1.3374730847128435
361,0.3909084144395072,1.2313235727139722,7.410437756018522,102.08582515023376,True,4.852426877924308,1.54597450419551,0.3185982072658912,1.2788062539840523
362,0.3356217908876806,1.833848599561293,9.085997081896627,91.05719949911725,True,4.6799244342211495,0.2341237100277856,0.0500272415331743,1.3475907367926845
363,0.2860465483695186,1.9757883676697456,8.853260496121216,113.8059239423659,True,6.057936750669662,0.1750504324587941,0.0288960482196258,1.2978418490514212
364,0.404590796038577,1.9566716188257431,7.420271531740878,75.7229760579932,True,3.51509121512046,0.3336198161673658,0.094910713762497,1.3971389254161428
365,0.4427094842768384,1.359594642480872,5.684085956147845,114.9205669646471,True,5.030944578302515,0.4723224822131895,0.0938834596290773,1.3624627848517463
366,0.407359478689773,2.4574953599539864,5.607826201265954,81.1747109478802,True,3.7865095221865994,0.2213831570214593,0.0584662882066693,1.3939671506433489
367,0.3881436379237414,1.2466233452187905,6.910316651540675,136.88654433894337,True,6.05861325328183,0.3077628019901731,0.0507975652387886,1.3271920792218197
368,0.4245758784491592,1.613126764223226,10.127402252009452,82.42213131883497,True,3.631532514806442,1.969053281098907,0.5422100099808292,1.117912766064212
369,0.3776278832634062,2.3567538888303776,5.917568596936647,125.3984924038667,True,6.054831856116966,0.178216608708457,0.0294337832896897,1.3128612793073011
370,0.3663241498846692,2.150449880683974,3.817035216844252,111.36974145024996,True,5.560398828281929,0.1940596157740653,0.0349003051340521,1.3469911760448985
371,0.3366408032366805,1.5377118749035388,10.050093064493735,106.45389477144442,True,5.435400746821752,0.2582939823895135,0.0475206878794624,1.324336595678734
372,0.4048737757934148,1.7511433291200753,9.12969834590713,92.03800039042578,True,4.233957292917557,0.3070836139853793,0.0725287462155227,1.3646515154749783
373,0.2984749043829783,2.32316368221432,8.322859150682456,90.92129284650888,True,4.949350388771439,0.1681526315638452,0.0339746872529639,1.3256189554618132
374,0.2952272205346773,1.479526700917846,9.80826163182582,100.50518616825352,True,5.458727741246152,0.2515519167705575,0.0460825175195734,1.324126487676903
375,0.3298378923939678,2.33952955977812,8.623145438392292,131.29587132046186,True,6.058826857561746,0.1605657769865106,0.0265011331007282,1.2907364641220165
376,0.3713909695482991,1.3138706782639429,11.92131713453442,57.04431307409959,True,2.6647187999449176,1.7189124499314985,0.6450633552654899,0.4193802803368176
377,0.3470466829129459,1.2281910971179142,6.1193442241540765,58.45106373514109,True,2.9954495350961983,2.675846119295137,0.8933036887931423,0.4110224979488523
378,0.4053217198764633,1.468939547649856,10.045526560565662,76.04273360761628,True,3.4605631957668246,2.6837030050967403,0.7755104742429244,0.4713189665755397
379,0.336430588438019,1.287282965005358,4.074227884559889,64.43610498579854,True,3.389498542515606,3.1975775834719564,0.9433777720697262,0.404897496447627
380,0.2905152369964475,2.16510295648448,8.295585872169829,73.86077542897715,True,4.067348377663708,0.1900832569944864,0.046733950314743,1.3623518085830688
381,0.3748848066079234,2.352118614574108,5.86821158684237,57.2684717783261,True,2.8120107814408684,0.2717901800732094,0.0966533207721005,1.4286194482760006
382,0.3011524687939537,1.9935449277234047,11.863458333980237,130.49927257107518,True,6.058929385272466,0.1686443404563367,0.0278340164957629,1.2878643970260568
383,0.3964032296261878,2.4004712288526067,2.354650341842616,52.36334946042066,True,2.5246618565441645,0.3886566535317005,0.1539440430504645,1.475708019637863
384,0.3780235120484022,1.1374390074032856,9.770924634518906,135.3448291715073,True,6.058510508621016,0.3295910046466744,0.0544013258997702,1.3148455191182915
385,0.4177152526479756,1.6148194351965892,4.008195947192913,73.6620639990612,True,3.400781959343986,3.200674339316862,0.9411583505148547,0.4417618419635425
386,0.3227152638141486,1.4924559549831884,7.968795364417929,120.2561698680846,True,6.058181716262243,0.2340811717026114,0.0386388495205181,1.3170522613131452
387,0.3665883230243705,2.2350453967523904,11.889345548345748,62.17525302341891,True,2.9428954988205205,0.2621534657398259,0.0890801137331903,1.389482351759998
388,0.3682042480065488,1.7159730453689943,7.988820013686897,125.2956580029581,True,6.056817825635721,0.2218873913486994,0.0366343181743971,1.3147037918329616
389,0.3121359497154748,2.332376551110408,10.896785007883295,125.11097724755273,True,6.05851201181239,0.1583969802312976,0.0261445351469912,1.277576975568742
390,0.4075000994808266,1.4877898626364527,5.600551102667301,77.859112628905,True,3.63263627867036,3.31535265508516,0.9126574753855254,0.4544952622998632
391,0.2818027266235364,1.1279043014566952,6.46459422999788,130.4592887500052,True,6.059138127737176,0.2686665314204504,0.0443407174017974,1.3312768574078735
392,0.4139194379461709,2.169629264099849,2.332963188060685,88.67443246919188,True,4.13313758363252,0.248286614849447,0.060072187248902,1.413513083487512
393,0.3413230661702191,1.0023725402192254,7.134456714483689,130.58486700502525,True,6.05883217802775,0.3836306793166042,0.0633175945535897,1.3284937127362908
394,0.4111725945767884,2.1213641223495823,4.470025878931896,88.25571895926258,True,4.107679764161064,0.2549108436085757,0.0620571364478403,1.3951192193836723
395,0.3434193585843988,2.422514239043028,3.062991691829953,104.25793617028307,True,5.404470247984985,0.1740571421468628,0.0322061430927034,1.3473773484002614
396,0.3836484645511536,1.1177958959843448,9.153276795567445,94.52493491981534,True,4.50599402227715,3.783414164193108,0.839640298120307,0.4931273370223965
397,0.4435998145314115,1.2668726500196703,9.384024072350908,107.28239245949578,True,4.611036807606678,2.4901301259433306,0.5400369222460866,1.134412975993436
398,0.4105643100505442,1.2801978402936194,7.57582939553999,103.02434017372896,True,4.735871669346274,1.5189535933131904,0.3207336894588747,1.2810406959444522
399,0.39439368670128,1.7821184033150657,11.050940058992447,118.34308797302212,True,5.4853059975014045,0.2355842039290932,0.0429482337059051,1.3174732221537957
400,0.3147723707593853,1.8413949584464828,3.346611456927728,83.62334867557861,True,4.539432160319161,0.233719045656687,0.0514864056565732,1.3883742527356118
401,0.4449650032069847,1.5990428444774074,10.275177405569304,97.05809310775942,True,4.131951505534318,0.531399445311666,0.1286073770710793,1.3638622565742549
402,0.3800084536507585,2.024175613305068,5.643734826250352,52.620089401110334,True,2.5651096584140225,2.2831056608373697,0.8900616210883504,0.4713335539786722
403,0.3574543928058255,1.0679662614893322,7.295824371044596,138.37041162795205,True,6.059022302530846,0.3446816113135847,0.0568873316689413,1.328044511035574
404,0.3019296340090682,1.5320716244784582,11.085029611137738,69.48326100605779,True,3.687120870618384,0.6663386266607192,0.180720581191298,1.3735759386941775
405,0.3267323201637348,1.5501108140181348,6.210950296317775,96.16599310977162,True,5.074826840250614,0.2765461441572824,0.0544937103989198,1.354601564419105
406,0.3457564050544305,1.6961896931495275,10.193142283957968,65.2915023610786,True,3.258948561273229,1.7444709509552925,0.5352864330800453,1.124703111933068
407,0.4193833828546713,1.9634424634098135,2.3726029146259706,66.20621835119829,True,3.06618856855802,1.7299838053816228,0.5642131156320913,1.2181715548075336
408,0.3383404085444217,1.625732198534113,6.850085064142321,106.77146704518644,True,5.516418401545003,0.2429897547405325,0.044048463523448,1.3366407182627107
409,0.3745707148757238,1.6038074897742056,8.998770622064974,110.94215831391637,True,5.369878301209057,0.2658168521464379,0.0495014667439647,1.3311711486857498
410,0.3325508612832515,1.316426659001916,8.977658842971532,70.19597468879053,True,3.617791293124712,2.9709039458447632,0.8211927403028196,0.4648248869772886
411,0.4128392431018118,1.322152128917153,11.68855285146246,117.95917727985685,True,5.28162158592183,0.3676742510334937,0.0696138950987193,1.3249011112218656
412,0.3107778535842318,2.2271479595460337,6.473669845636891,55.65766395228401,True,3.003181334546263,0.2336531637434264,0.077801883308098,1.4151828812647067
413,0.36327834809024,1.6756487214279578,6.435281008159482,120.67690784908294,True,5.991013024798978,0.2296140193884883,0.0383264096469215,1.324935575505931
414,0.4004259013946636,1.8093649967121188,10.66300402348671,100.62341974350008,True,4.623115241841736,0.2624734067667155,0.0567741431991975,1.3442276610619852
415,0.3427162349665288,1.7592705622447329,8.73608547362914,134.77050795251802,True,6.0589312006326494,0.1992256081456814,0.0328813121569822,1.3110854981743536
416,0.2907170213749124,2.090611752159961,6.450758096229695,123.65475524839404,True,6.058897699237988,0.166670530468879,0.0275083915824888,1.3045219782447854
417,0.4227107044409647,1.588849432345388,10.153470998856308,103.9721487628472,True,4.614718146712902,0.3342020953444972,0.072420911682884,1.349237414289322
418,0.3645954028148854,1.026153780056117,10.951095808227404,90.27776698434675,True,4.384648741514869,3.441967360335953,0.7850041276389165,0.4755206975185246
419,0.3702930881279115,2.33316908293864,2.8806166093062417,98.53126440664671,True,4.912993151641092,0.192568995518682,0.0391958607665386,1.3732631356030014
420,0.3508266944711355,2.306634620542106,11.866253235691506,126.39704653057784,True,6.057699026779469,0.1684649295926596,0.0278100527688683,1.2832636718021329
421,0.363884983268423,1.0095712461029784,7.387485625315098,81.79226253849681,True,4.061752985672682,3.578718214579157,0.881077265703412,0.4422107232048264
422,0.3039204752303083,2.475703673621839,10.31106554309275,117.36890808123437,True,6.057687011697387,0.1535428563919347,0.0253467794053148,1.2683778744800112
423,0.2856740283704542,1.4569476075867236,7.591610140737275,86.15646092753244,True,4.798291936547606,0.2921940918222603,0.0608954385615176,1.3551096627717305
424,0.2866989749301207,2.011903575806063,2.455196868571856,89.8825173650495,True,5.077833858581897,0.189186744063435,0.0372573718109536,1.369501644615204
425,0.2936919819002868,2.299761861051289,3.748239746628804,113.6912799401183,True,6.058095840338927,0.1615546554047426,0.0266675634824067,1.3108680674508633
426,0.3915647157173008,2.4032600284398526,10.689530960879962,74.32644312885662,True,3.440563366918747,0.2205750638449635,0.0641101588088183,1.377169518369362
427,0.4397255791812152,1.5390369615171051,6.796061035746806,51.782774757674886,True,2.2593064674705423,1.8973650555107813,0.8397997716684357,0.4093205827459547
428,0.4059717018241093,1.528087352622682,8.568493398211686,54.0153413098908,True,2.463529696744656,1.912589704612898,0.7763615381378282,0.4203976108462908
429,0.3547713671937742,1.2087952278698384,6.286707596158034,63.73266820659114,True,3.225906624210297,2.8835508883563934,0.893873017500092,0.4172392813045089
430,0.387522921678525,2.317584881581636,6.736440410947057,53.48464145433637,True,2.5559725804560665,0.3864718481198187,0.1512034405513301,1.4314212465050842
431,0.4140878735683529,2.014708592532469,10.083258620582694,135.551070489564,True,6.055411049937335,0.2058833603416415,0.0339998983791153,1.302416467624257
432,0.412342374108852,2.135952672823477,9.775274258561646,105.25771036694547,True,4.766383422018121,0.2219605428488827,0.0465679160059899,1.3404740796961652
433,0.3087512750111612,2.276306790537864,2.6906669558392315,67.51642694094683,True,3.7118021695863055,0.2017592429173181,0.0543561412217734,1.4176560714847812
434,0.427909715060477,2.2493380564071765,8.122343536225907,54.73493285253913,True,2.4127209862990697,1.6949817629989312,0.7025187630994598,0.8793468584390776
435,0.3230741155218454,1.6268269402710496,11.424864089332512,101.7968668117711,True,5.261829342109134,0.2383281789888623,0.0452937872921077,1.3219716156738397
436,0.4494296485651953,1.6392733297344924,11.726280026386526,71.3060774186587,True,2.939250147369876,1.982917439857695,0.6746337808750525,0.4532218115965833
437,0.2969595286252073,1.0994128508191574,10.831797803939482,69.25093092610734,True,3.709788047473948,2.8248138689185764,0.7614488571232623,0.4478282492718666
438,0.3966295150109237,2.0891411857215854,9.11325218194274,100.82396258164344,True,4.705164309487243,0.2240513719512548,0.047618182323514,1.3456233112372398
439,0.3905730126795043,1.0367707403140498,2.2654855365618487,115.74851461220754,True,5.581074143029731,3.373620477020077,0.6044751226309063,1.093515920853735
440,0.3069167661409452,1.612623148969463,8.938941139182669,85.27594993740297,True,4.57601584186126,0.2660500090915998,0.0581400979117646,1.3534927043482043
441,0.2824547905964414,2.3611965215993616,6.930050884653976,89.5966674042484,True,5.01813312855653,0.1622138875183013,0.0323255448515696,1.3245435680428872
442,0.4187937339231191,2.436379559053307,9.782098798916284,127.09515122579438,True,5.687158546046253,0.1862849141276916,0.0327553579910653,1.3074653863853718
443,0.3058713724793394,1.0203383686972534,5.846807662361176,134.03650437081936,True,6.059144978604949,0.3264462419689389,0.053876618420855,1.336332587364892
444,0.3859344162760303,1.111414455436156,4.678269680885476,84.58395563963974,True,4.103759635779867,3.8382128252700993,0.9352918216275344,0.4245368967226861
445,0.4059555743010666,1.278402571202648,3.2586964810933203,72.85309108041483,True,3.4403085693089226,3.289506375292357,0.9561660848210316,0.3985660387377816
446,0.4104540600594484,1.578368447386171,10.59334899352201,99.96412775587224,True,4.517114969375318,0.3445075248612861,0.0762671588385382,1.3501630902586284
447,0.3016022051813943,1.458941691499806,3.5211748779741097,133.37115505401297,True,6.059165836077267,0.2136562631090038,0.035261662890436,1.3428223105681023
448,0.3803665870990443,2.1252333239106607,9.155451016886332,81.08172413560794,True,3.87797996022365,0.2394121930706921,0.0617363151760291,1.37221188709974
449,0.3536466491265423,1.8435326244146129,2.527228572071368,56.63201620862056,True,2.9193904433446622,2.801879562986493,0.9597481451561032,0.4559099239713622
450,0.3510081214919528,1.128532340222768,10.094324601038911,127.5937906788686,True,6.058291202707139,0.3279222655909951,0.0541278480381503,1.3127497888007231
451,0.3114776462197077,1.7719880589083372,8.639629647236307,116.62489225209136,True,6.057625287651963,0.1986432537173393,0.0327922650023037,1.3075716963824102
452,0.3190652320137761,1.0509349663872676,3.473888160360516,57.99015668156909,True,3.138479234942963,2.9933580115731147,0.953760655238974,0.3767010143937956
453,0.2890318529636621,1.8300722034422616,11.505851250449377,123.32543907714172,True,6.058720324060948,0.1804951305870097,0.0297909659025208,1.293373502757066
454,0.3042453641567593,1.6663955830124977,6.702504028872888,85.38711262747792,True,4.65072294113433,0.2556483228922429,0.0549695877669051,1.3626098536279034
455,0.3921211224983059,1.1451311405639404,6.847356712309459,103.61291013664126,True,4.926884935382964,3.531834950916712,0.71684948953292,0.9605394599578628
456,0.4496823112133297,1.2841961122483854,4.727421562807391,138.89832837848573,True,5.993440220105719,0.3640467540844768,0.0607408668002123,1.3403089002421669
457,0.3201266567763398,1.2553798700646728,3.077658397326529,106.11670100051596,True,5.694273473284515,0.3580414960450114,0.0628774676391665,1.360251231079237
458,0.3415017010005939,1.2976143366772583,8.203915419385972,90.00071656077483,True,4.607711009904266,1.3814730429732829,0.2998176404735039,1.302948375188687
459,0.418549951709013,2.3541760407542496,5.756153787093508,90.421994010074,True,4.134518054238658,0.224421508537412,0.0542799682075007,1.3819034920545352
460,0.3416222673275367,2.0345725128223044,11.029228584372932,72.72765156718559,True,3.639312549571812,0.2380419668277504,0.0654084977822961,1.3711274535451472
461,0.3142407739750302,1.3175300205867269,11.598368808189178,55.956129740331605,True,2.8736380321015287,1.9431096431272727,0.6761845512276479,0.429102140531119
462,0.3812849580193005,1.0099302677107702,7.90884660437336,57.65423936661886,True,2.7622409123149945,2.278934773009827,0.8250311415089006,0.4072052091494522
463,0.3454074821798084,2.150682930139215,8.795751349042993,111.38005271250704,True,5.640774762928642,0.1860059633944871,0.0329752509561141,1.31295199413811
464,0.3515509646184245,1.3305348306898277,7.773747834566341,101.6481707900528,True,5.133104618705971,0.366056130361598,0.071312813112677,1.346689149864717
465,0.2949104921969692,1.1845048581076405,2.6650486095645363,95.2462952045887,True,5.315186588119833,0.4990662890247547,0.0938944062923841,1.3759638613118828
466,0.3162406826871275,1.489105022092224,8.260335332707731,95.98082627177016,True,5.098985135385165,0.2810221154593344,0.0551133427530783,1.3428747404081816
467,0.3669100739530399,2.446125372209004,7.098483989616827,133.18520859308836,True,6.058561941100248,0.1681667371488829,0.0277568734600315,1.3014915818459802
468,0.3903312222063715,1.2287612149774594,7.665469465946175,129.92906982448272,True,6.057114059816702,0.3383016636048667,0.0558519552816716,1.3222509605685544
469,0.4418171239074385,2.0662593624444496,9.262263585793976,133.8997650181447,True,5.770083341422513,0.2146409634408075,0.0371989364347537,1.31463685710483
470,0.3568820322603546,1.8537724972900629,5.1429583848868345,62.3862871629208,True,3.165802926541096,0.8581574844344634,0.2710710376947159,1.3995486830815556
471,0.3597866482562493,1.2690019922522904,4.944363870190541,108.1315079505487,True,5.443835328507221,0.3965331853904466,0.0728407752001532,1.3548882243909306
472,0.4325877057252917,1.6836652882460648,2.418860661067236,55.770829650499,True,2.5275820765577053,2.440060864878557,0.965373543161715,0.3831494400061186
473,0.2840329116043056,1.8167341329914328,3.1134181927133167,92.74203493649956,True,5.2486434711880126,0.2039331624799357,0.038854451364321,1.3633268476383558
474,0.4195142508068165,1.7032937267195272,10.38967526610395,81.7675279254861,True,3.6267325843859455,0.6939075390175836,0.1913313217536471,1.3794732434739556
475,0.3752355531796735,1.848233707408222,6.800756039434319,112.76800712963342,True,5.502064014895186,0.2243845587791962,0.0407818880645049,1.3356212062640695
476,0.3818634418615084,1.136916483978992,2.3177857423938404,70.1117691285938,True,3.4545613819332743,3.344321503760902,0.9680886034479206,0.3827324650554695
477,0.329401766058732,1.798830210636435,4.059944916663079,112.40696281209364,True,5.923249531051831,0.2074003632581198,0.0350146253624554,1.3378791845299811
478,0.4106531681439523,1.4833378797904,8.749249802108759,109.8858744296326,True,5.020291332246412,0.3270938716984815,0.0651543605841133,1.344238343084931
479,0.3101189011692398,1.5679563873833149,5.7370028659571,108.41210832290392,True,5.853456536825631,0.2315365714930959,0.0395555292905035,1.3327369886296228
480,0.2858230045936887,2.172774796065893,4.382613835450121,117.078815016785,True,6.058593328403945,0.1639556057758472,0.0270616621530263,1.3112571605359271
481,0.3516359246491227,1.4972155275629948,10.668238937532175,87.90298657935307,True,4.363832366370263,0.3732700651259267,0.0855372144912166,1.3545250041540338
482,0.4154034327867556,2.423920616115096,10.41677995299275,117.11253181508717,True,5.256302559575063,0.1907612574967441,0.0362919096331787,1.3179336452473036
483,0.2839289848829495,2.2766421102132552,2.696441470895403,130.8153741036735,True,6.059072263720788,0.1553498810066635,0.0256392190495621,1.3088680893397466
484,0.3486396230922596,1.8275474455318843,2.8887721698059527,82.98308516820589,True,4.290944439226787,0.2699232267820219,0.0629053185388392,1.4035261674149249
485,0.3071809948227255,1.2809088291987003,9.017930348404729,118.66204998584028,True,6.058263047464988,0.2714652791296945,0.0448090941253015,1.3150358352096707
486,0.3795499246788719,2.071805734998448,11.258993258404738,70.29816921879947,True,3.2971266865214544,0.2809471880603063,0.0852097037122683,1.3826428214599078
487,0.3117884818184701,1.7823062781454695,11.045240356049597,98.3294576661643,True,5.177887538184063,0.2144341973942808,0.041413452071515,1.322907334917962
488,0.349125143359774,1.2617723488205723,10.055470488905913,78.03631804274617,True,3.897727575331888,3.0988981692239417,0.7950525297961784,0.4770669313686468
489,0.3435332225020157,1.396691382895086,2.465751054010975,86.55737772848859,True,4.512967239306051,1.0785378233950458,0.2389864065489848,1.403913632709628
490,0.316752747376744,1.377687059792606,10.477140790117394,86.93808890994111,True,4.557014042744003,0.4030249974925389,0.088440587128377,1.3499800840751113
491,0.3884821195477419,1.2684437370194863,5.471351096164781,66.79179597098188,True,3.2181076847167644,2.941669195676173,0.9140990556800086,0.408206645338367
492,0.337589840162407,1.6521176272254572,9.43343892863539,131.04637436373235,True,6.058773971984664,0.2096171161941695,0.0345972827445658,1.3095788685218448
493,0.3463226844196624,1.5127232585850248,3.319125963068835,124.42011891835092,True,6.058482639856479,0.2387795585269505,0.0394124358723271,1.3447305785239427
494,0.3925855666056806,1.5250430736997642,4.431329268271195,85.99031403133193,True,4.129791528117081,1.0275385835773516,0.2488112478757113,1.3995043480420453
495,0.4150769373036594,1.7197163496077428,8.035741389086237,109.38912351809086,True,4.977173272006405,0.2804230073143817,0.0563418213489958,1.3472530179508275
496,0.3682624138479854,1.264804997133939,2.603710529954261,54.69381830342364,True,2.7564414027148545,2.659308913314798,0.9647616345827668,0.3718756093740576
497,0.3583710784273036,1.0201370512845678,4.064557988546497,127.54966121633998,True,6.058537012701599,0.4632670677340836,0.0764651708428707,1.3454040078079963
498,0.3483111224444413,1.8939465666419748,9.01262347191058,102.70608031941605,True,5.1793804445009295,0.2167723143234568,0.0418529429622435,1.332054197360638
499,0.4413907645959647,1.4669987148418713,7.005771502996765,126.47659676394822,True,5.514534656580799,0.3254358777720113,0.0590142048311638,1.339265106894076
500,0.4056433677826515,2.2716652078808925,3.9152351241922,105.1407142434627,True,4.935624309454825,0.2068586329509654,0.0419113408925191,1.368072447274058
501,0.4401301485964478,1.2955861802588298,2.172553674045846,138.01362624644122,True,6.055662798931311,0.3480165412644647,0.0574696037114024,1.3566285873132324
502,0.2830470213386235,1.825984349548668,3.609763137466352,110.33210328057888,True,6.0577965324990135,0.1874291935687583,0.0309401599349257,1.331514451443888
503,0.38640811805481,2.146419191927787,3.757928231140028,123.551515560439,True,5.957788015252636,0.193890188181705,0.0325439890921468,1.3357531814138055
504,0.4357812309120263,1.8197259673079664,4.386928069467324,122.34318268987028,True,5.436014880195485,0.2511560501074275,0.0462022374188931,1.3551460952083323
505,0.3120746365251071,1.6014184997718968,7.39493111322353,138.05382675884516,True,6.059114974862127,0.1994733801320339,0.03292120729836,1.3194194253238112
506,0.3712511934775455,1.8059544460193735,6.240948487223633,97.41299730601132,True,4.802763938238864,0.2544315655821563,0.0529760714567733,1.3610312164941405
507,0.2870949124997338,1.3048048633056684,11.844890843041773,86.20181899804192,True,4.673273267220811,0.4062558093835799,0.0869317470119139,1.3407903892006652
508,0.2911906893429511,1.0514340399042377,9.629498563007523,120.79477307454582,True,6.058677139539584,0.327859796408577,0.054114089405578,1.3159841116276865
509,0.3519998956386813,2.271233298384528,7.701993136185943,114.81062701697202,True,5.778990910784045,0.179302691395545,0.0310266436067501,1.311561088076719
510,0.4030557913549648,1.6564093333113523,8.516838224746168,96.5781876815478,True,4.4740560030728425,0.3158442396169202,0.0705946102149803,1.3607434307596111
511,0.3205466145910349,2.2164682404145006,5.487775311194865,136.28538554955898,True,6.059065188933975,0.1650434117502985,0.0272390883088247,1.3090075646128003
512,0.4002625268251774,1.2779977856271794,4.260061762761218,104.08926962946458,True,4.92823537507192,1.0865358443570852,0.2204715809340232,1.3760546199183263
513,0.3773715368258205,1.9803680090337117,8.133380493686403,85.07840906737601,True,4.117404328895874,0.254784160916858,0.0618798010991505,1.3708259320734202
514,0.318166866111608,2.254393842372643,4.004345393439268,54.45267253287501,True,2.9443715333572125,0.2512580283214104,0.0853350283667912,1.4380977232038767
515,0.4134546395913426,2.376800642940044,9.107479680467176,87.88591842052595,True,3.981305792986682,0.2207975776430175,0.0554585829684236,1.3667508386614535
516,0.4178339893147532,1.4440524208605623,5.4924879350318445,129.87629891816889,True,5.920271067141077,0.2966381484131333,0.0501055010909122,1.336157339869704
517,0.4437729989708349,2.024871591070222,11.365702346040957,58.30482864404508,True,2.412257787803986,1.547206555368184,0.6413935372871956,0.4573392675327339
518,0.2812512435732465,1.1906083934774363,5.083050552655637,121.5261174519023,True,6.058994739318523,0.2695753462489215,0.0444917610671571,1.337020231326548
519,0.3985769951993547,1.462610137528933,2.498492996816399,64.80360186799686,True,3.107609770357931,2.999618747414074,0.9652494904688698,0.3942788084711242
520,0.3834116937946576,1.9620998624270607,2.2365998253229606,66.55184053435553,True,3.272603829932932,0.4348727641824639,0.1328828012131783,1.4510292176728243
521,0.3489626409160455,1.860052393428858,2.388223910829394,93.3643012706579,True,4.821828994246481,0.2362931121960488,0.0490048719019275,1.3882237353702696
522,0.2882690761012361,1.2104001180526462,5.173193505505736,112.87163197764325,True,6.058176075480089,0.2952281496819005,0.0487321837469877,1.335202522598173
523,0.4496113841968205,1.4288396268840415,3.6154995436092814,89.7195807366785,True,3.91685217636218,3.710170125897936,0.9472326140589246,0.4491348497512724
524,0.3049016867529093,2.29637904983202,7.529380309727795,117.2192690100328,True,6.058075725991533,0.1603635047103047,0.0264710300702056,1.2928139251315791
525,0.3751364955758215,2.243401936139968,3.94096527887823,82.7178391720341,True,4.092391888995293,0.2214658656483905,0.0541164853356118,1.396874056472213
526,0.4371984447714653,2.158967230605983,2.091432066950463,134.5103236419228,True,5.970862998118304,0.2054638716479704,0.0344110845806915,1.3507518355202524
527,0.4258309692477129,2.329627857586568,3.507404163825428,129.40100375855758,True,5.848488056183901,0.1935608071925721,0.033095871160737,1.3406053731133238
528,0.4149648774384948,2.392290167935754,10.934929376332615,64.62825492188956,True,2.849559854681498,0.2767105192332381,0.0971064070749855,1.3974138270643732
529,0.3785775111863851,1.3127203298437071,7.369458752792626,72.98418879732742,True,3.5378212365679405,3.0764415000565264,0.8695864755001016,0.4483955616065294
530,0.3043717179756685,2.282475392500377,4.998603225939032,97.9613176218578,True,5.352872272079864,0.1720441527811184,0.032140530174517,1.333430962111429
531,0.432797817221168,1.771461124196983,5.1533049612969855,71.27024342524112,True,3.189749431062391,2.920679473949623,0.915645425157063,0.4649042595411354
532,0.316032372841392,1.4229810962896554,8.958989428499219,85.51595077576626,True,4.528343077595864,0.3664781944235363,0.0809298651060031,1.3575096745506243
533,0.3349107811699282,1.5070536053687071,2.492478903222312,131.38106792649,True,6.059054459039054,0.2249042261868857,0.0371187002373559,1.350260639865335
534,0.303178260566632,1.2941695454210218,8.441176216560336,98.20200774390878,True,5.311085483080861,0.3199294738027678,0.060238057704389,1.337597538255206
535,0.4451638821109382,1.475924238063831,2.251165622159464,100.6787120572042,True,4.43990022341437,1.18021257107077,0.2658196156856794,1.3911422900178514
536,0.3000337809320877,1.6480530683169954,8.759528292486802,93.51525788693765,True,5.0727075467891805,0.2360632275008982,0.0465359426545921,1.3382907050492916
537,0.4470445422889565,1.9884300468210068,2.746718851759475,80.86846192650823,True,3.5587317406139283,0.4176671077439733,0.1173640325224177,1.4344888043326702
538,0.4169545341092973,2.247400582808756,6.596987948734543,134.24644128236375,True,6.055390375149906,0.1925816282388689,0.0318033382338461,1.3153389478824122
539,0.3728966799211817,1.9650430571184692,5.3579291123920365,57.60308939212273,True,2.846385332830031,1.9681794628040092,0.6914662748234227,1.0920642349238885
540,0.2913519016325565,1.3103010899079155,2.383036324939491,94.84587038156036,True,5.322158998676962,0.3439050063338049,0.0646175746382805,1.3765464661929374
541,0.3315202500026535,2.409797244272104,4.490531284356418,100.78583130658342,True,5.301591190405079,0.1726566009760039,0.0325669397686643,1.338989507096816
542,0.342957136343741,1.4548731159629988,6.387911283568186,99.17341824591252,True,5.103947666085366,0.3179654623245418,0.0622979472217855,1.3539731121453773
543,0.3397122722573923,2.3986361487001906,5.678240350284885,120.57953944012816,True,6.0576623865297545,0.1671541713004607,0.0275938407647406,1.306320389336646
544,0.3459248602992268,1.408132065729212,9.928716391192324,127.8963602789526,True,6.05841985374593,0.2515266293445121,0.0415168699787276,1.310713402290868
545,0.3311882986282276,1.7965243052305018,7.055809317225849,107.77360532333668,True,5.620759296398452,0.2132041181762362,0.0379315510473555,1.3292958847420864
546,0.393005250892296,2.385122516109103,3.3759088632368632,50.10871270328675,True,2.4208159145074624,0.7949425029348858,0.3283779233980392,1.391888936166795
547,0.3403276068082796,1.1890528007709946,11.854424069733428,111.0846261918438,True,5.583989316974087,0.3721655551486285,0.0666486868120123,1.3163908810447364
548,0.4441587115528533,1.9472058635970009,9.072010719833967,134.92328444530415,True,5.794949790324366,0.2251293073362013,0.0388492248392026,1.316413287598972
549,0.2960592601782745,1.74811581777167,7.973707214109256,97.85016839968084,True,5.354907667500536,0.2121911570731816,0.0396255491688476,1.3314218226918784
550,0.2843249124237983,1.748547211426997,2.1255263570914265,100.34663115110558,True,5.676889903314945,0.2034335466642807,0.0358353870039805,1.35792421099561
551,0.331822522399829,1.2163092737690102,11.006409688316827,57.45008047931779,True,2.893651491933571,2.0347311609248684,0.7031707745721782,0.4229328297568253
552,0.3938867152376333,1.2399218863796475,8.860001173315428,86.06950915453504,True,4.03780030439586,3.38287373576921,0.8378011493253774,0.4772440421517365
553,0.4305458348013223,1.4151382179965282,5.55038821180727,79.24605082777528,True,3.5544547560063338,3.251569660548467,0.9147871850257624,0.4340697503769331
554,0.3675403083687366,1.6225527758592069,4.785262534774776,132.47083771486405,True,6.058693152319731,0.2250786142588454,0.0371496969066123,1.3346016044390052
555,0.4192848109846055,2.402160662323874,7.322919191599663,101.4714479652818,True,4.599042043995024,0.2065848905544776,0.0449191132801701,1.355312971080036
556,0.2849386380923652,1.9185600192994707,8.381473637952611,58.77197799450192,True,3.251780033171101,0.2655897289611524,0.0816751829004104,1.3975297196959713
557,0.3296367061368201,2.378759702145567,2.453304920712134,115.5805043273276,True,6.055492837839936,0.1671832217254399,0.0276085243930494,1.3262730169956405
558,0.3627820081978157,2.026037611465063,4.926257427665535,72.46056797451384,True,3.6459435139995353,0.2770460669329777,0.0759874819423801,1.4079252026674571
559,0.3766334000029062,2.4832598792733305,6.2681582791789685,103.9308272308253,True,5.073205736723264,0.182055550664605,0.0358857022782981,1.3401460096087914
560,0.3184797661787319,2.403204526943358,5.653155608096313,71.18354528084177,True,3.816485707436758,0.1900793846185519,0.0498048202429175,1.3853747311124351
561,0.3284171966902256,2.2613522803430346,4.7536905181271765,114.45678714468056,True,6.013975826457587,0.172809727096349,0.0287346893441271,1.3170556310682189
562,0.3217870069240608,1.2014909624551229,6.082330471836388,71.02526627566202,True,3.7847332247086793,3.431460822313744,0.9066585723694892,0.4342403029485142
563,0.4183477962237104,1.5733093603805832,7.645168986873159,93.89651089486468,True,4.257811499250707,0.4687120256654005,0.1100828502501543,1.3732014679413007
564,0.324037667205996,1.0294047455318076,4.534706406591749,121.30569055078388,True,6.058533063956132,0.4310770315892436,0.0711520473749394,1.3420326065686687
565,0.3296656429353312,1.1342599660656638,9.692708118544193,73.30582465456429,True,3.7784920488571903,3.0406623150014007,0.8047290494950368,0.4528430399661842
566,0.3124222292201494,1.468655077155907,2.861242402198603,66.67215453511422,True,3.646594072491491,3.4865286955842483,0.956105512781169,0.4518334621384832
567,0.4438185083336879,1.4980979786298412,2.061855259914186,110.0474402301836,True,4.859242370860056,0.4741771951548205,0.0975825363226107,1.3961572767804906
568,0.3446208615248876,1.8753681587489104,9.345654731068617,136.26336064119425,True,6.05894492690086,0.1903214063887205,0.0314116415786716,1.3058707771820397
569,0.4281927238247722,1.083837798017652,9.910698270546092,96.95082210416584,True,4.265253745915866,3.4700483219395246,0.8135619891928401,0.4747849501355139
570,0.4209792810892823,2.0258589218289087,5.418304881870401,50.46333000374569,True,2.299652191667076,2.048736006400948,0.890889506606548,0.4305114830684724
571,0.408417629438657,2.1181798127909963,8.690559856208862,109.5006105342689,True,5.021374388580089,0.2170291905974408,0.0432210733163059,1.3379743047680774
572,0.345518017430894,2.193030766342427,4.2801396491143455,81.37813169809584,True,4.210825892536376,0.210960814280695,0.0500996288292564,1.388356276663831
573,0.4385581056296418,2.302519278635932,4.293504374279168,93.24322143715894,True,4.140003721685011,0.239332015176958,0.0578096135332816,1.3944196552526091
574,0.4248630790413134,1.9974676185812072,9.689975713311114,59.05717272104626,True,2.582797412600073,1.8891010657010283,0.731416663376355,0.4751910362991807
575,0.4375943457306423,2.4049326227142043,3.252641799046878,129.13312796376977,True,5.724842082708099,0.1936923852257804,0.0338336643050519,1.3461770331439915
576,0.3724429284040748,2.3955065172496672,8.01739142892907,82.20059820692865,True,4.010512784015325,0.2041847725804422,0.0509123854172115,1.368841717943658
577,0.3860291557301965,2.275076409939624,10.67502495291338,100.44145655195528,True,4.724746084454897,0.2003170192615216,0.0423974147352793,1.3342957604173118
578,0.3957373019048238,2.352864470353175,9.673239397630372,109.34206371416532,True,5.093731532845357,0.1928469073567424,0.0378596528131152,1.3263201129615534
579,0.3707651643438117,1.174926942959934,6.012518556285853,71.19863394880022,True,3.5209327580665524,3.1895783048858,0.905890150153646,0.4185733517000685
580,0.373922229642324,2.050699766490151,8.227983632085348,129.06138752058183,True,6.057912821963976,0.1924556027948187,0.0317692922382505,1.3081568117039106
581,0.3685476679843047,2.2382604776926924,4.778955201962576,94.27108470163644,True,4.692575409853233,0.2029241007895283,0.0432436525928679,1.3678352002781555
582,0.4252162405431524,2.191376501281905,5.817097808513986,126.0330469124806,True,5.672201286402253,0.2041818270257233,0.0359969290080026,1.3332999653202875
583,0.4141447251994089,2.112896064586418,4.9528580367707935,106.17396071682,True,4.898662194138801,0.2247914646360954,0.0458883376169632,1.3643170433448808
584,0.3016861999025759,2.3647228212952323,2.3121612720045315,58.27688870247467,True,3.2438186158813256,0.2045938636660976,0.0630719185913885,1.4396506090922627
585,0.4324755228775105,2.2509481463781507,10.351360595540008,57.2320373014075,True,2.4468845856859684,1.3557294723359707,0.5540635141791539,1.1103397368131849
586,0.4181484816503337,1.0119502012907176,11.825687260997958,56.667401141085,True,2.4403490852380667,1.532976575981941,0.6281792163486284,0.3988939841368366
587,0.3873474410568407,1.776982182620157,6.7097185559350905,59.5915866422084,True,2.853227435726501,2.4752568240651165,0.8675287476460339,0.4627424388346801
588,0.4131750502034306,2.171088795011606,2.1828687789840995,61.03420135131971,True,2.8598183217548825,0.5637837897373226,0.1971397222853532,1.467809180942356
589,0.407798443644375,1.087374504369504,8.7400545403025,79.33324416994628,True,3.6341357344281593,3.023338899872929,0.8319278972524836,0.4399482264794723
590,0.3305893901652066,1.440211187690797,8.912611756152135,130.735114932923,True,6.05886863727768,0.2329494873359554,0.0384476873954181,1.3152011309572158
591,0.2832584568129236,1.438986089035475,10.028683413588718,87.33116413438873,True,4.81761756217389,0.2796402835478287,0.0580453470909476,1.342564175626427
592,0.3868988406096025,2.2678589175923816,7.762688860349282,73.97028957416553,True,3.527885246246085,0.2418637998117412,0.068557728760906,1.3909127054501669
593,0.4291490341479484,1.327561860331259,5.258174763765576,122.71325263349296,True,5.501967690558483,0.3892251240142967,0.0707428952522234,1.3511267538344989
594,0.4307158711343297,2.007548410456125,11.77433106787203,94.33877632996058,True,4.071665872270339,0.2618513349506864,0.0643106146636437,1.3560138613749952
595,0.2970129483502202,2.237321848245961,10.204246997028314,62.46461222342898,True,3.3512714434342614,0.2012877420139133,0.0600630970697022,1.3789996528275568
596,0.3466359837211972,1.9474283114887725,2.355064068339792,58.99798038548857,True,3.074640626721392,0.5126472877844075,0.1667340512348147,1.4566814521837823
597,0.3855914139684782,1.5331961033756194,10.08703933587548,104.01097661229072,True,4.917691881483584,0.3006589390134582,0.0611382222106104,1.3404396056295995
598,0.4125694676262322,1.502491798959167,10.102024053239374,139.28039399173372,True,6.058048555332958,0.2584905106744573,0.0426689400577527,1.309385504189993
599,0.3127881025190587,1.5938578815421096,2.024380370536232,98.9800134971045,True,5.387446447312808,0.2455696575533272,0.0455818280431936,1.373980813966142
600,0.3312893021665544,1.250655796872122,6.896234633631897,54.18983563273422,True,2.8283503248848225,2.443936389663824,0.8640854593439895,0.4168701326373747
601,0.3086615093206409,1.3455645496876905,10.11222061297562,113.5716164618408,True,6.024633921990622,0.2660577741570508,0.0441616499196588,1.3091434983650978
602,0.4095119682427381,2.419801041723077,5.431590520474664,64.67114343140369,True,3.008038795070808,0.2728110168649313,0.0906939821760209,1.4256211380080877
603,0.4484345624343789,2.1890969218199845,2.832564422900418,115.51517208241142,True,5.04470017343268,0.2247389041984842,0.0445495067044906,1.376648544251231
604,0.3512948803304652,1.2613542727295466,5.299663128474335,118.0430842131811,True,5.994079496058564,0.3332478907698577,0.0555961746902066,1.3360886192579042
605,0.3771444732870348,1.8931015144401877,10.406173393880309,107.86563794561948,True,5.160297848393314,0.2257848690544124,0.0437542319625429,1.327674099936683
606,0.3072934763615327,1.525955724271958,3.339656895714456,135.37886688224216,True,6.059168330653112,0.2068378788966055,0.0341363480281972,1.3428249081140151
607,0.3374063115739154,2.056181987925445,7.405859010737553,52.57767422465721,True,2.7067362068941736,0.6486759571359676,0.2396524476540277,1.4231610207193557
608,0.295760175014902,1.5480081525110636,5.77651363169085,103.68693627869162,True,5.718568671125773,0.2332415878513087,0.0407867075250828,1.3363028174929883
609,0.425555060648655,1.5740017413486744,5.507814359789001,90.24097456356156,True,4.082314582927304,0.9770825849123452,0.2393452452191249,1.3928247905743911
610,0.2889251982716512,1.0696297080069492,2.823987973602481,53.8007253008601,True,3.0478670732115285,2.934868249764224,0.9629252783231655,0.3715745162908188
611,0.3958140830912328,2.02182132266162,4.6597546297613786,84.22680755946513,True,4.020481119656968,0.2715310595200749,0.0675369567568675,1.3973557183528065
612,0.3555154468477244,1.1435611064865212,6.421713330191158,136.9075902786949,True,6.059010986008795,0.3132522275033623,0.0517002243809609,1.3316514168476885
613,0.333750468487716,2.480657317633458,7.891876196826576,97.27081215518582,True,5.03859626561167,0.1679325142990904,0.0333292261269724,1.325477767189691
614,0.4289534733035445,1.136424104974935,10.598634217296372,98.57626700987038,True,4.311795102568371,3.4167575013070834,0.7924211192855273,0.4859962683498748
615,0.3197057960866908,1.899490711332784,5.41454795960764,106.31334762723,True,5.670099553140414,0.198942218203533,0.0350861949316829,1.334315641038713
616,0.3560561522710508,1.3054494875801586,8.790862795737457,92.49829446773344,True,4.616475757538225,0.9003965647328226,0.1950398121906236,1.357125154580329
617,0.3977597341781711,1.461746056417592,8.587768749894192,99.91111512407832,True,4.668552780961662,0.4008971116658127,0.085871817343625,1.3555826662243575
618,0.3736935177718678,1.0888601847552282,10.918158838068758,56.432732911777016,True,2.6563354218613897,1.826682355135552,0.687670066100135,0.4079358426830111
619,0.4190478443708872,1.3771052311078456,2.3981330822837066,64.85251353588157,True,3.005754009809896,2.906938218423916,0.967124458267884,0.3828140966309434
620,0.446812061961437,1.5803238698775557,10.749471249312691,131.43477625139286,True,5.574938486746795,0.279923295293999,0.0502110105715885,1.318699994245954
621,0.3809956628959782,2.2192124929049424,8.706137470969889,67.8738782760743,True,3.243014840401402,0.2574552109613341,0.0793876141897234,1.3963098039492985
622,0.3176455802345756,1.4772935051855298,4.185204519683144,100.29190378662932,True,5.393592766607771,0.2753612928313297,0.0510534081356896,1.3587089457224644
623,0.3383056697524347,1.8505575229823064,7.490581668592139,92.9515036348756,True,4.796662800154597,0.2309287273900708,0.0481436233922109,1.351926466650657
624,0.3040930584847708,2.2875911941729177,6.860902746222277,66.71756299827236,True,3.630772090774602,0.196786607156281,0.0541996584297578,1.3861102178953746
625,0.3257271203874129,1.012237738782663,4.3102475186509865,117.14768822793444,True,6.057750813372405,0.5380425126451976,0.0888188585534875,1.3429770820304543
626,0.4483614381580821,2.1489600061863,5.465298242937308,56.30283217738042,True,2.4443022065135493,2.182613480466818,0.8929392914880221,0.452934143978799
627,0.2920247446978244,2.255018261941246,6.402686999696447,136.47111055848055,True,6.059048477523714,0.153981862234593,0.025413538578837,1.292221822449171
628,0.286789846882946,1.3644274353262291,10.42383633926662,112.6923511664117,True,6.057213406568107,0.2467856085046101,0.0407424325246671,1.3064089637306957
629,0.4012826042544375,1.205329976011064,9.39225692970339,82.16531909518648,True,3.790881559949544,3.0887976740178598,0.8147966706875882,0.4582456783505253
630,0.349346127431799,1.5403275128187266,4.9931595336450165,60.771822832137175,True,3.122502888135972,2.877747378022435,0.9216156016881548,0.4265665236477094
631,0.3027874625460653,1.905886755151424,5.375432831700935,123.12938795146596,True,6.058826538296033,0.1812065614203129,0.0299078642167687,1.3203096822573674
632,0.3541345275554164,1.3910265355620204,2.0968992667126725,53.03123543030286,True,2.736825961332074,2.6563367999347847,0.9705903252400772,0.3742429048341646
633,0.3073963078781465,1.977237638349553,3.3402095371041964,54.15864783073405,True,2.982765794567717,0.3619540658421029,0.1213484701015755,1.446828770054697
634,0.3172485754036508,2.217717038620704,9.59493801393042,114.95706194030556,True,6.026635886398525,0.1680776269054998,0.0278891292047082,1.2907475451656194
635,0.3391168888398582,1.7024222580337665,4.65330141472919,80.76875782604856,True,4.21599433402391,0.3095853008181703,0.0734311472669105,1.3921586126116408
636,0.3505051586856678,1.1624685413952298,5.360150340584751,128.42721827115048,True,6.05865092518109,0.3334494133642496,0.0550369079654944,1.3363018454671574
637,0.2992678284267517,2.437529529646807,3.782283454118821,133.09253238843615,True,6.05903086461494,0.1502760414647369,0.0248019930616886,1.2955084386569165
638,0.3307752820604389,2.111537498672069,9.218573894572527,91.50382527938352,True,4.732528591022305,0.1977740856604432,0.0417903625633925,1.3397442868523024
639,0.3474028715827446,2.48855320864545,10.607681401360017,104.44860523451834,True,5.224521368196058,0.1682118464490354,0.03219660416608,1.3083870237407451
640,0.2916774980958529,1.0587412670436986,9.79126634142581,66.08675414728206,True,3.592979407158961,2.8540657885728056,0.7943451562472414,0.4382891720505091
641,0.3485436647034768,2.206452951061541,6.239793734837467,66.15050216649014,True,3.381162143501965,0.2424574209797501,0.071708309359169,1.4050790162710132
642,0.3400393253464429,1.7470033335253106,4.549920983804183,71.9799087426428,True,3.7564882700235858,0.344503475672573,0.0917089182526344,1.409192903987584
643,0.352186164256005,1.9736299188789896,8.177273975493886,53.887103780891714,True,2.695335941143179,1.9124481908220932,0.7095398245648601,0.9654969204007742
644,0.4443307783796517,2.46560577531273,5.4543885523139854,73.76332180116762,True,3.228864478307794,0.2717881487049011,0.0841745296313401,1.417973458175933
645,0.3375427885206981,2.486622850186782,4.684616297867201,97.19624173047778,True,5.068164804659764,0.1725531247208936,0.0340464707387267,1.344463447410226
646,0.3521646689975576,1.571916057470848,6.628328203866413,99.58253031898307,True,5.048800493944976,0.2863028944470629,0.0567071118754694,1.3532661944283195
647,0.3959866573363316,1.913198221837621,6.686161694836507,69.84980913622685,True,3.3020928268457013,0.4560974312290742,0.1381237461046053,1.4095721165017454
648,0.3742095317835998,1.9306566922084551,7.0935230460264505,62.51390067664255,True,3.0517100311620444,0.7268171281233028,0.238167165524092,1.4153052212243882
649,0.2982674575680943,1.004944858120457,5.575287476903833,122.49722008213386,True,6.058886653206428,0.3886762718388746,0.06414978428969,1.3365666984984317
650,0.3287550477299508,2.449249452333926,6.03271627200823,75.34609427572536,True,3.97143341326137,0.1867531808113229,0.0470241248884391,1.3767789732151097
651,0.4485523155868911,1.363641882138309,5.391929005982282,55.88453514819006,True,2.426613833928572,2.1806841092914397,0.8986531267568914,0.3955058531601954
652,0.4297983855545622,2.122486582804404,4.435566772209361,135.64313332764982,True,6.049037499750697,0.2043258881656286,0.0337782478905197,1.3314427537912668
653,0.3040131087869941,2.496420328684679,3.8686443105688246,69.28275831004346,True,3.819088372622784,0.1791643099548228,0.0469128473798003,1.3939983113334895
654,0.3795182140255916,2.0171043353736096,10.215884661917158,78.35440326492159,True,3.7217077334406974,0.2596928130510077,0.0697778631883388,1.3735827599453354
655,0.3987554144565959,1.3060303028034554,6.17385831884184,57.74306790691421,True,2.7218625765260525,2.405743151038984,0.883859152841384,0.4098748634556028
656,0.3125914468787351,2.1906831286870614,7.792198130520161,96.37958289395074,True,5.154109666300298,0.1805820182493441,0.0350365106567413,1.328706268989278
657,0.3614054729944083,1.616319014246517,9.814587860052717,135.16265457962837,True,6.058713207912326,0.2202710269275418,0.0363560741973857,1.3094145704130935
658,0.4381945402575643,2.330027386023044,7.112395121836222,110.59571331867872,True,4.852933078506347,0.2124315761600811,0.0437738523741324,1.350274853944208
659,0.357905525861763,1.597593041989321,4.970885320614034,64.34607276665233,True,3.2629776982011185,3.008898143714797,0.9221326107664188,0.4457968755184498
660,0.3402040870656782,1.862680011241378,2.4821256547898614,95.63616831312704,True,5.000880202091693,0.2260624398622144,0.0452045301480448,1.38055172015787
661,0.4115552607200416,1.527338787084068,4.041352947702004,55.99405625775072,True,2.6141329826826616,2.4510113087862573,0.9376000857733692,0.3892296038981504
662,0.2967735107246902,2.1753652427372576,9.230034505686412,111.1360926715464,True,6.013372310530944,0.165693479621599,0.0275541694518777,1.2909512748389629
663,0.3642508171668847,1.8724415651803612,6.112735649171439,114.75828729501204,True,5.706679066726534,0.2138870346331488,0.0374801232261758,1.3324547537267328
664,0.3244214737959863,1.0108259005627929,7.979470288215046,62.13984011626702,True,3.258737467648768,2.7518529917199293,0.8444537244988428,0.4195972939345758
665,0.4060685408255047,2.130702585457878,4.628029579552924,110.9189308541814,True,5.188147264398286,0.2133057195130721,0.0411140448878162,1.3565532835534424
666,0.3334232131215847,1.163645637278987,3.2205241794111314,60.93184485055801,True,3.230441380355935,3.092378879783829,0.9572620319280042,0.384126620658082
667,0.3747261402378446,1.9821495449740807,3.0219285907476423,86.33987259408913,True,4.284150818627158,0.2518691895870891,0.0587909250281248,1.401612376499009
668,0.3696411151902274,1.669396089465678,4.557090004356217,100.91745575550355,True,5.015208238294425,0.2738541571882048,0.0546047430487826,1.3673159591858235
669,0.2847198677216632,1.851386623517532,5.841271760043811,118.51963796776184,True,6.058707185877044,0.1812883584089885,0.0299219541144974,1.3172890720393102
670,0.3277869509450112,1.4141097619982466,2.234232538973129,75.66877928922212,True,4.048200037665637,3.412404517609117,0.8429436504765345,0.9281947715370786
671,0.423370748480544,2.119945620758555,4.133806073353206,54.469786841412215,True,2.4908614124401662,2.316047371861857,0.9298178374335756,0.4399096030490463
672,0.3047983144042351,1.7428666421774277,10.27025676766042,109.47284116076946,True,5.844250037803362,0.2044443757389019,0.0349821404656644,1.3066266320478457
673,0.3974805622286931,1.455259791564097,10.005625745755976,111.91253602866246,True,5.192314551126636,0.309628679521863,0.0596321113586385,1.3335817578359928
674,0.3978253290513395,1.8114758879536748,3.638033490581504,129.79081699820068,True,6.057073220846488,0.2212712961275228,0.0365310584930653,1.3398098500234732
675,0.3694464560619154,1.3761004446794969,2.308060679874587,126.86844663740884,True,6.05830765386427,0.2787525353916346,0.0460116176526349,1.354187278203277
676,0.3226096875356644,1.3813986960102882,8.470537578313952,110.01965233919816,True,5.776216880786532,0.2788078852638095,0.0482682508323415,1.3233926113510144
677,0.2954555167217215,1.8770178971767495,6.540140028286491,83.01887345420118,True,4.581618354381994,0.2159862184142284,0.0471419052631594,1.3616809679375883
678,0.3991487780177906,1.1941453758640284,7.345697182223632,123.11481211068148,True,5.761432822478457,0.3941127255072044,0.0684053320850254,1.332060110612712
679,0.3133622298252284,1.6240068456414984,2.22993929549539,99.87995812592702,True,5.428505806963315,0.2384437156364005,0.0439243733202866,1.3703733299007244
680,0.3590914554313701,1.4801444144676923,2.6732235923022363,81.52653463884954,True,4.152681654712927,1.1279202323821855,0.2716124967349942,1.3898926693133902
681,0.3568257252716491,1.7561943885762732,8.871076455454059,93.10385015056497,True,4.638200769364022,0.259838422191654,0.0560213830992232,1.3516898644249595
682,0.338106556148711,1.213830321253478,4.369986463631621,51.11155584182198,True,2.6797558077859462,2.498026234073417,0.9321842784389086,0.3794021214413363
683,0.3677578214057705,1.460999429605255,9.988639774054112,132.37429831317934,True,6.058418057062758,0.2484816009134126,0.0410142711468613,1.3103211125245218
684,0.3726345705358106,2.41635278106928,9.266466520393434,124.58411172713171,True,6.014342385221799,0.1730320482267652,0.0287699031987158,1.2946034975703515
685,0.421432085706877,2.467866693539376,10.944125110812562,92.4455834599725,True,4.080088161449655,0.2082997323227116,0.0510527528034351,1.353563126345894
686,0.3642043519655841,1.738162928988958,7.658968635482974,119.4266002053337,True,5.899479691165624,0.2237051733760329,0.0379194751210056,1.3203094627356702
687,0.4349127528030715,2.205975297988976,2.488873513306088,129.9774194486517,True,5.797680392611321,0.2043599378177298,0.035248569079139,1.3527084584224291
688,0.431908822404344,1.9959394109770463,9.23558961145281,91.7241117258176,True,4.02249074760404,0.2760244545081062,0.0686202832592014,1.3696569536635268
689,0.4276560768348649,2.2264761785840657,11.241629234663533,97.90137080449948,True,4.270073913454111,0.2278771371610453,0.0533660872808435,1.3494964246263383
690,0.3822845130859182,1.826560667751575,9.294497389992916,88.55079059849692,True,4.223526576717775,0.2739205229174063,0.0648558776514857,1.3630690747536116
691,0.3709438413272444,1.270791396121042,11.397773672670002,58.51960949881957,True,2.757069736558908,1.8616075153510028,0.6752123425338058,0.4198108774611788
692,0.4158435047945171,1.2625067498139426,11.95919108771104,68.99902193274268,True,3.014242865762044,2.028319839724391,0.6729118820396056,0.4281335205300518
693,0.3565095690536584,1.8564633434673616,6.066229547199073,89.17903736054615,True,4.505330989828526,0.2521565841634471,0.0559684925997067,1.370869386236854
694,0.448924869272725,2.1088644638529708,7.638701288739567,94.72391503870982,True,4.068453101175499,0.2725498614280383,0.066991029428185,1.3760529269933517
695,0.3618450594851874,1.1251725078567183,6.321811049799327,70.23418651168703,True,3.516873934337125,3.1604651059942555,0.8986574909998738,0.4192796981725988
696,0.3659165861577525,1.6774810861804703,7.581565752171167,64.96073742684393,True,3.204920200134254,2.719768115907241,0.8486227257057164,0.4981895130365923
697,0.2955605285855664,2.208710939326419,11.640820685143654,63.13661872664305,True,3.3513682610904723,0.2023456762238375,0.060377034231982,1.3724568576381784
698,0.2927721143570067,1.419258664439626,4.360767008918561,52.22391508763105,True,2.9253585168899634,2.7329909538308184,0.9342413718016154,0.4020532852384071
699,0.4028567248845322,1.0709850328379222,4.84660257390871,50.73033220775684,True,2.3934028936287075,2.1886286678297173,0.9144422251915448,0.3767732375723591
700,0.388545150579105,2.4628806528122498,4.119693479671133,60.548186392217104,True,2.9347289959444134,0.2606695051344833,0.08882234287892,1.4385725742773352
701,0.3299698829472515,1.932816426217333,11.318356100443472,96.99210365570832,True,4.961966078193901,0.2075822153659772,0.0418346703896724,1.326717319891086
702,0.3878493763094703,1.7701256852898684,3.034775178787506,74.84570420286408,True,3.642599018403222,0.4848967892694426,0.1331183550041154,1.4286127054208282
703,0.2859760520389298,2.0889700401507865,8.83485853847181,123.27985965665862,True,6.058832485288647,0.1625577427737989,0.0268298790515339,1.2922948279744744
704,0.3421959845758906,2.065302455237176,3.3078269791215957,68.04845093469604,True,3.555925067732783,0.2609530578435005,0.0733854209166115,1.4246295020832878
705,0.3583455362337283,2.305990640973671,10.394729728441908,106.4769862759615,True,5.2452603597324,0.182064727978913,0.0347103318982246,1.3156221758550457
706,0.2863766356152278,1.7134456940282377,7.612673937642182,51.385100295230274,True,2.847180172975654,2.3779405290307016,0.8351914471733135,0.4761414198002418
707,0.4180559361110789,1.5079477344271397,11.798890229802195,120.44969531176292,True,5.341566267691719,0.2878372844955815,0.0538863078862384,1.321464470027371
708,0.3502556620902856,1.1456301920875205,10.181580776578327,91.9560574605407,True,4.593205252315411,3.721976423901179,0.8103222519884017,0.5161560528226623
709,0.3384247646690821,1.585547147440463,8.508141443700852,124.92294519715534,True,6.058358780202499,0.2233660623298937,0.0368690713827991,1.3140178594744527
710,0.289198110003456,2.4134252513386225,8.052808808214563,122.123958968078,True,6.058682984475783,0.1512590888075701,0.0249656714495778,1.274583540228027
711,0.3813871986810759,2.4508091335528235,4.2088372349239815,81.45211060167955,True,3.986408439326097,0.2061294702027933,0.0517080658793807,1.3956030030348718
712,0.3144447618696416,1.8779676479241951,4.843098822080503,56.82059067733179,True,3.0778832151656323,0.8207289554025747,0.2666537025701959,1.4107024394585008
713,0.3134207211900103,2.187759372328045,8.836209818943711,69.62272048216492,True,3.694165335039692,0.2052670118733233,0.0555651935570766,1.3755133736350391
714,0.4320088262033464,1.0274262391891171,7.546261051384266,120.04439461836118,True,5.313980848393007,3.631406363253144,0.6833683573307029,0.9710054130454716
715,0.3243347736819558,1.8201060376273204,7.128411388325953,66.3753087402674,True,3.502377276899547,0.3142075277890966,0.0897126445690186,1.3984076329887625
716,0.4211497375795303,1.056157107339153,4.767947792632223,126.1149379825454,True,5.736471660232969,1.103815264429141,0.1924205905314824,1.3491522203038997
717,0.3124758895495975,1.348722833251716,8.416892707967492,67.21440191660075,True,3.5813428047346525,3.000408555146446,0.8377887062863146,0.4680903568252823
718,0.3154432778041026,2.340812838868046,5.949407573738226,124.2852442634421,True,6.058669253985646,0.1609146128340836,0.0265593987868255,1.3005876455855483
719,0.3784066615293058,1.3986990202484637,11.057354803032556,103.68495545027332,True,4.93087551933928,0.35820600674005,0.072645518090071,1.3365704544732058
720,0.3303062411043466,1.9351798252107932,8.027251633003686,138.77019163083196,True,6.059066021731875,0.1808805474820069,0.0298528761418423,1.3090103371798685
721,0.4394983861924371,1.463333632523369,3.359878853229562,68.27263848944284,True,3.0430041975259066,2.901597347399406,0.9535305109859952,0.39577512475402
722,0.408000793809699,1.3666548559390286,2.079267265867449,67.3708425564203,True,3.183271240837597,3.088421600674814,0.9702037203283296,0.3856858207162075
723,0.2819024988795856,1.495292282536222,2.110066508992408,114.03102025538264,True,6.058602756162686,0.2189980674134969,0.03614662921921,1.3505146855730072
724,0.3138321674241339,1.1730969901400845,10.72688464248219,81.88609623956137,True,4.299730216447488,3.3815437935828854,0.7864548758542288,0.4986493552659676
725,0.2863423640958544,1.9083015675036403,11.779253861357798,108.05013189450156,True,5.8701230800658495,0.1805387280152408,0.0307555268522948,1.2935355299044846
726,0.4170727743698072,1.7937634188220837,9.880160466342584,113.62740795273297,True,5.103154000569185,0.2564126694432462,0.0502459203493853,1.333970880974343
727,0.3710415565291514,1.6325741414609842,2.7214780156051126,117.04328671172512,True,5.8095239701761,0.2460470102532896,0.0423523530527461,1.3559919894170505
728,0.4117046620683794,1.6107448647139562,11.562718763463062,121.81302566698524,True,5.46908044931318,0.2659052177187089,0.0486197305347925,1.3180111293991017
729,0.3406692498786177,1.971359205406755,11.384827645035838,127.27810120647015,True,6.058295383324449,0.1867620768189385,0.0308274960202508,1.2943625095160494
730,0.4456650518468962,2.25399438775292,10.4341947715859,70.4896635064598,True,2.964619153104048,0.3422435800069183,0.1154426799302631,1.3984914294645183
731,0.3949149007790603,1.765307657512108,9.546579999482194,77.55853341433487,True,3.608449041226965,0.4437121337759361,0.1229647775835189,1.3832701024060494
732,0.3381939593002432,1.79972703827801,2.732028527859931,79.69065632725577,True,4.18978710019501,0.2783356209660004,0.066431924656278,1.408784097602196
733,0.4343971334787952,1.109588569587146,11.081665833571549,89.44376938216728,True,3.851271844603209,2.9231355631003346,0.7590052536012297,0.4552948038396458
734,0.3149926653512561,2.370935585342922,7.698776864336205,109.1294965961111,True,5.802033586160398,0.1625963722948105,0.0280240315538076,1.3000559957071751
735,0.3680611367970104,1.7355831383109035,10.065925620286574,115.06241098031876,True,5.59450582542242,0.231398614512333,0.0413617612945931,1.3178375403775109
736,0.3545208939022835,1.2696862920105787,11.768377971679293,119.0390742134258,True,5.855909457118564,0.3003641981464616,0.0512924935649974,1.3086178529845376
737,0.4432035960603186,2.068093529137262,4.689232110665261,63.96004900956428,True,2.816081692656857,2.329244080340576,0.8271223403831832,0.9257888745136738
738,0.3094824245123691,2.2293149641700785,9.242410607121656,96.64986285103744,True,5.154982921726274,0.1739641201406779,0.0337467888414306,1.3197577634433602
739,0.3303916528327266,1.8617411431838655,11.678760265041696,117.50386909715236,True,5.989370274156746,0.1971787660148975,0.0329214520040103,1.29557345802391
740,0.4256222327136568,1.207022654719187,9.839496192394394,65.90335195654225,True,2.8858529307264944,2.171577079937383,0.7524905572338723,0.4209153124076188
741,0.4020381422097074,2.117092793720671,7.738397725572182,81.84724405023906,True,3.8107276161227057,0.2604441741973468,0.06834499875967,1.3831342400539
742,0.4491012231493279,1.016362511378598,4.03265433281514,96.725713448073,True,4.218343914530064,3.9859063895411087,0.9448983938487504,0.4205264819774124
743,0.3417841045237795,1.5025520542968422,6.712471376502729,137.4431212412652,True,6.059073309914584,0.2226152688109488,0.0367408112469408,1.3256163910686674
744,0.3793944180383972,1.222967499294083,4.811419345295036,111.20562050463224,True,5.429748499313327,0.4677241653024956,0.0861410368015473,1.3567603956841574
745,0.390022843538021,1.6987913371362091,6.229502451785673,74.67771872212475,True,3.5757272216791867,1.3875538812817183,0.3880480235933974,1.267132295035536
746,0.3169693600116795,1.9733190299112329,8.994696464076991,55.10530005849471,True,2.890768552944527,0.3852704602320387,0.1332761351093305,1.4076551537306643
747,0.4034063712593798,1.834292194510425,3.766045674345684,98.74301536756528,True,4.660319017898691,0.2751837759757591,0.0590482700688241,1.3842446339986751
748,0.4033086888018083,1.409838284100479,11.387184946199568,124.36372007680306,True,5.669398606621874,0.293248052174643,0.0517247194141771,1.314442980962213
749,0.3277143153192289,2.4765924346571326,11.355103783802065,111.33058640778091,True,5.708045866682971,0.160851199058638,0.0281797313503563,1.284993814678364
750,0.3697745162029977,1.1263044280097867,7.313775726264031,110.22144462497027,True,5.417473017313661,1.001576296772191,0.184878871306098,1.3424617023905243
751,0.3802928191238675,2.085419186624164,11.902050073888786,129.37501623567215,True,6.05517354295241,0.1917516436893681,0.0316674067768952,1.2919558063867105
752,0.3588732420271371,1.1186868727499226,11.823535320467482,63.324981416715474,True,3.0419576995123845,2.0719029491700804,0.6811084024942883,0.4220867838892279
753,0.3198002237932124,2.152976357316461,3.968606969736833,87.58809749664402,True,4.707579286451822,0.1941323691829612,0.04123825800272,1.370948122109986
754,0.3624544074468162,2.322181330124222,6.823369186789982,76.31443974805423,True,3.806831843881829,0.2147792036571925,0.0564194092266975,1.3840716123636572
755,0.3367465737385759,2.0134432505088595,3.4426287870928727,137.1393171227246,True,6.059109814206543,0.1790084377697566,0.0295436859965869,1.3320416822579748
756,0.4101082968345133,2.2928940330496848,11.13366533175531,138.79131438644413,True,6.057825515629713,0.1853799116906539,0.0306017251920441,1.293414340580422
757,0.375063794558217,2.067716508495102,10.531050470091325,104.94209941553952,True,5.032313867480962,0.2093713964838912,0.0416053930651779,1.3280720432447608
758,0.2993584192575266,1.149077422634457,9.31007317718916,84.34822556379233,True,4.566897705796354,3.805862301206928,0.8333583422235379,0.5188501492236499
759,0.419687488195407,1.167996261276029,4.094078449989551,111.0364006418162,True,5.08670480708731,3.0410007676971795,0.5978331519179471,1.1050258198895433
760,0.3469477238572491,1.6795567897122408,2.1761763789042914,88.49986771672381,True,4.591349354183565,0.2898117433210311,0.063121257165273,1.4009652342854224
761,0.3618762912269092,1.6487684467571304,4.742695095876493,139.97108633504502,True,6.0590770780159335,0.2130155357235112,0.0351564327340202,1.334729356261584
762,0.4493269135077198,2.164563494003473,6.165567210431669,55.84561048819521,True,2.4083258568745607,2.0910086925822404,0.8682415988739484,0.4608611404482241
763,0.2960948819055001,2.3029128713837084,6.181926968903738,70.00270093381313,True,3.866829771396869,0.1878674912420537,0.0485843707503544,1.3794621711307498
764,0.3385125254965063,2.174386252218415,7.608922146448348,139.35785452952197,True,6.05904052210416,0.1705167184317822,0.0281425281461174,1.3038522845862612
765,0.2885341887560465,2.1156685741946912,2.653777620787571,67.9602735800535,True,3.844623809434785,0.2066449669210372,0.053749073293966,1.4139854312682916
766,0.3262932166435751,2.3691654762105774,8.312951494617256,132.61181256701252,True,6.0589088438680205,0.1583537961262866,0.0261356954208925,1.289352349425735
767,0.3001678117036884,2.0879136563032983,8.849918714450537,91.26661938339382,True,4.945300102772093,0.1859627513546707,0.0376039365640174,1.3319967163922644
768,0.3876256600930144,1.5724573304844311,10.975654540647408,111.47419367358776,True,5.227181774954999,0.2755351698234269,0.0527119931324368,1.3271278549475665
769,0.3951463133749573,1.4592917809911874,9.316955960953972,63.66797151490352,True,2.951721446551929,2.2947171436829645,0.7774165636000484,0.4386683677916241
770,0.301826134058627,1.1956645695588857,6.601703429020418,109.9048586454036,True,5.982348478605797,0.3324611389946822,0.0555736831753678,1.3286864182739042
771,0.3573703189967411,1.7842627934671114,10.673973700747675,124.18458736196952,True,6.056005197088938,0.2106021098492619,0.0347757478726234,1.300715652849171
772,0.3819535208558796,1.5235606846540235,6.18562588422863,81.18877737509142,True,3.940234465531821,1.507343261462107,0.3825516665690751,1.255464090013208
773,0.3405327276972634,2.394276564096673,9.427672500014156,111.87286369261552,True,5.686869763746298,0.1673252646240266,0.0294230871420201,1.3001108700245632
774,0.4210928972272674,1.3867072928936708,2.743711564543635,95.53235267338874,True,4.391461452336532,2.950075040981021,0.6717752331428063,1.083432481370647
775,0.4080989776791668,1.334353435308692,8.205203103638425,70.35076225218555,True,3.2265433453105192,2.6907199176739414,0.8339326733622384,0.4391944183542415
776,0.4400005196178693,2.028492985779933,7.938342628381704,75.08091078328738,True,3.2641670951263846,0.4190876228474962,0.1283903705399216,1.403192599665522
777,0.4204891311699461,1.606046720925598,5.078491033300197,58.17851660694679,True,2.6605064580300493,2.428883339497375,0.9129402156369212,0.407770403501495
778,0.3035695511621535,2.2827576634614504,7.142743505408284,92.09153991943892,True,5.004089103067952,0.1733860281111489,0.0346488690628725,1.3327401887518615
779,0.4062114430889003,2.4229950037694485,2.993646946524024,138.23272238104954,True,6.058532126477195,0.178655587871174,0.0294882628566757,1.3328099506315514
780,0.4202362147055297,2.0535007171487227,6.553343744698443,130.6645619444734,True,5.908754929589962,0.2089276786261966,0.0353590022121115,1.3235317478205362
781,0.3201038143421034,1.3171052443478808,4.257291307141684,82.12420051678984,True,4.414506069848164,2.78025654446346,0.6298001408250609,1.101487338877834
782,0.3826214437543209,1.933042039655603,9.83286602189168,115.38945026090822,True,5.487898619946513,0.2158429765637402,0.0393307149988576,1.3200602419875804
783,0.2939316430897543,1.749967781779468,8.55639315561243,125.07075402921583,True,6.058910819093265,0.1882764582873095,0.0310743075626727,1.3083328428706102
784,0.4369233400495179,1.6074573867412,5.611115464725216,79.41305575702415,True,3.520915489836854,3.2034178501152377,0.9098252597547212,0.4676269884409252
785,0.441559216301222,1.8721202320589925,7.370019921224488,56.20713513848065,True,2.4353465147714144,2.009873982080053,0.8252928155764739,0.4371996198724903
786,0.4228997043187583,2.424520379173382,2.5813245977786905,109.41297272960352,True,5.001989823301375,0.1996608081184546,0.0399162763563313,1.3754018614337475
787,0.3558320330687688,2.387362155947608,10.209995876915826,71.43806621799305,True,3.5168971108637743,0.2051898669117127,0.0583440062201071,1.3747658682896486
788,0.3829049220156575,1.689157159501662,10.58406930622948,55.745071280939335,True,2.591685907147308,1.7994979344539677,0.6943348842895439,0.4420615922673772
789,0.4008640301634746,2.1347073150984035,2.0554198687258376,106.28095537627908,True,5.049719605938819,0.2152719467327253,0.0426304752603591,1.3816153553944894
790,0.3784315103907147,1.741026724743752,5.669287143588365,128.76282840636966,True,6.058000808043516,0.2205214316063603,0.0364016840858724,1.3273360360211748
791,0.4480789315844242,2.4904820146951714,10.039519044999928,86.71151479646144,True,3.666765330542189,0.2296462828702464,0.0626291191741713,1.3738083641428016
792,0.3921084857137767,1.9422968993460872,3.6700670446207546,65.0447606958054,True,3.139858745509069,0.9300070178979872,0.2961939033812186,1.38959340113869
793,0.3003395852695231,1.5565115612188425,2.901609942229141,91.26319182923172,True,5.055431051458618,0.2629119920654828,0.0520058506167592,1.3781111423780297
794,0.3170713045239272,1.223976491282216,10.359978181892426,82.60217446200977,True,4.328094342250115,3.4459224298869304,0.7961754429076157,0.5227140916737802
795,0.3947553537249255,2.051307001984604,2.422542434134736,73.93218004004979,True,3.564040777264664,0.3136362662683182,0.0880001901967654,1.43618482900333
796,0.4201600961229084,2.151939591289965,5.1613649454701935,66.2511166488166,True,3.0305740597360096,0.3857285771262894,0.127279046650287,1.429535977377391
797,0.3037028195986636,1.125783761074142,9.034024852661776,128.07379149003833,True,6.058983645470311,0.2944125585597232,0.0485910799214362,1.3188650700296929
798,0.3941929583335596,1.7082250583723968,4.191760612595575,62.9425375903714,True,3.0221640026971497,2.8298704036435045,0.9363722157758376,0.4298883397012147
799,0.3598528241290951,1.944929425520023,10.299228481406386,136.31306924212012,True,6.058755842392108,0.1906592960292542,0.0314683907041183,1.30120376158186
800,0.3919652718414353,2.116057945678131,6.945416598577503,84.30577733223015,True,4.009419812414028,0.2480887510123994,0.0618764715643553,1.3804661852852984
801,0.3258210997149104,2.2446874719226884,9.464981918776076,109.21718429978692,True,5.67606048413368,0.1727012810957466,0.0304262580672808,1.3034005542314246
802,0.3596356935773154,1.5496784849101128,4.903241488045749,105.90344281368009,True,5.335081567402673,0.2803402284591128,0.0525465683921292,1.355833892110144
803,0.3616177948514389,1.6175573400442416,8.894267819127215,122.23634442790332,True,6.021322160628992,0.2346556815873889,0.0389707900237772,1.312246230833621
804,0.3551948418368733,1.617240254988496,6.698597056897336,134.67512297506363,True,6.058893685955376,0.2178409758684596,0.0359539195040538,1.3237918458036195
805,0.3472966891295065,1.9256410973851092,3.436200368012029,124.66870015863142,True,6.058447994631189,0.1942607338636257,0.0320644386212069,1.3362849520704063
806,0.3133081845683265,1.5948941245677202,11.121614120191683,108.89623230410834,True,5.719726807219873,0.2277894320744211,0.0398252293775443,1.3100639429550505
807,0.3691949120159261,1.3446373662692472,5.30780324969072,78.74995445764375,True,3.916164404860007,3.606649435676006,0.9209647662391576,0.4517296054309838
808,0.3584959441365531,1.1431750511432708,6.134178733063728,80.81903541585763,True,4.072270999895332,3.6984895504925097,0.9082130218218708,0.440125192565322
809,0.448133900796279,1.793286351482167,9.48822397838202,96.33550637271668,True,4.098684822981062,0.3393446889777306,0.0827935554046621,1.3675191451742377
810,0.3599936487121599,1.9408277755664989,9.600404200505334,102.99650337923774,True,5.08541210878581,0.2172272957224837,0.042715770339869,1.3319665260358473
811,0.3636302390526733,2.3503328361604567,7.033272315041049,118.67891419249293,True,5.877682561089468,0.1770991016149393,0.0301307700397676,1.310920158273115
812,0.4322452490102425,1.5606455698668198,4.515143204879573,84.85011441471451,True,3.810066714846859,3.1216438328572123,0.8193147434119622,0.9262599326082102
813,0.3064969717665622,1.2411332683634917,11.174813448537986,67.64881994778816,True,3.5599123306037974,2.6328500809877906,0.7395828426317544,0.4560099463342282
814,0.4244063780206774,2.268768438633623,6.972173417264975,116.8230661193459,True,5.250636636832505,0.2052468837554576,0.0390899043204929,1.3385563507531355
815,0.3641432580635696,1.9152279127317904,2.9396411145346963,129.67353127101887,True,6.058612673691151,0.1981243077222964,0.0327012665098445,1.341256823389922
816,0.3801012108711593,1.6508289404440326,10.684056105510685,64.72564649178203,True,3.04022015716874,2.2015419012442736,0.7241389726507502,0.4729360691450623
817,0.3070341189135822,1.4363948651933476,8.185201593904129,83.72323568734362,True,4.510661647315407,0.3502314696733951,0.0776452540797071,1.3617050870752443
818,0.2902304588655441,1.937717555216393,4.136479405548228,103.37810850013165,True,5.769010007538611,0.1860922092160547,0.0322572172648132,1.3352207244977228
819,0.3083489051646355,1.454099981059364,2.978380864987683,83.25026340827975,True,4.566511462713506,0.3930730863782108,0.0860773239239039,1.3958914461320315
820,0.4292885055837713,1.6652247925231105,8.293621824744584,54.90075965609992,True,2.410501330686085,1.8907106953162167,0.7843640952390912,0.4239313237219235
821,0.4445437881916275,1.064020951815327,5.821857616848975,54.5260525289152,True,2.3777363420862314,2.1006599848035443,0.8834705293524766,0.3921436917066199
822,0.3853923353819984,2.4321749695626558,6.833236275640709,110.85257933812149,True,5.32003672374833,0.1838931128320225,0.034566135983824,1.330834387760406
823,0.4132307827383031,1.4728813256744973,6.692565089588475,73.22151664007328,True,3.363346521602497,2.972166309393712,0.8836931580804217,0.4485886232737277
824,0.3334857149911552,1.736127265329655,6.872603886935555,124.33880844044128,True,6.058479583301243,0.2050375318403793,0.0338430672285364,1.3191035829567732
825,0.3849798867126178,1.8622606195211744,4.488720304590596,91.40002659835756,True,4.4398795938597,0.2724496625900358,0.0613642007244589,1.3852189450425565
826,0.3105389113779221,2.0597144771700258,11.744690572614871,57.73885242962179,True,2.98123248335381,0.2611094659217184,0.0875844025515168,1.3889038279255113
827,0.2936340323935414,1.2459463266249535,11.680333058215776,59.40783920569898,True,3.1541103568699627,2.1901601536327817,0.6943828546970138,0.436319495971821
828,0.4354185854043264,1.178787520801453,9.888540527992374,94.68212123559164,True,4.1110233942376615,3.325090606333493,0.8088230806456139,0.4763061091408165
829,0.3067973158621587,2.0874236605084384,10.969572211794908,100.1159949600858,True,5.310570544910169,0.1797753658030219,0.0338523637493761,1.3114076795764862
830,0.4295139404189138,1.9889244732881828,2.7064615954495994,53.33893929808601,True,2.42866300913726,2.3295194658729885,0.9591777274610486,0.403423375476772
831,0.3289086338791771,2.0463648443476643,10.837967488981164,127.49680525617228,True,6.058529467951665,0.1777753448243381,0.0293429859118011,1.2932687162423244
832,0.3849319497686077,1.3470827229040014,5.930279271766698,61.46262631067733,True,2.9701163925654352,2.665751344269376,0.8975242017255881,0.4142794821515787
833,0.2958927728738441,2.247067994467784,3.988166562193713,73.60918926425198,True,4.101571086870495,0.1896443230763802,0.0462369953024705,1.3882653686835855
834,0.3970004032616973,1.2745876548384731,2.348538308864452,138.44656532264185,True,6.05877722048756,0.302341775334608,0.0499014511232149,1.3555380285811447
835,0.3548560881889365,1.52213367020547,5.134211992433558,63.85534203792605,True,3.251040368603939,2.990187582615378,0.9197632891588556,0.4331469041333475
836,0.3199072454034748,2.266996084310676,5.136022373994546,67.43346688161927,True,3.617231203153438,0.20962120983732,0.0579507358154424,1.4008991428732545
837,0.3605142227702879,1.1504554674560792,5.904835661648668,50.17477553114443,True,2.518563545865783,2.2315101986375336,0.8860249733625157,0.3963372383672512
838,0.3821667085788955,1.1467532922621426,2.4375225432936567,101.55396571323544,True,4.975521219347554,4.276469429230192,0.8595017970380538,0.8082633291604471
839,0.3739623490446194,2.4531395431386303,2.71661028599068,126.19998670263963,True,6.057789838663512,0.1724263773197277,0.0284635786172748,1.3297912693009577
840,0.2921279645474958,1.6462403391584792,10.757074260891793,98.93316053894492,True,5.368521164132332,0.2212694972722934,0.0412160985320536,1.3200144614530385
841,0.3060682505073409,2.4555022615856688,5.7515297749340695,93.66586651297058,True,5.095867385394383,0.1633705083285387,0.032059411278399,1.3303507154841396
842,0.3076135206816022,1.8036692185902437,3.555536469606447,72.9483662445753,True,4.00530353032526,0.2681994194368092,0.0669610723397608,1.4066345991857254
843,0.3717273110645488,1.8496276163822016,7.597463756837691,95.34090486069846,True,4.669961646251745,0.2511138945100388,0.0537721535061407,1.3568615208039063
844,0.411834139006326,1.3345634522971828,8.347725373863328,127.71705792754578,True,5.824496867642518,0.3256380089872665,0.0559083499205433,1.324383464355587
845,0.3300406267684168,2.1348502931699382,3.1003880521300218,81.65494254126332,True,4.33865028694749,0.2078913643314818,0.0479161376423694,1.393452901607922
846,0.3602227723880312,2.2572360644259204,3.027255109667353,138.47249616503663,True,6.059045894590168,0.1730142938809954,0.0285547092547147,1.330184553032296
847,0.3518726618747461,2.2882986147642703,3.1243085649925293,61.6685614894091,True,3.179260646223116,0.2488529037913365,0.0782738288812424,1.4394583575095776
848,0.3349972006823867,1.8212287421720716,8.77129777322611,77.67828813368482,True,3.999023138716833,0.2631002663938377,0.0657911338013059,1.371911679939819
849,0.3207936435695907,1.4004173724661704,4.496540214507752,79.8508416480847,True,4.285796305336131,1.0309575022099422,0.2405521468498921,1.393555769221249
850,0.3003091496696981,1.8873741829358868,9.982382880760776,69.57917611819985,True,3.733361885280828,0.2389107382345202,0.0639934583294619,1.3726089513800557
851,0.2915703707751156,1.4351406191732123,4.632420505518779,127.43367302112128,True,6.059107046561099,0.217681259980579,0.0359262938099312,1.3360851109380874
852,0.4126419920821675,1.4934243914666487,6.466705769257633,121.9489710251347,True,5.6002322105512246,0.3015305898746317,0.0538425155490029,1.3395345389074729
853,0.3937715502981874,1.2497092135193748,8.923502437548628,56.51455637926986,True,2.6264886689393783,2.031926167694117,0.7736283775839187,0.4135954685006262
854,0.3544072973188695,2.182909909965983,2.6097134852272976,65.531737234168,True,3.369287029470166,0.258439889911966,0.0767046225659815,1.438902197792816
855,0.3519218347459288,1.379993298194284,11.376704979670148,62.04188241357335,True,3.0255335170239706,2.108357912197064,0.6968549184247427,0.4401795438866474
856,0.3110118937750139,2.1606035031860777,6.384568201627491,88.39046875300718,True,4.7705397071517135,0.1888107954102444,0.0395784978222045,1.350678608609011
857,0.4203414353704502,1.0241337901472414,2.00218735939622,72.06990806339935,True,3.33380185463809,3.240154986905127,0.9719098879248992,0.3708555523395147
858,0.3237763083729889,1.8923140737326265,10.994620258170476,125.70971265843797,True,6.058473544171879,0.1874180170561745,0.0309348577145255,1.2964408917507957
859,0.2855820532241861,2.0625082459203936,4.06996457322915,74.94816922657034,True,4.235436748551008,0.2000636246129277,0.0472356539573803,1.386313951597255
860,0.4460675571353066,2.3888591060888555,8.034797840343035,94.3986037290586,True,4.065996098179795,0.2317606176153986,0.0569997147117651,1.3710517324496956
861,0.4027502876458472,1.019247496894302,11.096604628949402,55.23095538664691,True,2.46486314382608,1.631638631458142,0.6619591175051746,0.3995601991938127
862,0.3309721114312188,1.838633769448741,5.696540601701665,63.60983409970846,True,3.3489156536619165,0.3653347189766868,0.1090904509873835,1.414050643913762
863,0.2870549156405557,1.1589736819255578,10.56004567077947,54.95979722344234,True,2.970064593616175,2.1621565098406834,0.7279829921840755,0.4218308179049792
864,0.3436703069530043,1.0143232725963114,11.834897785084284,106.5743668719594,True,5.330110689259923,3.256084492540485,0.6108849670048009,0.998834702847856
865,0.3907166526117591,1.3879078313469997,3.204966421079183,131.66203103144596,True,6.05829871020456,0.2820267311562734,0.0465521336346835,1.3478944586561488
866,0.3151261374790577,1.561905234408549,4.086901426993927,58.626443471474914,True,3.1832666451405807,2.990632758575895,0.9394854694755932,0.4312626175628842
867,0.4094286191797405,2.362774927027268,10.472803939103828,116.35487935023905,True,5.2742099167825085,0.1926772764095178,0.036531969612438,1.3178517585091605
868,0.3762580517162295,1.3394428732473518,11.702236642177011,102.58554490597544,True,4.874406519641206,0.426194474627635,0.087435151932918,1.335940393354278
869,0.3196247292318338,1.9998182117351515,11.855339448700924,88.35960667073768,True,4.567091471404977,0.202333996313901,0.0443025933640118,1.3347016382180512
870,0.2851474173726155,2.311221069955906,10.63080838204352,126.429665799107,True,6.05885314764912,0.152813977642218,0.0252216011707613,1.2693876296832016
871,0.4471355016131451,1.811687702986959,4.986618031116413,122.95642398999216,True,5.345901932355344,0.2593762462893459,0.0485187063981676,1.3541471355296646
872,0.3597122651467327,2.224376219089734,9.067058657226974,76.18988849311144,True,3.765675681705555,0.2207098911882556,0.0586109664888324,1.3741683139496814
873,0.2932722431867509,1.5035424816186662,6.769354318341509,105.44826393173408,True,5.813506783479159,0.2366274354923404,0.0407030462516684,1.3284068952161865
874,0.3956240501578525,2.1056812753424023,7.833039787690692,88.97656088719873,True,4.186957388599288,0.2415637727730405,0.0576943470766617,1.3690920138100653
875,0.3194048076555187,2.167322118135291,9.4949967884815,74.1359807098395,True,3.885066603526932,0.2039073682992316,0.0524849092970815,1.3655359761456785
876,0.3667239550576691,1.8080746679758837,2.472517205914782,79.97855285868297,True,4.028403373436887,0.3196620891682893,0.0793520557737904,1.4185393872846055
877,0.391717083319041,1.16179144447021,2.4002046333096,83.98817297626121,True,4.064466431349158,3.916190191730671,0.9635188918095536,0.4122304305498407
878,0.4133660251910425,1.9412715540127985,9.96040545138595,90.78100828064488,True,4.092370065644681,0.2696357123660796,0.0658874217240671,1.3637469105939188
879,0.4416181985036778,1.8863708720022376,10.90228324291288,129.48055805649227,True,5.538073510556522,0.2355675135686395,0.0425360033808881,1.316479908605742
880,0.40830572714151,1.6803488206536956,7.954451720504041,116.8978576843378,True,5.378895657407456,0.2648187681992037,0.0492329253188827,1.3361219501860746
881,0.4337219930244195,1.471425756028098,6.774457067260892,85.903091226768,True,3.808700579009764,3.377071823474421,0.8866729619245723,0.4837914736498971
882,0.2841788025301073,2.393886711805598,2.159756387866236,132.88925789334598,True,6.059055107397692,0.150731380634672,0.0248770440213754,1.300026128173152
883,0.4499597545908305,2.3596267159555566,6.431474370270004,69.76421044418625,True,3.0054788927496903,0.3140418101788148,0.1044897739712623,1.420134568552911
884,0.3960905947797811,2.0780558672913387,9.059227776782572,99.53133878067824,True,4.650249703228627,0.2268061179565309,0.048772890152342,1.3477082093386867
885,0.3163044523829946,1.1758419264313882,7.355570556524279,53.454863848811925,True,2.843428118533448,2.4141978618897437,0.8490448012925017,0.4154701108865906
886,0.3128669479308238,1.4526467858961574,10.712599599624028,137.66010584147674,True,6.059074744186616,0.2155753003947211,0.035578914190084,1.3085490262276993
887,0.3210452721478875,1.0593610262232989,9.22068158980289,65.3651060615808,True,3.417240485422055,2.758570619158207,0.8072509473437023,0.4303149691225778
888,0.417670756840698,2.270110580421784,4.083537661475967,128.2640401648202,True,5.870297287467665,0.1947499673705289,0.0331754863226936,1.3363208513848237
889,0.3941126462715096,2.258555618365842,3.68188654327822,63.88185563000984,True,3.073406136495848,0.3069393950086969,0.0998694547277291,1.4400070403273926
890,0.4303045591049119,2.093872050276677,8.760477468247903,137.2016999317601,True,6.030332112517736,0.205492657188192,0.034076507454976,1.3084056440266854
891,0.3763922653618816,2.1971408570861115,9.995696333190676,112.9782691475433,True,5.421599423976614,0.1932001351156296,0.0356352655382868,1.3162378240098738
892,0.3435938378683063,2.312269919437317,6.57619025910718,126.3136797428725,True,6.0584294813984,0.1699949316814035,0.0280592407988489,1.3052516074284082
893,0.3512039005871432,1.37016570050248,10.653388401409282,62.62758422979691,True,3.0814616956255536,2.251891135831806,0.730786671477563,0.4411304025397347
894,0.3361152910966934,1.6425574930808935,3.001273594139227,67.77168295688998,True,3.57799866002571,1.6595133675090474,0.4638105055906094,1.234837377465268
895,0.4361649121758612,1.3601559825678775,2.542991506122488,135.60248849795747,True,6.021887671480851,0.3253374479871364,0.0540258247472643,1.35449294984687
896,0.3831122132356817,1.959399465269834,4.773047767448015,131.15821039185738,True,6.058293654602048,0.2009829246376318,0.0331748403257012,1.3295310226755317
897,0.2910687546086932,2.041530554057613,8.390980586298456,110.10523679858476,True,6.0273546574734365,0.1744319594163998,0.0289400523661102,1.2989989153120738
898,0.3148664908004972,2.081434899667487,2.934778013515447,126.99510460486836,True,6.058973511965132,0.1729619342670902,0.0285464087151938,1.3300822564943555
899,0.2896160961445251,1.5295878643724004,5.425243600261966,98.89527576607637,True,5.513317533276633,0.2411172807650155,0.0437336103552367,1.3448996345980726
900,0.3647206189778522,1.2249024812537366,2.5724939543323075,83.06509782557856,True,4.194693773730083,4.02420809648875,0.959356824016803,0.4320545357408907
901,0.3416304781771772,2.054496997628168,11.979284016311285,53.58890858661125,True,2.6167301031773955,0.5305028589503149,0.2027350311391096,1.3997818945824676
902,0.3075230886795146,1.6118306661725652,11.756719761974695,75.54526195647591,True,3.963662407785363,0.3096138847091461,0.0781130815028564,1.3607505616341051
903,0.4122077229275382,2.194832306549765,6.396987216172372,116.20874602439213,True,5.344302663873615,0.2059716703061735,0.0385404201933583,1.3394303260586249
904,0.2966289322196512,1.419130196149283,9.733397079687752,68.81160728080832,True,3.718993087964081,2.874411262162957,0.7729004045384014,0.6671671296827792
905,0.2834321460323215,1.1932918666604244,6.052745423664189,100.3624019133156,True,5.630757788079404,0.3551177136643788,0.0630674816835809,1.3420186761738986
906,0.31836318229649,2.138079510369453,6.475574185616831,75.97974021925025,True,4.059398973292714,0.2088121411277968,0.0514391767110347,1.3769438764680983
907,0.3901903679728827,2.308607673897092,5.484468056584938,97.7465686047324,True,4.68736296206268,0.2038646090927306,0.0434923880959753,1.3633378542957253
908,0.4065140970385414,1.98593823744314,7.562054895895448,98.10221846175178,True,4.540160846623965,0.2496782334977239,0.0549932572726763,1.3607822127474587
909,0.4217101191817182,2.0670875158483266,5.5659772699684105,63.92595297005314,True,2.909816325254539,1.3510812105130054,0.4643183828432258,1.258045293532803
910,0.3586014913788392,2.3822273425388185,3.805920833223367,114.43205929363388,True,5.773542336044547,0.1759589330201934,0.0304767719328343,1.3325670744444968
911,0.3229205965651706,2.1956830917018806,7.023249783888135,60.06247996974837,True,3.1745445484008643,0.2349226396187488,0.074001998093581,1.4065571139902548
912,0.3630239992550811,1.8528556161409773,7.213513352369468,76.3605413343612,True,3.79873156665713,0.2935102325830753,0.077265325920716,1.388252597333278
913,0.4003337137732614,1.2045976378186245,9.848411723895977,119.11626786997093,True,5.5046182822432055,0.4398522665932939,0.0799060432604689,1.327339204129538
914,0.4453965249475248,1.895187210337453,5.47560266572205,59.4024219163975,True,2.593329012274476,2.3306953886526185,0.8987272257477601,0.4333795427659286
915,0.3137269226499254,2.425068740743344,9.8155499266292,58.11442471250168,True,3.04485696691023,0.1996629537624261,0.0655738367786235,1.3902617553111185
916,0.3688895597479019,2.4644351420792083,4.17894389502781,134.23421351708936,True,6.058730623397077,0.1679705340502822,0.0277237171432623,1.3174572701569285
917,0.3946327001364663,2.439568133796197,5.548200336622676,119.81251289522902,True,5.681370534451367,0.1819653149572072,0.0320284188214418,1.327260818294452
918,0.3753448183474928,1.9589906121041796,7.426046632041777,55.000475837109775,True,2.6684689395066856,2.220209830159693,0.8320163661227171,0.4932916705292136
919,0.4147826271030699,1.230571363148991,9.57360918858054,135.94759994112317,True,6.056622680106827,0.3284822750915667,0.0542352219117887,1.3131440250943711
920,0.3445372821395844,2.430871747387573,9.042871437381264,74.23308295279794,True,3.7555466716979473,0.1923727285820192,0.0512236287813311,1.3697323506254913
921,0.3728043199153448,2.2201790834870025,9.483259934926645,130.05714713416023,True,6.057968684767973,0.1814459731507068,0.029951619526679,1.2983965442636292
922,0.296862713474851,1.0282139423286978,3.2898054458961288,129.5779877023374,True,6.059162920155758,0.3301046742973512,0.0544802439952985,1.3509344929004865
923,0.3533471581005205,2.235593091946714,10.641240247458642,106.95093865932674,True,5.302567046981147,0.1845328679925054,0.0348006666125162,1.3142542623136657
924,0.3940445500229406,2.1632144618246367,7.839876110624193,114.64564880436596,True,5.402666389483461,0.201846810867877,0.0373605912926219,1.3289752993375132
925,0.3393399156519903,1.073316952915905,2.502129722471091,72.10920623811441,True,3.7921888367613543,3.660169103883829,0.965186403272503,0.392851256917381
926,0.3100848294612624,1.9681351747181477,6.293343616032902,120.88984580716333,True,6.058538179460115,0.180674800135965,0.0298215171356839,1.31418556344365
927,0.3993026820154606,1.4201993536988362,4.575662010672134,59.775873247553065,True,2.841248028454682,2.6396985370087203,0.9290630422168452,0.3957354362409453
928,0.3206306589873784,2.330684229198451,5.035739104024962,126.23754351386908,True,6.058778986689706,0.1631765709570587,0.0269322533988341,1.307361219902349
929,0.3503179274102062,2.045648648637508,6.005326583860663,99.07361566796632,True,5.047630305748768,0.2063372170947485,0.0408780367412704,1.3500197816878083
930,0.3317107456029674,1.9626137952088205,2.65574481506404,77.97058881787078,True,4.140504826046843,0.2393566162532664,0.0578085586925381,1.4087559887598813
931,0.4173753232244527,1.2634004840687072,5.835190569493157,57.86379856853342,True,2.6483336965866844,2.362899705786664,0.8922212894969002,0.4022118593350288
932,0.3604346823416597,2.3794323103767643,10.800318607535978,51.6241893911875,True,2.475573662741015,0.2852873311414814,0.1152408976695948,1.4073150244688066
933,0.3029012503017548,1.835065635110602,6.234163543857979,127.35612667839094,True,6.058999531611458,0.183883568388831,0.0303488335705358,1.3178419351185386
934,0.2985933235156702,2.2414564478361614,11.801021024975974,133.2751453022925,True,6.05895113415285,0.156607523712133,0.0258472993501093,1.2742553601547746
935,0.4249920485337976,1.8241082797118355,6.810717519995492,61.58701595809632,True,2.764662812902897,2.3817442074449127,0.8614953680170785,0.4551466470242524
936,0.3673723383565268,2.131962235395428,10.138749144735977,107.4255622362162,True,5.226485479549092,0.1983399313274833,0.0379490064793205,1.322325784673919
937,0.4000786863981874,1.4640997968774323,10.694575707782226,101.05198109885131,True,4.645518576135475,0.3907997998611826,0.0841240420108882,1.3465627740841797
938,0.4242916873050354,2.0021865158915477,2.202676987064035,79.4595282813984,True,3.644948574306531,0.3612250812024819,0.0991029293935118,1.436656785975964
939,0.3246877593321712,1.1962913899408976,9.30036076049086,104.17257146290603,True,5.436799766466269,0.4002510659245535,0.0736188719682613,1.331304016196119
940,0.3593060050039126,1.194754810408606,7.534558048822912,138.68380893286457,True,6.05900992118559,0.2923712732571825,0.0482539683975254,1.3255069927564749
941,0.3477400347777378,1.646657477673127,10.617437235437292,52.18983560215099,True,2.562392516395084,1.7689991741560909,0.6903700985845905,0.4400949434494294
942,0.3364687257836063,1.5665270151055373,5.520300639553862,54.09674327674632,True,2.8259632191125323,2.5550080555832086,0.9041193594818212,0.4242670851051704
943,0.3928221418790684,1.5483866380545668,6.646037874498324,70.2728913410285,True,3.340857552247584,2.9511606231094545,0.8833542217698093,0.4599372851906582
944,0.3914601210455172,1.172441305744237,2.0812098945842483,115.97171751467634,True,5.585319399225763,0.5782041852253202,0.1035221343483903,1.3732498080113422
945,0.3837777771459843,1.762872913161556,7.620335099866754,50.21482149995891,True,2.394895825611596,1.9456279116608688,0.8124060724703983,0.4333217762739183
946,0.3529703910490532,1.0173041063309027,11.540198869977385,82.79924529270414,True,4.070224894523219,3.0664655790724087,0.7533897164253895,0.457626598628984
947,0.4090853346408278,1.3414763915191368,5.08889220750307,79.01038532171145,True,3.684842185948834,3.4105761444241653,0.92556912136685,0.4287555957745881
948,0.3923680202598996,1.1738848587393016,3.312188352527911,87.1856109470163,True,4.202971092911884,4.003350512735061,0.9525048886218908,0.4290628406930556
949,0.3318798424943568,2.2361662296469165,5.542923592931306,114.56269291776916,True,5.980007623573111,0.175101123955099,0.0292810870783596,1.3148791977009555
950,0.4377586756404964,1.3568450276304609,6.08843806093899,129.19198069145835,True,5.685071002111002,0.3544294033082621,0.0623438833352572,1.3405648417288585
951,0.3418782877199228,1.653881914293501,6.836669502232162,53.931668656258736,True,2.7705372758526607,2.386847745845543,0.8615107858857328,0.4468637428961006
952,0.3843004668906511,2.171651373781452,10.722161219415796,122.0838099643628,True,5.758863253542376,0.191995841346986,0.0333391908948152,1.3037686313227703
953,0.4200320538953914,2.0387038037043146,5.992845575512947,97.23243836169738,True,4.429133271884385,0.2544206332934233,0.0574425328107545,1.3738787199290368
954,0.3082686358262042,1.598290130561204,11.28657084776188,72.59715749897155,True,3.8149745241061614,0.3581270634718451,0.0938740380070436,1.3677220058459092
955,0.3870346760556291,2.221279185928157,5.277308276003335,110.83860121189964,True,5.335949383608669,0.1976652100182275,0.0370440564195434,1.3445192979340508
956,0.4296235506101112,2.133591262795316,4.82864629474668,117.3502471082516,True,5.266780804562862,0.2181040571554458,0.0414112652963441,1.3537104118069907
957,0.44201547342315,1.395531728316162,2.7126204378267125,139.74705852171314,True,6.057149502412164,0.3054061952278523,0.0504207788013535,1.351765761003847
958,0.3495798319023762,1.430897363295098,8.198548453716462,71.35520660147337,True,3.6021893494622943,3.040655869653595,0.8441132807489644,0.4803774233328424
959,0.4370217246602428,1.156720043556185,11.16102486296352,118.38726592066124,True,5.097939662276952,1.4198200811936847,0.2785086084285929,1.3047276181387706
960,0.3856819824175582,2.26026795601399,4.481736859754294,123.72763419876848,True,5.96089492949055,0.1866128946785465,0.0313061875583999,1.3280164557657077
961,0.3176584763437641,1.2433687418779784,6.631338404422423,85.42825478009445,True,4.566260324104077,2.687291971926765,0.5885104617757476,1.1128608716061803
962,0.4371449172559313,1.91928752062061,4.937879914509216,84.14250359312916,True,3.73952130083819,0.3547547987825313,0.0948663666397662,1.4072152782837546
963,0.4101888268365909,1.775956779539554,4.4519806771953085,120.86510494807692,True,5.608477814448978,0.243091794976139,0.0433436313771034,1.3492035967417677
964,0.3594066351914005,1.5546718477324215,10.766468779441585,61.33633508834416,True,2.9721896174513507,2.1313696015254933,0.7171041810425071,0.4549435407673337
965,0.3392050529414994,1.9442288353508672,10.821620450040925,117.43953304653512,True,5.937901475853605,0.1942176876646698,0.0327081357706006,1.2992760657026867
966,0.446859313510801,1.814256906839049,5.582180970509912,97.55341755909372,True,4.246956319555641,0.3384682366120889,0.079696660654024,1.3853279800142553
967,0.3657122904265394,1.5426497182374002,11.393146858692472,54.6708339792914,True,2.5886720138881008,1.7069042683799358,0.6593744820597112,0.4310690664904468
968,0.3252105206857624,1.3554100906495326,3.920004799912472,103.48644601729144,True,5.505354255534911,0.3202048325984661,0.0581624392792783,1.3589210650695387
969,0.2880748359748308,1.8212853034070309,7.04490010037885,113.07116362435004,True,6.057954451034427,0.1878785554820165,0.0310135305573212,1.311974109584046
970,0.2868240144051925,1.0398140505667213,9.44143556854284,103.0791368410295,True,5.675270574823781,0.9365543643839572,0.1650237379938554,1.32477307189066
971,0.4119221724266864,1.511470510462725,3.40006553898731,71.11177738017312,True,3.3234089946921253,3.1654134270896286,0.9524597881708708,0.4156045425688517
972,0.2980260409485443,1.409308920681927,9.43928770963858,61.40015081242823,True,3.310452538188535,2.619225451529058,0.7911986114630378,0.462799756615726
973,0.4356761519477712,2.204107624029442,11.020376904107584,85.65709635920061,True,3.67558954908867,0.2562933321395315,0.0697284962634299,1.3713453058036489
974,0.3825685595740161,1.1699499500826869,4.239332520824541,132.2963458681876,True,6.058502295044594,0.3586605741587126,0.0591995441599602,1.34321155094514
975,0.3439078152440322,1.7673922814940914,2.7964756326601394,120.08613447420753,True,6.057776949166244,0.2100593261548432,0.0346759756784631,1.3439276590955769
976,0.3953131787341417,1.8364986292822567,11.26093547326152,121.01534450529476,True,5.593417121544026,0.2261621454196214,0.040433627692188,1.3124966143638668
977,0.3333335036206025,1.7171350861586352,11.707443470232937,59.24864614598654,True,2.958615877612196,1.9904935378389017,0.6727786303389155,0.5081959397124347
978,0.3911064382922721,1.5614602195478016,4.553020436604797,130.94127898946218,True,6.058030620391736,0.2483294420768443,0.0409917773015129,1.3367668961212082
979,0.303075910353095,1.5343413624747329,2.971697694273448,54.57062739604507,True,3.028322430044147,2.901053498228005,0.9579737842465188,0.4097339628329735
980,0.4367214838301899,1.8303498684531896,6.7932699956638105,64.0434675461072,True,2.817267671900834,2.4337588284794727,0.8638720604199442,0.4584340727332785
981,0.3722073749666927,1.4300799568928229,8.767316924532352,123.58271084684328,True,5.995208159033737,0.2748058450628258,0.0458375819109368,1.3160353039035608
982,0.3691531976321262,1.514567547120312,11.69234285913914,127.86862507772383,True,6.056909110628668,0.2464976564248276,0.0406969383100488,1.3016309902319674
983,0.3706516358650697,2.3049729813198727,2.872514546690967,60.33814026517953,True,3.024125643977933,0.2763545412546441,0.0913832868700281,1.4495510584921698
984,0.4127408715046678,1.9062631738006095,7.037511514352629,115.69580518042996,True,5.3044851554154615,0.2348603730774474,0.044275809281448,1.340845936364488
985,0.3310787914916452,1.076360756728287,3.409045574267139,59.287626465936285,True,3.152739220796815,3.0099661571507226,0.9547145977998116,0.3778770898191821
986,0.3787548857705561,2.0913387104325443,4.228951196696933,83.83589908495581,True,4.119930257367355,0.2426810914506648,0.0589041746560386,1.3956888901508928
987,0.4469505615886094,1.6897785043179423,8.947872886850831,91.62684381271944,True,3.918184115793615,0.5512506686140948,0.1406903433639286,1.3769541387882178
988,0.3326197286163716,2.243713812333051,7.079655305241337,91.68829969435647,True,4.779120268067058,0.1887477532209662,0.0394942463536926,1.3464985132571696
989,0.3106009283755214,1.630039812828682,6.059469987537401,52.81718147136093,True,2.8576255848120824,2.5394419235330976,0.8886545308909289,0.4443942920637433
990,0.4186931793765983,1.8174027039198213,6.416526008443756,118.1176768236038,True,5.372811092260436,0.2469808101761364,0.0459686383785042,1.343530534669239
991,0.3935306864067344,1.021682230842474,4.607510162206106,61.73788244613566,True,2.9623803028442484,2.758889765754771,0.9313084356879832,0.3801953469388448
992,0.3610532723139957,1.2136424933334224,11.25023075055025,51.52347578600613,True,2.4548203243116995,1.6051665393112189,0.6538835137603349,0.4067851291103013
993,0.4475756395919227,1.4213522651310109,4.4246181909826365,112.3608961121521,True,4.898082471006052,0.4518162530772514,0.0922434964604525,1.3751210663759057
994,0.3723903442008718,2.4406454519626597,3.487532579211184,132.32066830155242,True,6.058596508104741,0.1704334594579224,0.0281308483293002,1.3237971775944186
995,0.3830125761157189,2.492169236032072,2.5870937648857333,78.6544598445705,True,3.859342513906316,0.2071489610464328,0.0536746765284542,1.4153706324380535
996,0.3530683733350211,2.3274461238477,5.573899344598835,137.86399611833366,True,6.058998694044424,0.168275365272397,0.0277728010467802,1.310946845070717
997,0.3368658124147913,2.493252801202796,7.900101891594378,55.69596111261649,True,2.860755489170332,0.2128314883908192,0.0743969518529331,1.4086590702416362
998,0.3404281421678348,1.521757319922063,10.538811428123145,137.34436430412904,True,6.058989777279161,0.2197258310582633,0.0362644333684505,1.3082098394436432
999,0.4352019051431255,2.435910106048713,5.198301687680978,137.92188408252645,True,6.055237020544539,0.1870456629381318,0.0308898994875862,1.321198808436148
1000,0.337229131502494,2.168982163303077,11.035740660721268,118.02915602778816,True,5.973560983245592,0.1764455624036857,0.0295377519202655,1.2911791029339557
1001,0.4118742365533426,2.039361895587138,7.012523496918071,119.78813900709596,True,5.497012890169782,0.2155674231047014,0.0392153752250057,1.333381030272902
1002,0.4064662658169284,2.4612908324672187,4.358681069789121,116.0522434748046,True,5.421873270395821,0.1867677998805375,0.0344470979984566,1.344587268802857
1003,0.4332609696987385,2.1032177475619447,10.07217425943652,82.2403281271175,True,3.5683001775505088,0.2878065532686958,0.0806564859871915,1.3804059528232893
1004,0.4035686982456757,2.399160421191165,10.764561311084586,77.77754284343342,True,3.5299759613510613,0.2224425339595774,0.0630153112641707,1.3743783905185167
1005,0.3452611557423879,2.01535496098013,10.743425607608613,75.42939335358815,True,3.7661089620990778,0.2371313160799334,0.0629645393870298,1.3681131167003664
1006,0.3379023003348959,1.8737898307816496,11.066740188269836,90.56016853200356,True,4.581171220095766,0.2270875791756014,0.0495697646443466,1.3412665628430127
1007,0.4461341973650488,1.8760711102574747,3.627445614253648,133.95402229681423,True,5.841480823879422,0.2343542299179404,0.0401189761609628,1.347575587958822
1008,0.443060568124157,1.9453403953799493,6.8443799009234505,80.22232735637394,True,3.4950926356634286,0.4141472929262883,0.1184939388159238,1.402268910212822
1009,0.3104883673400569,2.101864874668742,10.703105787215137,87.80803001453125,True,4.636241801187438,0.1895973340764338,0.0408946172798567,1.3343333023557071
1010,0.4085673968845184,2.443934874577416,7.194323590357444,112.23839074011536,True,5.178430304418932,0.190726654080622,0.0368309782827179,1.3352962510638715
1011,0.3203341524092821,1.7903051513157802,9.588792551968176,76.80807152201413,True,4.02034996022218,0.255828012287995,0.0636332694464879,1.3669108722603398
1012,0.353578828445302,1.2522118603504933,11.565251984785496,136.14489331564442,True,6.058798267355182,0.2750608820671603,0.0453985872989349,1.3074744560568377
1013,0.3465084908669698,2.072913551643987,9.765859027664812,52.301765425889926,True,2.5973057231205363,1.0902542939128104,0.4197635589093928,1.2785991555260914
1014,0.4444500917976732,1.6862849348135098,7.673024423183969,104.7289964868864,True,4.535280527244891,0.3252173943378861,0.0717083303632929,1.3636373105534396
1015,0.370017820310363,2.4649722564243586,3.854192246367744,61.133623837017176,True,3.0557548907727994,0.2376210917479577,0.0777618298069265,1.435296995162464
1016,0.2838999039445369,1.5904081434700983,9.17359342413063,53.6137153329623,True,2.946017689080267,2.3002837409988186,0.780811245473871,0.465482497088574
1017,0.3805626423776989,1.5931142426119973,3.798035710806994,116.97587965453668,True,5.7079834193554575,0.2602641198837933,0.0455965094434668,1.3519571601076166
1018,0.3602893290196112,1.4828688857937815,3.934854641929156,52.99670308353341,True,2.6908777578988428,2.5314368726833503,0.940747629747406,0.390973690003352
1019,0.3887448172327405,2.378069511843885,5.954218793801196,95.29471879502596,True,4.573246396237891,0.2001693823678779,0.043769647428694,1.362882008360483
1020,0.2990085949610746,2.22529434819828,6.356353643780698,121.7610656586488,True,6.058687992813962,0.1622696361723131,0.0267829662733543,1.3003137365246138
1021,0.4232640879340517,1.4365575823485477,9.947303620088732,114.72723396904276,True,5.096765750517628,0.341642987286099,0.067031330064836,1.3369670883933296
1022,0.3005637740911758,2.1781163993921937,3.424495244003509,116.92558341732398,True,6.058438646405657,0.1678730300003672,0.0277089593207257,1.3212100148523311
1023,0.3033889467081221,1.386110158530104,11.653903641245384,88.73045567197283,True,4.707143346894986,0.3303910758768805,0.0701892956148912,1.3400656492667378
1024,0.2894697584025589,2.22203365285465,7.206566230207292,139.4192663259704,True,6.059056317467759,0.1539581063904848,0.0254095849788747,1.289054943699795
1025,0.3539249215880578,1.2380059307580948,7.712201385771111,128.33123732418144,True,6.058471020212538,0.3029184032742084,0.0499991503241657,1.322692896221085
1026,0.3744428697091395,2.0484283874410307,7.47643999486584,84.16724568291397,True,4.107049599482656,0.2443504769552168,0.0594953800864728,1.3738278594364668
1027,0.2816221972451463,2.3758610645557363,9.298391888308904,130.6027516698563,True,6.058938080378958,0.1490954279528609,0.0246075180130468,1.2650932905397765
1028,0.4331894811260443,2.1546247632891857,11.11116071312183,87.15794559790652,True,3.756200989760929,0.258164721234419,0.0687302734699642,1.3683347270623751
1029,0.4355848919619157,1.863351112408909,10.288410077476918,65.63824025079062,True,2.8091849634781347,2.0320966492240977,0.7233758814898749,0.4753435564550079
1030,0.4054641611873953,1.2446513411185212,4.865564804898347,102.94766388225992,True,4.824418526298873,2.8792923699347672,0.5968164565821077,1.1087330659796732
1031,0.3582002970529311,1.1513855757964873,11.47740614708392,125.03843269779668,True,6.056439689730881,0.3327295356605304,0.0549381406744125,1.3058480451624312
1032,0.338752133263782,1.9923185366706135,7.37634430311546,122.42179326937416,True,6.058058857726977,0.187836321891462,0.0310060245868821,1.3107301817815915
1033,0.4381486685187779,2.384117255562193,3.502453498433876,128.6590834186842,True,5.695978986104423,0.1953311498608868,0.0342928143410299,1.3457162288395024
1034,0.4084772411065897,1.6001080218998696,2.5764536299442886,128.44419311200437,True,5.987661835425337,0.2572545440941256,0.042964107052958,1.35248223912614
1035,0.3790768087758697,1.9033532700723157,7.104832582155014,67.08276509260237,True,3.251333448537472,0.4498158288011857,0.1383481072984143,1.408585992980317
1036,0.3506796746361841,1.0628085933253006,11.404843795105046,134.79393163510497,True,6.058769492672032,0.3242414566923212,0.0535160575236415,1.3098870554596198
1037,0.3260330175411778,1.6829382413551657,10.133750066229858,97.36079763204508,True,5.047853692877203,0.2399466011701977,0.0475343810991937,1.3332284193079025
1038,0.289737767723592,2.441894511645228,4.527095643257818,84.69471539087422,True,4.740848930660185,0.1647902503312284,0.0347596501684521,1.3484688298436418
1039,0.3973078458481992,1.7011966844522912,2.02774537626342,104.66566822061424,True,5.004970292809844,0.2829025659941531,0.0565243247098932,1.3888948608340723
1040,0.2848854784986036,1.994289827418402,8.665699967509688,61.95216380747169,True,3.423912220384276,0.2288949690041555,0.0668518800340231,1.3881010297966907
1041,0.3910407057777597,1.473813340203889,11.52990296924753,66.4968130458974,True,3.043093737399877,2.103989575785949,0.6913982142343302,0.4475086424714236
1042,0.3918993986483876,1.5749053396365538,11.220189928180906,107.11819223717691,True,4.978595729185701,0.2836923801329497,0.0569824094111273,1.3335237408931024
1043,0.3408603680669468,1.2157787049322644,3.301054733601964,123.4599998689604,True,6.058505821301326,0.3159826656579061,0.0521552136744559,1.3484867447235724
1044,0.4167980003698719,1.4065106100996685,8.371730064001245,82.26955323984484,True,3.721401220177844,3.136894382735956,0.8429336685674663,0.4766704827737604
1045,0.4466233112300488,1.7926544604087065,11.446502881448389,107.62320579850916,True,4.53858899090253,0.282001979160577,0.062134284405537,1.3446213699610174
1046,0.4057219021705965,2.230894874164607,8.274479326561963,69.07397379603559,True,3.177536330680412,0.2808299826400567,0.0883797865435962,1.4019739602554733
1047,0.4013740830648471,1.3206300663439414,5.439596141203963,131.95743447485415,True,6.0575315474177005,0.3124576737452339,0.0515816832812754,1.333673503036774
1048,0.2822480495205767,2.356123086236835,4.858601021056643,92.14163866471276,True,5.198058479947853,0.1624773407307408,0.0312573129674314,1.3306134431934993
1049,0.4036650142266976,2.1633365424980124,6.724124975188551,93.06039369868924,True,4.344851198524516,0.232252900296101,0.0534547421037048,1.3699452843248503
1050,0.3360825706991255,1.7223953263834575,2.5194709273615765,118.46235076273229,True,6.057734295516959,0.2127289331104979,0.0351169138052041,1.346307999438614
1051,0.3347615745894477,1.3676866891296378,4.88904969556696,127.352226920073,True,6.0587898329307865,0.2533457033112131,0.0418145719355087,1.3366881266430637
1052,0.3408218514573793,1.5098481359910667,6.86650364595493,130.71394882401552,True,6.058836392509239,0.2282067273816568,0.0376651080500865,1.3239639707937632
1053,0.4017668049150122,1.7806648863001735,6.622162248567259,132.16165141146655,True,6.057242121262727,0.224055465687224,0.0369896829616109,1.3219940984753529
1054,0.3359572862188222,1.813696623383089,7.920120527038594,64.59419628596363,True,3.331361697586819,0.3980920931115667,0.1194983100754078,1.4003294069554384
1055,0.297409552986736,1.0704894290159035,7.068327685538973,112.54312340311763,True,6.05718347087212,0.372117514541865,0.0614340834038311,1.3257592564645484
1056,0.4389314350366848,1.7328454373061717,4.706983976699746,103.31705940561368,True,4.574044064564412,0.3362616502006201,0.0735151750735576,1.38128935351393
1057,0.3322276839509416,1.3545581645099314,6.570118995678209,121.63852592463812,True,6.058265747185106,0.265763633302196,0.0438679391747844,1.326433873794819
1058,0.3619627529341157,2.1139202522303564,8.62966418618021,61.19726587860959,True,3.010977144878785,0.3005287246181047,0.0998110281671378,1.405480190480033
1059,0.3650523339339762,1.3968488838801032,7.732315000307907,80.52551119174967,True,3.983305350234049,3.1813945896435643,0.7986820767975104,0.8085469088320001
1060,0.2930234439089862,1.714128907908747,11.442618577284582,112.5721043087552,True,6.049230951584513,0.1991149098902577,0.032915739452484,1.2955498810850343
1061,0.4053989695021476,1.6853024932309484,5.785727551318173,129.64906459289858,True,6.019693059359682,0.2403139101521573,0.0399212896376015,1.328846706150569
1062,0.3761183594138121,1.0646498500427226,8.963298708940536,84.50825752252885,True,4.078767730690564,3.4176288905499765,0.837907210266996,0.4588934144320062
1063,0.3983891258457645,1.824601932698548,11.665769092353276,67.0068207177903,True,3.024090794765885,1.5738697134064856,0.5204439351260713,1.1099679970337966
1064,0.3140824091227244,2.4861511238981224,2.770219062924732,110.19744455884636,True,5.944710110971034,0.1604715963100925,0.0269940154043744,1.318283367750014
1065,0.4324934705041793,1.5408342391175576,4.803584324618062,85.15323733710846,True,3.81775591171232,3.289756247011132,0.8616989464723604,0.7818320574440638
1066,0.3963067012792817,1.3243661332083214,4.667885419284786,125.60830237598336,True,5.950254931121776,0.3310115570730187,0.0556298109752777,1.3413249763757626
1067,0.4139775882482209,1.842432297748043,6.915008720243923,78.23846693925765,True,3.585822158957223,0.4263070139994306,0.1188868256989641,1.398743472466507
1068,0.4393064115468853,1.3886031412247624,6.043941987092731,82.3531070101076,True,3.628421198751093,3.2824248611535363,0.9046427306409056,0.4415481659922746
1069,0.386725596385814,2.4873574474866724,4.353554483594028,78.54349954306697,True,3.810288846019332,0.2098627259934627,0.0550779047138931,1.4010806829283493
1070,0.4093693754081795,1.7399834766757598,6.816922416526209,80.45916092644674,True,3.719343332046237,0.5253150881218683,0.1412386653298986,1.3952319212087758
1071,0.3769937884124674,2.472882794517162,10.48545103227498,139.49526248110925,True,6.058659248661095,0.1646000659326352,0.0271677378075042,1.2870461043271688
1072,0.3314254863127172,2.341296438465029,8.614578275527808,126.18206252444848,True,6.058474409696382,0.1622958629146975,0.0267882394047829,1.2915394543788574
1073,0.382843631655818,1.904807580439532,2.5959521039883637,73.20186667662033,True,3.5964471089857915,0.3753031355652923,0.1043538592928533,1.4339248625912604
1074,0.314727188960461,1.4278080342222514,2.1373347969760683,98.70403722201044,True,5.35749861992369,0.2950265020636978,0.0550679567077331,1.3766268241164488
1075,0.2817448982137862,1.582214604486202,3.225013446287267,137.95923659709882,True,6.059193083844341,0.1904568062349928,0.031432701285392,1.3397602023518087
1076,0.4366539616856522,1.353155781215836,4.442232429075065,59.74950839957849,True,2.6652359569842483,2.478428711509458,0.9299096783587728,0.3852397518496238
1077,0.3732501014795351,2.21227941543242,8.722398224070172,65.48908822244276,True,3.1662363172367662,0.2600660655129346,0.0821372883941585,1.3988516497540897
1078,0.3606430198609608,1.3001351960947882,6.92998469447568,119.67711451870387,True,5.960136793699361,0.3181862380834425,0.0533857273913254,1.3273928647527695
1079,0.3357655456421611,2.2811591050359747,11.915731829039265,134.4471370387173,True,6.058798444544556,0.1633032984091154,0.0269530831738026,1.2816629203753829
1080,0.3021149396895815,2.481586876251227,4.591907298817484,50.08734880972989,True,2.7642978091498382,0.2097696283877211,0.0758853216514453,1.4334113319671733
1081,0.4227828681057402,2.030086776688365,11.784705994710883,73.99663489370354,True,3.2090868308285416,0.3612754492350094,0.1125788949567728,1.3842324492524458
1082,0.4472085951542757,1.1035597282290288,11.879491157704102,99.27771258883898,True,4.160943885348362,3.097258010274812,0.7443642826285083,0.4742226215458927
1083,0.2894292522993515,1.4488944578380545,8.53579874489686,123.0768359987646,True,6.058873491432049,0.2192641319633521,0.0361889272442174,1.3152611372684806
1084,0.4159984503587959,1.09448128921097,4.12744364880282,66.74847814649314,True,3.090518628512137,2.9113362973194707,0.9420219216478468,0.3819377792501752
1085,0.4047691687329589,2.2104065423094403,8.25715726572475,58.04445669796346,True,2.665061863751468,0.5750297100782381,0.2157659894876883,1.4193706121356704
1086,0.4309829318325127,1.4897877734588674,5.996169832966999,63.55052710851295,True,2.8390815700989958,2.5322685097672104,0.8919322841713608,0.4197938854238652
1087,0.4173158351851064,1.015125760521837,4.184085484080066,50.4469243449322,True,2.331176222233369,2.16962571045946,0.9307000001831104,0.365358603301102
1088,0.3725092439856394,1.9074610356221813,4.835537592904301,111.25888006338016,True,5.488585238859275,0.2180501769679341,0.0397279385266963,1.3471377081237996
1089,0.4328340629383402,2.278514585007765,10.497569208453992,51.31662393357297,True,2.176305893542406,1.4234924412117524,0.6540865626636301,0.4682841494776149
1090,0.3664243637862359,1.7285936133849162,3.9767026636249727,71.91595361054988,True,3.6116750342055015,0.5747188559538258,0.1591280639899134,1.420477772735827
1091,0.4254567002199894,1.6516614018622908,10.937623332743083,68.87350531476547,True,2.9889604440843347,2.124501996621728,0.710782908093174,0.4600209337249885
1092,0.4482875370328565,2.156926025457264,11.14357997091832,61.019652760598206,True,2.5165241780717342,1.4701562374595285,0.5842011176646128,0.8062100476468972
1093,0.3204164764356556,1.1971257751892408,6.072047312957071,50.66736363804912,True,2.7011742134214605,2.3951092252682824,0.8866918739885723,0.4038278223422193
1094,0.3257534944314937,2.4743535687827274,8.24551857449612,59.7188205789553,True,3.115374855856228,0.1989761632290818,0.0638690919826389,1.396306015180648
1095,0.3397956302221011,1.270509921425585,4.018874617371127,75.94377787493757,True,3.9713861849474617,3.746376180180121,0.9433421998545032,0.4358405395201954
1096,0.3788684283394125,2.1963135420958557,11.03348375690926,92.83305903700573,True,4.402985830346729,0.210375876850495,0.0477802756939438,1.344248928143502
1097,0.3022087880619569,2.289563500955908,11.623994919256612,113.46078668953606,True,6.015269968939727,0.161184351451895,0.0267958632420792,1.2763777610833094
1098,0.4082208909130044,1.9355099536003693,4.163203304830184,64.8302406097414,True,3.040914159192013,2.150444455422096,0.7071703911541785,1.0816243240468553
1099,0.4289046709216381,2.429682613099266,2.9592149433792407,122.1449763832362,True,5.508616334295356,0.1930878220582371,0.0350519641123157,1.3548070708804891
1100,0.4330171693323348,1.3901900492769586,8.404902886059705,72.8027090054327,True,3.1931597805434686,2.635194090687287,0.8252622079057951,0.442015386253785
1101,0.4428201912918627,2.1988033417159625,5.615403889503154,135.8430977312542,True,5.920987861138391,0.204147504961003,0.0344786224442204,1.327488351592034
1102,0.3220856230179042,1.8286274280338972,11.588143597562455,137.79264730951303,True,6.059021724584904,0.1851720901681671,0.0305613840955246,1.2971413658165711
1103,0.3102818884102603,2.4083870104319254,11.593714899921755,62.5651145036513,True,3.248423436070444,0.1918922320665606,0.05907241954229,1.3730010497352887
1104,0.365974549079019,1.7522395204604362,10.449988823976264,116.8470202715717,True,5.687472171897816,0.2257505614334564,0.0396926006159476,1.313408429306759
1105,0.4473390787813313,1.6733647664155036,6.561932030311419,95.21472035877272,True,4.124457567406033,0.4513358362111095,0.1094291379738851,1.38378841150668
1106,0.4338846623922768,2.20946555053706,2.5340662689116518,51.47878528679591,True,2.3282204172108374,2.235057063470735,0.9599851659012122,0.4183426946035746
1107,0.3654898668487342,2.3739776259189904,6.448459365189819,125.8294120389418,True,6.0576975070201,0.1736237005961661,0.0286616656567876,1.3076182086136616
1108,0.3290593342192999,1.8419709971824605,3.387120831907091,86.78446877484436,True,4.611344629819331,0.2378152820949591,0.0515717867966586,1.3862501748754097
1109,0.3611045573091686,1.0583227824238624,2.073518062556035,126.98141965548145,True,6.0585406163779245,0.4987808885296046,0.0823269034759395,1.3589561055922172
1110,0.4260265260508694,2.052013984102533,10.82561043111706,75.11396055585928,True,3.2712170571375294,0.343887334440958,0.1051251960461088,1.3872783273828584
1111,0.2975006809956097,1.570406456093786,6.508093255492062,133.49797883615196,True,6.059117446604983,0.1998733285732819,0.0329872015742612,1.3234140375467724
1112,0.325257848840455,2.431734805929987,7.120788788760394,87.2161851167072,True,4.595009191495441,0.1752754590913487,0.0381447461336427,1.3460333247253478
1113,0.3353644605909797,1.9212546608211296,8.647360100710847,67.71495769647285,True,3.480175036434094,0.2784766641503027,0.0800180051965545,1.389778371867509
1114,0.4188773368849448,2.3720619524929782,7.994775292982454,91.00289738445386,True,4.11313436469843,0.2214222111617162,0.0538329632657042,1.368501252431098
1115,0.309799222505545,1.1766889343318785,9.74336414570762,53.82637907500856,True,2.833084186644794,2.1331011681767147,0.7529254436674312,0.4180072423019378
1116,0.3363401320590145,1.6636365191338935,4.649172342492275,76.65536626327172,True,4.019782347316384,0.3456463524657457,0.0859863352294434,1.3995209676116265
1117,0.344175688897908,1.9080733936221987,7.350471913014663,131.93246225483563,True,6.058822249882006,0.1902160279755173,0.0313948850338399,1.3140280701135525
1118,0.3191299285067893,1.66071962578605,11.32752173012712,130.88054435151744,True,6.058872173938276,0.2013840479194813,0.0332378769741533,1.301166657955369
1119,0.3877344128189361,2.139821623461339,4.025857515258661,66.60634385699427,True,3.233325639236804,0.3155627209780631,0.0975969500716756,1.4313924250374803
1120,0.4043159683318662,1.943023060551108,7.571047933658272,87.42913299227203,True,4.06066112388328,0.2812636581503894,0.0692654840109908,1.3770846218929078
1121,0.344441521717536,2.035539849321017,2.561120845982424,63.49495553454081,True,3.3160397858926167,0.3031453919662847,0.0914178995245931,1.443085414864003
1122,0.4478504871302098,2.307599785049545,10.92237538952148,94.6017305966981,True,3.9835710846718646,0.2357030087320947,0.0591687718687992,1.360443459677373
1123,0.3194403291831007,1.3366695918656049,9.453643059335874,134.89890808053997,True,6.059057955537536,0.2384257133570938,0.0393502942382635,1.3150962947597007
1124,0.4145142919353362,1.2261295676926345,11.145719024684258,98.34032483137466,True,4.39499998852724,3.402865536992908,0.7742583722129212,0.5183181416647624
1125,0.2828033976157818,1.2546587336795625,8.69690963080878,122.4742821985808,True,6.058906780198491,0.2514231914667648,0.0414964614224561,1.3176528117766275
1126,0.4133538951532378,1.736951894437232,3.567941721524351,119.51655278348976,True,5.5311194607600696,0.2534108027264437,0.0458154636731748,1.3585519080897273
1127,0.36153571389527,2.0422589494898933,8.462055063547156,51.82179214185685,True,2.544706545119993,1.876552233808072,0.7374336492381621,0.8068520339493488
1128,0.4447404186982666,2.124908488801103,2.664428684958733,115.86648561488948,True,5.094961681162758,0.2285878698218617,0.0448654738007164,1.3769754134548005
1129,0.3468583467277093,1.728026093313436,4.376184064588024,124.10396303706008,True,6.058363371668574,0.2117831681263853,0.0349571584162104,1.3342300840354393
1130,0.4269577941468644,1.0964396501425868,10.371133103559307,102.8367247125386,True,4.524093369831794,3.643963887162515,0.8054572682919666,0.4953615918130949
1131,0.3329776656878891,1.670831584991125,2.641379041491254,132.22933747091133,True,6.059079762881651,0.2050120212317888,0.0338355046071033,1.346015219585865
1132,0.3443250788362379,1.3093369308308476,9.506146953336808,73.52072957021562,True,3.710167115276127,2.992543042239922,0.8065790432777323,0.4703176511331306
1133,0.2935444122825291,1.647638889679361,2.192484205745275,109.7559475232998,True,6.05640649156537,0.2097239751302739,0.0346284509506341,1.3474785706660044
1134,0.4433133715409491,1.0683507347234842,2.8192928435598708,71.89852524520026,True,3.1878675448086105,3.069780773041992,0.9629574409517356,0.3766730025869407
1135,0.3995908632663385,2.265977776085518,11.65505170751664,95.0227937821262,True,4.335683838496962,0.2111736219733454,0.0487059550095221,1.3438188230572563
1136,0.422514780883416,2.229043842192531,5.055099936775275,95.43864871465152,True,4.34494004240958,0.2329653057634476,0.0536176111728924,1.381304165558499
1137,0.3025483147863623,2.234287181428145,11.524647552473215,133.6242525523467,True,6.058956267251533,0.1576627982940124,0.0260214451697192,1.2770804739109676
1138,0.3270048613779515,1.9294931886163296,10.813748117005051,73.05142530955678,True,3.7465320513558096,0.243839341353501,0.0650840131649906,1.3688868322909982
1139,0.4334445712357752,1.7704569195708868,9.554877582792663,97.30833185211604,True,4.250442018127672,0.3157211053088535,0.0742795935016493,1.3622934934307458
1140,0.3500408376228052,1.3200680309736057,3.1436288071388736,57.88339130526887,True,2.994306681987284,2.8663472613593064,0.957265759917734,0.3858199245640095
1141,0.3235913662715702,2.060754562243372,8.286224868112496,137.29832777021812,True,6.0590456695597545,0.1725649150933077,0.0284805437199891,1.302733679168309
1142,0.3027329302219875,1.762318092056098,5.2034827855130406,92.89056448987712,True,5.093498712961259,0.221042100672323,0.0433969091049035,1.356069421920263
1143,0.3884461662738595,1.3019768539678709,7.495756656564263,108.49142107595272,True,5.173075543586183,0.4285165634071791,0.0828359376925151,1.3475709502785589
1144,0.4488251831984121,2.434690698116974,6.82755385466405,59.35661012018994,True,2.550927661453558,0.4512029971902122,0.1768780056009545,1.4322053757733535
1145,0.3054423781952698,1.939907048883208,4.795750707258765,84.69584319871652,True,4.638036037149177,0.2115367705551706,0.0456091261173542,1.3708341663901282
1146,0.4222328786636045,1.70967320356462,5.127471208608394,90.59392683944684,True,4.127825455127647,0.3800674795281037,0.0920745035514954,1.3931765875468138
1147,0.3842402805375131,1.7043373364453114,11.66382273991493,135.0726467998677,True,6.058176084864509,0.2210145493728827,0.0364820279696154,1.3006092477050646
1148,0.2971929653917096,2.479597958684078,6.22394330103369,119.12098807668174,True,6.058434165745302,0.1515277085816821,0.0250110349367873,1.2830480298774858
1149,0.4365330581193373,2.0618636384103075,4.793342680590092,125.44711807332804,True,5.556212535236183,0.2199392018228453,0.0395843752246774,1.3458584970714438
1150,0.2802020377531151,1.854307739005714,6.14006704962039,97.625673555849,True,5.499252822807256,0.1934586040563999,0.035179070737403,1.332969269808756
1151,0.3056955065993322,1.4077586281227277,3.205714207022756,136.39019907491507,True,6.059182002755147,0.2192159299774855,0.0361791294398826,1.3460299408787253
1152,0.4015409576448085,1.3037700580074267,3.160679306615897,96.7863359689458,True,4.591628958597914,2.997921122298208,0.6529101435089921,1.0884501466900307
1153,0.4390626104891076,2.34439973623194,8.128384358969274,115.37209516051578,True,5.029888392367695,0.207368261967224,0.0412272093913421,1.3387541369066884
1154,0.4063834376671562,1.671588011438293,11.837767016549412,60.6869516110865,True,2.680454810808236,1.7377684854117486,0.6483110546779783,0.4445265978540429
1155,0.4262666946407643,2.29154604199692,9.201807044018349,126.50451797041774,True,5.606322131025285,0.1976128344964356,0.0352482126210425,1.3159008255381743
1156,0.4236407119508872,1.550782861775608,9.49575269090678,86.66010856490834,True,3.846898161255634,2.104012651303135,0.5469374449508124,1.1283150027295377
1157,0.4216784128306234,2.073801234020645,5.968635331366251,137.23487604657845,True,6.057608743037901,0.2035512754653452,0.033602578855772,1.322342586057069
1158,0.3395572930937637,1.752796544445469,10.571757438507976,116.50761354327476,True,5.898678372082759,0.212794096628979,0.0360748769819507,1.3055965572875996
1159,0.3458460690788582,1.4404826860255446,7.889120751253595,80.59005824620041,True,4.104060426846592,1.4068967353978576,0.3428060479311375,1.283714249296422
1160,0.3965179433368399,1.2647493054199517,7.402631161240842,105.57324685447628,True,4.971305768118539,0.9676877608958644,0.1946546452848945,1.354245231375879
1161,0.4147018001159991,1.474003897431556,9.94040801894305,111.46032158863297,True,5.025087028281214,0.3288017417235148,0.0654320492108926,1.3387713954318283
1162,0.3689686497932873,2.1801522215632985,11.370777932266703,56.26388093263731,True,2.654166946462174,0.353898349573595,0.1333368837424932,1.401938751342164
1163,0.4088492694778919,1.7559066633637388,9.52291633873053,79.25584570746739,True,3.603052778018756,0.5421130011893188,0.1504593561594775,1.3839313349306557
1164,0.3973950227750769,1.546669475612735,8.822128513560173,80.18799461612937,True,3.7369955511046498,2.1494391739757392,0.575178413937466,1.116318184720691
1165,0.4092266790086498,1.0930626750640533,10.807726153537622,102.55626127513888,True,4.639814247132664,3.687669628653528,0.7947882031985338,0.5046975852412969
1166,0.409575763393349,2.4156936124973982,8.160945506238331,87.96468449912331,True,4.034981773597127,0.2157118201074229,0.0534604199500804,1.3691914429280017
1167,0.4234056337379598,2.290544724694274,7.434212411820556,119.33120838302068,True,5.360743053964789,0.2013884708200586,0.0375672679687776,1.3321174100065556
1168,0.4063070321576951,1.9275390655248448,8.15169941183059,123.79359726596496,True,5.7041048709521895,0.2195203230622771,0.0384846225706983,1.3224615331983394
1169,0.3450155339773131,2.111400711031559,2.839612241628693,131.50064140646708,True,6.058928213629304,0.1783966598736259,0.0294436001853149,1.334608880979832
1170,0.3525097502151828,1.3119650791362034,8.336199641092282,80.61182817139772,True,4.052817146808565,3.447846215633011,0.8507282936137534,0.4974883828357188
1171,0.3092402626989081,2.077489097003709,8.663572455041548,120.53961130456356,True,6.058367213756591,0.1734668035119088,0.0286325997404089,1.298421637472829
1172,0.3924671911099423,1.238703554768097,6.537641880930162,89.49899467205213,True,4.262418945777529,3.829795514872581,0.89850283690825,0.4712261849552153
1173,0.4235032036619922,2.4326091048489684,7.918000243844662,135.87491365493804,True,6.050039542256714,0.1843175074906032,0.0304655045976528,1.3054354855569326
1174,0.2909309819782,1.794641129921394,7.912375448100225,57.615092338369,True,3.170589550663214,0.5847314883306766,0.1844235840013931,1.4049773515254191
1175,0.3093269119913491,1.4181667253780212,10.443288424968763,75.90318840470874,True,4.013946221227388,1.314237558047124,0.3274178291420295,1.290478932021674
1176,0.3444186194291031,2.3535272959466367,5.634567762933656,80.08574475815693,True,4.129960314532182,0.1969418260234347,0.0476861303801034,1.37769337727538
1177,0.4314557746321086,1.115990194940519,4.691032111253042,63.26393325572349,True,2.8445681012918147,2.6383789734317613,0.9275147858944154,0.3830277714887287
1178,0.3224479889571859,1.2843241139355634,9.322165354064852,125.68127933242523,True,6.0586347478423095,0.2668626851121882,0.0440466699543535,1.3147964072302876
1179,0.3432956948735129,1.800557223094612,10.302466944301202,104.12831210736756,True,5.2554196894598295,0.2231072152893124,0.0424527874979751,1.3252094667363146
1180,0.3879970223107013,1.8748426999788173,3.2736633364277123,90.65243995180973,True,4.3984571785404265,0.2752758938353531,0.0625846479029949,1.3968533854033378
1181,0.4182890363915438,2.280747544724826,3.955978615836112,54.803332183959135,True,2.5301992479200712,1.4279533811378284,0.5643640050528295,1.230033874848118
1182,0.3904485599677497,1.9686924777147168,10.158417699287924,138.15877407404406,True,6.058442837349655,0.198689628651917,0.0327954944836677,1.3029480504526163
1183,0.3268058227539632,1.4273224930738846,9.5954534934218,121.20143250398289,True,6.058046563882552,0.2465533966930343,0.0406984981203281,1.3106806253653611
1184,0.3976670470243357,2.39646284879345,2.894343975196421,114.50127470162856,True,5.4482181951413695,0.1881233129095073,0.0345293279695135,1.3551845104870042
1185,0.3462821982088953,1.065830771510777,3.881104307423282,75.27713337730233,True,3.900399156822003,3.698381855508093,0.9482059929788028,0.4060976961614368
1186,0.4290839150793171,2.0754726760395177,8.532784110063774,72.2922292140042,True,3.1891926584943464,0.3763489781405363,0.1180076020613364,1.4020422485874633
1187,0.4250211447551617,1.4604168967037254,8.41401663586856,107.39615897250916,True,4.795559567073344,0.3943642201206773,0.0822352875832072,1.352814039684516
1188,0.3581690507892094,2.1208880969115658,10.70537937675508,97.81047987557608,True,4.809943514361071,0.2027843845583427,0.0421594108024113,1.3322463033139256
1189,0.403214714748098,1.425257920069975,5.424673921650502,100.53805489482328,True,4.721237725104832,0.4701368267943159,0.0995791472847042,1.3730498464662904
1190,0.3179523587434245,1.0783721827466746,9.650390178328983,99.02717042091832,True,5.211647853014869,2.6314283881039646,0.5049129300978612,1.1507371996280646
1191,0.309202735397305,1.003545633555912,9.331705916165912,107.97936597090592,True,5.7602907914180586,1.4875979500000474,0.2582504953076914,1.312828460755752
1192,0.3858067806378594,1.129967940313704,11.431779565713317,66.4071199752107,True,3.069536798414691,2.1460124952668957,0.6991323565090459,0.4234040471719846
1193,0.3219896259216382,1.3559150641373678,8.45496970941435,83.38662506798154,True,4.389018604465747,0.8748361423535777,0.1993238628479377,1.3651349444528955
1194,0.3063133981582892,1.0471885600868611,11.983621672831063,69.72550288841485,True,3.647769303321237,2.6099879353966675,0.7155024669516009,0.4406747231983425
1195,0.4077287676958782,2.320001763554409,6.200418489830425,68.96366105429365,True,3.2047609120591973,0.2709397213233666,0.0845428812813609,1.4133721735309377
1196,0.330067809493216,1.5138489870291756,9.858405507405797,123.94626816893066,True,6.058324433712141,0.2299807002578374,0.0379611067010685,1.3089500453472152
1197,0.3848783692983596,2.363736586431716,5.117544590867527,92.88424283273362,True,4.50077611553089,0.2018828632186991,0.0448551223248051,1.3711893624620828
1198,0.4155516904650968,1.2580334633369468,8.513420842574558,105.11683454951142,True,4.76894976403805,1.4953011461403811,0.3135493599484372,1.2886222666613434
1199,0.4208290598270414,1.8703905900515188,8.435786753796648,130.830889920569,True,5.869540426418812,0.2252953051629794,0.0383838067029788,1.3174912479730052
1200,0.4392528675793593,1.8090934548374225,2.809769675499489,85.30418163562328,True,3.80389257855808,0.4494578367641416,0.1181573421125669,1.4252743170158717
1201,0.325405744095376,1.4809527385048042,3.742956996161864,116.57323837976372,True,6.057565145036692,0.2433923573871559,0.0401798992762927,1.3412297014134649
1202,0.4220829190457196,1.4563157379176572,4.862412473778032,133.80435650299438,True,6.046528791917732,0.286517828283764,0.047385506320047,1.336223440375217
1203,0.3008668447482997,2.1032945417513744,3.697859859092092,135.76928376636323,True,6.05911402364319,0.1651872279838007,0.0272626042915227,1.319629154408395
1204,0.3653199082494902,1.21262454485642,10.012297140740555,120.13014268448096,True,5.865439201162149,0.335840337390469,0.0572574918727189,1.3163069909733638
1205,0.3107092630716471,1.6642940138930369,4.456675481604792,121.65331854770965,True,6.058702429172458,0.204716081775053,0.033788766516961,1.3330195688859536
1206,0.3708300411360272,1.9776983731756403,2.379105376071718,136.2013705680685,True,6.058927611850553,0.1923310324456585,0.0317434115023063,1.3440487068207196
1207,0.4284281206152049,1.1328182702458376,11.417031934043411,99.12652833454906,True,4.3148378879940354,3.3040405821044354,0.7657392161355293,0.4870809770161988
1208,0.4144120053739139,1.071444890343478,6.393338936106097,138.56780534623297,True,6.0582778580539625,0.4004971398007887,0.0661074234600121,1.330933089992838
1209,0.2826287358542683,1.1672419347118,4.59938514613684,82.39297962434776,True,4.665002187796544,4.163411883044995,0.8924780129656341,0.6449086981688925
1210,0.3143502910321994,2.347431263723334,5.648625341540148,122.8806916197806,True,6.058594905331485,0.1610605908637985,0.0265838190835415,1.3017392538266694
1211,0.2923764385241205,1.8457739037490088,10.16931050208794,61.22048380421118,True,3.306793025529522,0.2880330627965458,0.087103444507363,1.3873765636274675
1212,0.4263583886257637,1.4449184316604955,7.278991559933597,78.137088291179,True,3.4978479026475693,3.0437756689509943,0.8701852549526577,0.4580349961175649
1213,0.3895815251810159,1.8901560054926687,7.1545662711585605,128.48226922532058,True,6.055551625364824,0.2111998789192272,0.0348770668611884,1.316988299304739
1214,0.405165641021426,1.3107773233787705,11.194883697799392,122.30245804187496,True,5.5648520563251065,0.3316151073870815,0.0595910015271946,1.318859776187164
1215,0.4205470411993625,1.1193353362649578,8.093642802912179,89.74511639060636,True,4.04371249849074,3.482889552136608,0.8613098862583699,0.4586205169055519
1216,0.370553711901098,1.1881635469241456,10.26353312413604,88.59929611836026,True,4.280876442177703,3.4294379844327136,0.8011065095558193,0.4933502062078285
1217,0.2990873851550563,1.9205234993177145,9.287832901222458,107.04899585409116,True,5.789166744691167,0.1878811970262866,0.0324539273633082,1.3077164562489667
1218,0.4300508503047006,1.6670616466789665,5.3324034304629215,111.17505111811494,True,4.98375388114034,0.3080920086449081,0.061819266358798,1.3640143170780288
1219,0.402296138445065,1.1532396767041806,2.368062497322306,92.55364394811215,True,4.396733089053752,4.219103596738387,0.9595996644059206,0.4309942888277756
1220,0.3968622725922973,1.2860523719990873,3.086986677947268,121.714686471035,True,5.790826863208425,0.3808677722337985,0.0657708788797697,1.35779692004313
1221,0.2994769127451664,1.1223659065759637,10.124454728467589,109.54872327254856,True,5.899466808202301,0.3535072915943178,0.0599219053326684,1.3149419268643427
1222,0.2991765240457243,1.866250213861703,5.813874881851577,93.99737641075636,True,5.167739534277854,0.204746349480025,0.039620098521207,1.3471992080287816
1223,0.4463074209649628,1.0912984636384897,10.381540033168069,65.14335913495184,True,2.7296064055486435,1.9582225433238931,0.7174010653489421,0.4119886623589961
1224,0.3683812252990378,2.100620219447885,9.250556061168174,105.04434219589174,True,5.12737434137721,0.2037005619639319,0.0397280456626886,1.3300864323748431
1225,0.2893075995414237,2.0767836305476437,3.834100567676488,58.87047277052659,True,3.3187423036265256,0.2385438034867775,0.0718777722591208,1.4254421338305634
1226,0.3056096358100576,2.039820877522639,2.9206028267702315,59.57952393706817,True,3.292289290259168,0.2648238790571358,0.0804376091252567,1.437855422183096
1227,0.4230819884106898,1.3590874657656902,9.04939711279492,130.52904761704968,True,5.820760957308071,0.3172989754909995,0.0545115969919061,1.3209175888090885
1228,0.38902207160097,1.5535441197930062,9.02338010226624,98.60832939834268,True,4.66327217743689,0.3259575809209485,0.0698988968514608,1.35294092388556
1229,0.3603463497049602,1.921999057097456,2.6853979976352,111.67664339325285,True,5.642002624318781,0.2101677696895118,0.0372505621999577,1.356893992889681
1230,0.3160918779491914,1.4131292894323138,3.158621189622525,54.325410059477264,True,2.9570095198198105,2.827793977760676,0.9563019526338864,0.3934502060107392
1231,0.4304946775187025,1.166243985008357,3.118919439724589,107.30817678873905,True,4.841025113655373,4.209518227986688,0.8695509998724537,0.7807310186851222
1232,0.4331090834435105,1.0357849809809072,4.541211417395937,63.516659550137376,True,2.8497360026933776,2.653586368580655,0.9311691911365352,0.3792715001781293
1233,0.4042030571821841,2.213311817778344,8.001844859276334,127.843081912423,True,5.906873258902215,0.193559701156458,0.0327685549820703,1.3122221905086162
1234,0.325019077256516,1.814706729928868,9.0768416580721,83.60654626735982,True,4.364124181632489,0.2432095901968436,0.0557293010177052,1.3577207413318293
1235,0.3686670408728721,1.4049599867632412,9.207023921557418,117.45572807748958,True,5.729268274624282,0.2925974668150179,0.0510706520954818,1.3218698992536004
1236,0.3930898220977934,1.1291494961350304,2.5920240951340547,87.26976102582847,True,4.209919591635095,4.044070418510807,0.9606051447030431,0.4185360663857822
1237,0.2947342744984948,1.288231650989097,8.728860944244568,130.96661805888922,True,6.059081889731903,0.2384859051566917,0.0393600729445239,1.3183053793081938
1238,0.3136397776596336,1.745514519793643,4.013861064045194,80.3193492198381,True,4.361548928285611,0.2620253642119731,0.0600762179950981,1.3906463606580357
1239,0.3271870127847588,1.985317760603528,4.328195486032543,112.06784119274695,True,5.919261284692886,0.1905648440794542,0.0321940247125518,1.331698157816105
1240,0.4462465063706834,1.4648806961838794,5.657568207883667,118.97403364605952,True,5.173497872377071,0.3668086630052365,0.0709014813679045,1.3577069834393862
1241,0.3401599690737766,1.970493070808936,9.90314775204401,57.14067872504217,True,2.87169366434486,0.5161189691630269,0.1797263320845097,1.4041183110009945
1242,0.2973373517560798,1.0332840751163397,3.296866724089983,103.54681397877016,True,5.7389479622089965,1.8828090946585423,0.3280756520283596,1.2758367944207565
1243,0.3861380514671527,1.7320953958510037,10.772089164658777,56.37146113741946,True,2.602146358855644,1.7868545477254745,0.6866848752163527,0.447112372168414
1244,0.4448604663360805,1.2203437900041731,2.1459405924964603,125.51386978825472,True,5.515622316915013,0.5671549346302854,0.1028270070071631,1.3749239215986775
1245,0.3988375935564088,1.5773320492062308,7.318446298661117,126.80777197513356,True,5.930337554896244,0.2575201679287727,0.0434242006538324,1.3238824261873985
1246,0.3912388879036412,2.181000395970908,7.626834471314677,77.84646591283034,True,3.691270611503423,0.2505425828246252,0.0678743471269318,1.3869530068305047
1247,0.3446918512614287,1.909672675397436,9.19996560994483,99.3265274692116,True,5.032237622372179,0.2171233064344175,0.0431464733440124,1.3351232675852025
1248,0.2843601795663399,1.2997334800972329,8.78702250147045,105.51994051546222,True,5.842899366116306,0.2795384966907534,0.0478424287626502,1.320199253179188
1249,0.3926956868798651,1.076896638148646,11.228234060851396,108.15731464772593,True,5.021456722610183,3.5879651266648214,0.7145267449003874,0.840069789767111
1250,0.3676164573193123,1.9227528042245796,2.7611656923984857,64.39250137356372,True,3.242912365752121,0.4321499153466939,0.1332598191399064,1.445853317914593
1251,0.3377112720459095,1.744420309468524,9.561129879570036,123.36571490739917,True,6.058052574766738,0.2067633146528865,0.0341303268832802,1.3061898883472836
1252,0.3775203400537648,2.293447870495005,5.498825272273735,113.3810699520522,True,5.533827729692495,0.1875990846153194,0.0339004200670597,1.334265435911974
1253,0.3441576289160313,1.394705328477261,11.239015167720202,69.33689315299785,True,3.444560180529331,2.5117087165898564,0.7291812553566355,0.4677746365038735
1254,0.3182919436938425,2.1471349675493925,4.641995753117965,54.6153149929775,True,2.9443230709964205,0.2768670524397487,0.0940341958961898,1.43373335725575
1255,0.3527668447687767,1.558870049429352,11.970604432743816,84.75667175428686,True,4.155512406756925,0.3612067626533243,0.0869223160219656,1.3550265209003531
1256,0.2951610243271518,2.016543100987213,5.052825579227893,64.20550522995197,True,3.5712555738234686,0.2361500483540856,0.0661252166002944,1.4063245163241236
1257,0.4191796797545668,2.360480851122146,11.43996271784288,121.33167611781664,True,5.37885647656711,0.1930625023377195,0.0358928525382286,1.3113970274645017
1258,0.4046910539561939,1.13085640363725,9.121925061185252,74.111082294667,True,3.3992259231874966,2.752187733649193,0.8096513135168234,0.4339564126305015
1259,0.3734238628787475,1.5871074281711888,4.445577425063167,118.90566543788002,True,5.853777287741568,0.2523675373364736,0.0431119130317714,1.3428109534130397
1260,0.4026345368489504,2.351386941875293,6.728418836449069,58.57709222451784,True,2.73259930640013,0.3148630874696073,0.1152247556867023,1.4262966619975237
1261,0.4271141083024976,1.0217508313384345,5.458851738318803,136.0926214327858,True,6.055854092592448,0.670681815901205,0.1107493353780743,1.3357905840599984
1262,0.4287364749914973,2.392764816531044,7.523872382708585,53.98602401503474,True,2.3885613432377912,0.7212813384981861,0.3019731272718582,1.273935302077645
1263,0.3909625220543247,1.986909785713633,5.745915899662604,60.87763915102936,True,2.91544127604235,1.393665359770063,0.478028959534364,1.2524541098685584
1264,0.4317633120583638,2.12833777464198,7.02698679673837,93.9625031306064,True,4.174769536981469,0.2571340792532544,0.0615924009638081,1.375239367749916
1265,0.4436956674052443,1.7641291058178077,2.413489743702921,83.87847886294136,True,3.715524617370778,1.094603240533196,0.294602607506816,1.3836666659025192
1266,0.3913566366877342,2.1613652841621165,6.496882124261487,65.19391303210708,True,3.1074279217908725,0.3052423190138178,0.0982298951725646,1.415912581557074
1267,0.3050515190780121,1.8711226171223256,6.523528385125825,129.76953593334215,True,6.059038677350419,0.1810155953564776,0.0298752995311187,1.3154624223257765
1268,0.3767765161756869,1.3783706997346117,9.74507842994109,70.95995048353271,True,3.390608650884916,2.659764961168426,0.7844505913338756,0.4560139549041677
1269,0.323478522025985,1.107137866195383,9.79825000383646,98.02772101765822,True,5.113125158416727,2.5771561458754992,0.5040275890045908,1.1529697105969503
1270,0.4315401707177804,1.1390639865193375,8.09791649488216,136.4426789205018,True,6.009791318540856,0.3909676820672507,0.0650551177810572,1.321753197369361
1271,0.3180856886044743,1.0851897976447804,8.571080367321244,89.67126589300707,True,4.745424385035696,4.062423539108309,0.8560717039173201,0.5053785751203148
1272,0.3633053243726658,1.8907821472491784,9.822938846751562,99.37585110918832,True,4.875061066984608,0.2299427157597911,0.0471671457239854,1.3383622231227117
1273,0.4405357882782011,1.7782267321964986,3.620025884132929,126.60999734634392,True,5.58573763055562,0.2534588380771914,0.04537607292736,1.356557578824622
1274,0.362051402661438,1.6100174033243848,5.5108603792642175,64.09121787052513,True,3.2205871612570887,2.9293051739762808,0.909556247759768,0.4511060688648225
1275,0.32823212322874,1.4017790829437753,8.479885998762125,129.8473518537021,True,6.058865011917959,0.2390104816354205,0.0394480618342346,1.3176299919702523
1276,0.3927248351491724,2.1419120951458663,10.874176469297543,93.7270363067179,True,4.350414720120984,0.2228973590836465,0.0512358874782052,1.3481041160576814
1277,0.3621516509409915,1.2558724890857669,4.784141234269658,94.74745325559309,True,4.765611709239075,1.689687609251575,0.354558388795248,1.2561039720986833
1278,0.3761559636678142,2.222547964359749,7.339416481541606,93.7883123764626,True,4.566351488908908,0.2085308174776405,0.0456668344484947,1.3564835865871865
1279,0.3249138752595102,1.251424973809426,3.859731126452157,50.78722333299617,True,2.7222006934624265,2.5683434447235487,0.943480563682032,0.3784438685011531
1280,0.3672420764777031,1.8382698746200956,8.552841748959494,125.1700565839124,True,6.0565142185025085,0.2090197739079861,0.0345115633130086,1.3099182511864886
1281,0.3114030334251193,1.2932186038559448,10.647802591167103,72.58037818303436,True,3.8165306650098128,2.93979425502779,0.7702792177146653,0.4824653107244829
1282,0.3639020809183627,1.9502675650074075,2.55350176551824,112.81211665712372,True,5.668307238273102,0.2080461621217296,0.0367034025108901,1.3567002109017596
1283,0.3668513421471694,2.380391685808485,6.855627472004434,76.39249837032781,True,3.783628144691869,0.2112027866456651,0.0558201753895836,1.3841214369231367
1284,0.3971252916747542,1.5444700857979652,5.388863045271886,83.89207529250757,True,3.985336716871532,1.525672671667725,0.3828215230118297,1.2520142833289918
1285,0.3414021741526095,1.4863277816096605,8.268405152037086,139.50817585677294,True,6.059075500775023,0.2224873771865402,0.0367196905135249,1.31858005087417
1286,0.4454668498491782,1.1396237916905103,11.13552048241012,77.11324992440528,True,3.234561006806293,2.337076040812683,0.7225326824551813,0.4304860554333012
1287,0.3481789854120941,1.2817923975344567,8.231707832869084,68.1310416313164,True,3.4440699853899024,2.895782979312335,0.8408025944874938,0.4473543549249394
1288,0.4297297155918022,2.0648370011483816,9.344686183610348,65.47983235213651,True,2.858421872829414,1.1866640257809145,0.4151465663836013,1.2764398481844097
1289,0.4199673960701025,1.4915578520540973,3.822723848261744,101.37642038156662,True,4.651816679847979,0.4326301364147405,0.0930024044775725,1.3871609006436625
1290,0.304650747997384,2.3575453562200157,7.149371733465813,112.12632016579992,True,6.0392348772984725,0.1594946711918771,0.0264097479949684,1.2923940234964713
1291,0.4228298480106106,1.1801998819018529,2.9431681392254525,54.37641731842691,True,2.5023487641733047,2.3988384843154558,0.9586347509428624,0.3642362054666779
1292,0.4091894472489026,1.8075011405310568,5.16641783412122,90.38184427443828,True,4.209748357807491,0.3254465425168407,0.0773078376319716,1.389071572453762
1293,0.2800988371317368,1.4139648572329997,3.794128041410885,87.03281774379776,True,4.951748295052278,0.3110315332653918,0.0628124683914508,1.3755087135787831
1294,0.3302186702909388,1.8804967878920251,5.107478948491606,86.74122585219942,True,4.576978744084095,0.2323880225536901,0.050773236134002,1.3734590630692138
1295,0.4374490791985805,2.108211315664599,10.199983961546572,101.89967489805166,True,4.402602196334276,0.2441034929538113,0.0554452757864561,1.3514744622135
1296,0.3170553852575414,2.049350372176887,4.46488673006146,89.93612861945346,True,4.844377483713438,0.1996073113766249,0.0412039136189727,1.3645224876824216
1297,0.4279939319799972,1.4938206328181585,5.461957916267281,78.18432751182482,True,3.5239593760995,3.2261528718411023,0.9154909371889456,0.4420876183437956
1298,0.2831345952479429,1.954993804674392,11.985598225589936,111.9211600625224,True,6.0549901004982765,0.1731424636357924,0.02859500358581,1.2850955244348894
1299,0.4495373405800545,2.483991621361242,10.55623345192202,90.16057065703572,True,3.7905969525532575,0.2254764701241298,0.0594831033070541,1.367187416550156
1300,0.2919631291043713,1.181370881586273,8.524148848497036,100.73933703335273,True,5.531785789896876,0.3626242225756568,0.0655528316439774,1.331838785348904
1301,0.2882305394255227,1.1987352107919915,10.984739556125152,68.49815519552212,True,3.710346152879045,2.800404006060333,0.7547554569503867,0.4605426596685906
1302,0.3587887982860014,1.0951951144820642,11.212744057772332,52.553970487294926,True,2.517347479300113,1.6663259087203712,0.6619371868295483,0.4037917630856724
1303,0.3886331710225653,1.3938167606203766,4.822976283756644,126.65980708162628,True,6.051185121527676,0.2920036930607355,0.0482556205431402,1.3364725764999292
1304,0.4086581153394886,2.4264716004125177,8.678535765803726,99.85447969386746,True,4.576644364703304,0.2010538036488908,0.0439303969518559,1.34765681029449
1305,0.3371112985219487,1.1570793538202977,6.104506175711432,132.93036809042923,True,6.059013210607181,0.3017048310517367,0.049794384096004,1.3329207693076692
1306,0.2872691563342404,2.000918288226158,8.859311826074338,110.56979979388362,True,6.053392298008999,0.1752770010540863,0.0289551696677144,1.2969266213686548
1307,0.3677035971724497,1.3650730808093634,5.975998757781955,69.08380527422628,True,3.4332739095209828,3.103840780573349,0.9040469424725868,0.4323593118297508
1308,0.3099704947262135,1.9266962299551245,11.3614375935812,75.62178850929328,True,3.965423155996402,0.2239728866169968,0.0564814593061301,1.35808864971772
1309,0.3072693480841311,1.998169233158278,3.332811940546725,52.71958272365767,True,2.904485837191785,0.4010731053718118,0.1380874715366459,1.4497831041850562
1310,0.4136932098537315,1.2225300448799437,3.108470285017847,119.9632415809539,True,5.555270742096017,0.4907412054476155,0.0883379457510396,1.3656565132857
1311,0.3479608352923652,1.0535102023117602,4.69745305058192,106.55593445469889,True,5.467563324688962,3.0578266227186117,0.5592667960352457,1.1117793438124473
1312,0.303026250181001,1.478633597152826,3.702603476586411,85.81720373671396,True,4.731808861330977,0.3249430619223741,0.0686720599764406,1.3835732367381914
1313,0.2903480596725298,2.377146974666212,4.761241368376132,119.84558825151962,True,6.05867225064193,0.1532603754627671,0.0252960333753866,1.295786665441728
1314,0.3936788225347898,1.1009328205492317,10.227866825012228,125.99626999799784,True,5.8708403151861726,0.4616903327405093,0.0786412690439304,1.3159762985621035
1315,0.441019682088271,1.7848111984329305,11.284225677942857,119.98014516859796,True,5.12493674607172,0.2605288463852738,0.0508355242793913,1.3278326625961738
1316,0.3778886802027186,1.0479626959258592,8.988360595396102,121.82585644783798,True,5.859574608467383,0.940486933195489,0.1605043021103337,1.3220909912896728
1317,0.4373420586902017,1.1856322011870553,3.280218300299633,50.23061411858546,True,2.251773072674884,2.1385497368461177,0.9497181411383216,0.3593702968472478
1318,0.3145248553890466,1.3233552174514884,10.888090622939156,104.190958897666,True,5.472538944186031,0.2923492367066741,0.0534211340820631,1.3217593551601086
1319,0.3221959261847386,2.044210236998695,8.804111069462095,86.95708727397013,True,4.5652894363472845,0.205191498330483,0.0449459998520177,1.348152741707806
1320,0.2981086046430935,1.6290230025082135,7.195069193380222,133.32297307933374,True,6.059101306216471,0.1948628259776657,0.0321603512022058,1.318581957520403
1321,0.4409730235027532,1.3186657853276498,4.216075190433559,131.33503285698305,True,5.776214931632083,0.377122298756404,0.0652888272372245,1.3501158862227394
1322,0.2924688938400387,1.0077936622226549,9.973339494060795,100.15482390092022,True,5.457968678802951,2.6869164943558097,0.4922923989635477,1.1517239579440863
1323,0.305256673549311,1.8679988751423555,9.951187990801476,100.64374279018386,True,5.382685799452918,0.2000117418201244,0.0371583535194369,1.3191857865232546
1324,0.3179957311658447,1.5000689424502818,3.893688544196406,75.33083484775678,True,4.069815506962611,0.9938112595881086,0.2441907398229486,1.4052460166446714
1325,0.368607908342324,2.420789980572694,8.086370192135506,93.63490493333228,True,4.595922626485457,0.1892931051335846,0.0411871827525387,1.34679534822477
1326,0.4071589581718415,2.193525827847184,9.365006522537398,96.47174527907946,True,4.4152772716454365,0.2244519316479843,0.0508352970467782,1.3528643127504352
1327,0.2978343655715401,1.9965386747816305,11.992872922626114,103.44870891819713,True,5.5250954401861545,0.1801049150220241,0.0325976115655942,1.3018759320901232
1328,0.3119305083978437,2.0952713449460654,9.353274860065788,69.37717734748473,True,3.675892492631406,0.2148696294831378,0.0584537306011695,1.3750525260659514
1329,0.3426415973426621,1.720811543123783,3.592965570200426,118.43023354177843,True,6.056556788047928,0.2160433643025336,0.0356709879661123,1.3390650669945696
1330,0.3524126488433191,2.006774362588453,2.625680875248681,122.85314810599763,True,6.058100778649164,0.1914160666812396,0.031596712183438,1.3406540338437312
1331,0.3214676518402739,1.7003902076283357,3.166988625723261,135.95354462737765,True,6.059149802235853,0.1956379822347681,0.0322880253204132,1.340858618829072
1332,0.4335577896887994,2.0452421451638547,6.296170796572016,80.026584392221,True,3.556811152874733,0.3206217472472357,0.0901430335957248,1.4027575353723032
1333,0.2976590257281614,1.4063793802282691,4.213210949837923,123.9000978473498,True,6.058990728748124,0.2289828051347917,0.0377922356025956,1.3391532171664426
1334,0.3292409196118572,1.591250609720233,5.365852857199183,90.98252913594465,True,4.801559085010382,0.2858380587256663,0.0595302595813101,1.3681627954631237
1335,0.3631011268833351,2.223968245412043,7.155656271120982,82.68879066192851,True,4.114353471024246,0.2158313804519478,0.0524581521670324,1.3724273341350286
1336,0.3095546596051899,1.887197937601413,8.216382952484187,136.0513068116203,True,6.059071817568893,0.1786455579182451,0.0294839809292644,1.3073154653851882
1337,0.2821533748145702,1.64109716427179,10.655433919707455,52.84610788914406,True,2.8683488398637547,2.043644784987655,0.7124812563191327,0.4721763345887493
1338,0.3237190907124954,2.0127617920574337,10.960478211499542,115.52322617901063,True,5.970064350075241,0.1840608885303413,0.0308306372824979,1.2947397604891506
1339,0.3111443708194691,1.357437497941778,4.573181330102203,60.26814145215137,True,3.284677982935393,3.065005717027974,0.9331221303736124,0.4125337888938234
1340,0.2998352085461141,2.3896920504773096,2.739289069934925,57.29449163472028,True,3.1939515267967344,0.2026274228689394,0.0634409824848399,1.435975056440725
1341,0.2925048176574111,1.5655361256634768,4.567860745163358,76.51471725915617,True,4.276392381357598,0.3236310573673512,0.0756785225738827,1.3908320647683232
1342,0.3390046008726783,1.3080132273206213,5.784273311443864,128.70513381372623,True,6.058790507871075,0.2673563057946159,0.0441270094166961,1.3323943343981908
1343,0.2805074313676811,1.8553019980609664,4.981748938629091,104.82431947961136,True,5.91021143377008,0.1878559083792649,0.0317849725825177,1.3263839852342052
1344,0.3259632716417626,2.227958815566776,3.4289180021835937,72.32769327849118,True,3.867839808830976,0.2094698421793868,0.0541568039351395,1.4067554658122856
1345,0.4336613750827028,2.071227470478193,4.621082932570831,58.9464974412292,True,2.640696463020588,2.429700121448406,0.9200982223716728,0.4549434062101265
1346,0.4253297711485512,1.5056656721959492,5.444570005141825,124.961415757139,True,5.633326940918425,0.3018829581001916,0.0535887515967561,1.344808906317584
1347,0.4316862798729738,1.399052363553441,10.107190610825532,58.71255449683064,True,2.524175297797194,1.795541840713918,0.7113380129663964,0.4171061685980497
1348,0.3034618385311111,2.480152216520334,11.342831325131565,102.27147600574006,True,5.432734218472113,0.1577519964203734,0.0290373116144708,1.2872777335042294
1349,0.4260884646938284,2.338505728892697,3.946560814700352,55.21816239811962,True,2.5153131820847463,0.8195576811988525,0.3258272914228459,1.241782123664704
1350,0.34071704557832,2.4150990966264057,2.9130789599839773,79.82840574623478,True,4.17728020400104,0.190721003176714,0.0456567416746522,1.3961294204015102
1351,0.4001430161612538,1.662452987166286,9.60822672211972,103.81264625401067,True,4.80455399546962,0.2865028864964776,0.0596315259994228,1.3448407948875478
1352,0.4148757470255358,1.235636415311106,4.508661756324701,95.55013838331448,True,4.416813603209016,4.119558637933095,0.9326992280000336,0.4647325250279817
1353,0.3807818480504215,1.2871084505842427,6.941363457201863,71.48891547367361,True,3.4611839162196216,3.04685489129497,0.8802926874289909,0.438142329031626
1354,0.3256423414336417,1.957780043185492,5.519261232774639,75.85909668605962,True,4.027608895883985,0.2403859322247703,0.059684527082665,1.3884431139194868
1355,0.2929722924560254,1.0528829275755562,2.0160727798883293,83.34472593741461,True,4.682331199822178,4.472201696228674,0.9551228875903772,0.4330962523668948
1356,0.4239107398756364,1.7795155079048477,7.115246755604255,67.55821747081626,True,3.0355846610100805,2.60981609458166,0.8597408361238895,0.4765074207737276
1357,0.4166011337514629,1.5957992495867983,9.863213455085614,96.51006886715987,True,4.333625901030389,0.3819470860549828,0.0881356847078491,1.3591982864497625
1358,0.4011540672536173,2.4284298011051755,10.021341636082662,138.2858668392764,True,6.058190673814072,0.1762696702573311,0.0290960915144581,1.293805078046625
1359,0.3509044511348363,1.6995968585202683,11.580280261952376,92.6980004390028,True,4.581681579520264,0.2573314433630712,0.0561652831819045,1.341737339746904
1360,0.4379190210433313,2.266141092917059,9.050906490861486,117.78175582610534,True,5.121784422051636,0.2105691294303067,0.0411124545819831,1.3322869100549166
1361,0.3011683549105681,1.338047095278486,6.335866756305048,71.80915817614805,True,3.9378506671512734,3.5377364927814416,0.8983927507186849,0.4789966472419089
1362,0.4247943211168266,2.101415799977724,5.874970749886632,119.00414920129074,True,5.365933473507773,0.2169581170623399,0.0404325022167134,1.343913069756602
1363,0.31427646199954,2.0018690857123187,5.740341720690534,114.23613202072616,True,6.056345043090398,0.1834122807889734,0.0302843182619236,1.3165452632363572
1364,0.4426748490897322,2.2580155393218124,5.804040386457423,115.02214099932672,True,5.0314578114660025,0.2161522423954988,0.0429601619441024,1.3535881381219357
1365,0.3451367482043944,1.5316669788375208,9.169468912758118,90.73670253965682,True,4.595052235822459,0.3107975027427147,0.067637425385456,1.3538318300561696
1366,0.2953803078101773,1.692392673115714,7.861019256206761,120.95863729573652,True,6.058684068455262,0.1962970326245776,0.0323992851263865,1.3128229087356629
1367,0.3513559376449814,1.8106775308817733,8.81683714390107,119.92716814941632,True,6.005750972700339,0.2091944309906626,0.034832351847683,1.3096964910883635
1368,0.2835747191272126,2.226094201948473,2.6465855267202567,134.36922688590303,True,6.059098027632875,0.1563381179563233,0.025802209708992,1.3117640598823956
1369,0.3690621843018922,1.4706617877633374,4.397134519293292,78.08005115418237,True,3.8973826442530455,3.190612314244589,0.8186551348632299,0.9272396665768672
1370,0.4455777962706123,2.4902497641852666,4.833248164526426,134.5835229634489,True,5.8524182331511465,0.1893014624084751,0.0323458534347687,1.3298844087585575
1371,0.3714698738349316,2.245065563089227,11.470597375118205,110.74355695622812,True,5.311121136297389,0.1880882076691554,0.0354140308312153,1.3119684770256614
1372,0.3969249710890096,1.7614405861282787,2.3034369446610787,136.77515428871703,True,6.058660967301653,0.2195054537492851,0.0362300275479924,1.3502701818711498
1373,0.4283898428566287,1.9500074355565291,7.785697851753257,67.80872709337599,True,3.008523276768287,1.8434252627346157,0.6127342530368576,1.1163907801402524
1374,0.4285830324526147,1.424270305329297,8.469882359450883,62.318529459328886,True,2.7441509291074007,2.1957620918274525,0.800160832458904,0.4258870470553071
1375,0.3309004475799093,1.159369879775337,2.4344364196683608,114.27682780052396,True,6.023681060914834,0.4022592633973713,0.0667796417721158,1.35557786478381
1376,0.4237456335790027,1.7189781108386473,5.049157536403473,55.3819988751897,True,2.518471598472293,2.2920275870678792,0.9100867321506524,0.4104009619488558
1377,0.4264731928201767,2.2528063842444404,6.139494283933361,110.5008265780553,True,4.968665664006246,0.2131279908454881,0.0428944117511103,1.352754806456926
1378,0.4404402127425763,1.4160046658079843,5.354449197019733,76.95584996289709,True,3.394875468304892,3.116046459675445,0.9178676769641066,0.4232585469822587
1379,0.4304350363178091,2.475105442831907,9.75927208653949,139.25434131325855,True,6.05517478811996,0.1829836857057114,0.0302193895483775,1.2965196875682443
1380,0.356292288086169,1.0320628321134802,3.5128528830848924,131.0146915167022,True,6.05881891627835,0.4442247478908661,0.0733187035343404,1.3493027850959003
1381,0.3187360554548226,1.5363135656679772,3.5734682688141115,123.43108194361297,True,6.058769498239883,0.2215934104030962,0.036573995836526,1.341722497808481
1382,0.4099688617330158,1.706642079542411,7.983284311875783,100.45213556669852,True,4.612696350160252,0.3010590289455354,0.0652674717977211,1.3589118831756353
1383,0.2828459007888219,1.3297399356263042,7.225801942052303,58.786152571991096,True,3.289069263310452,2.8523331452343585,0.8672158951020332,0.4437799901173327
1384,0.2996946806383753,2.3345449911135567,5.398153048882401,98.4199526612348,True,5.404896617262676,0.1670447677909321,0.0309061911114837,1.3254698709358483
1385,0.316468245661981,1.5778377781929454,4.967007836991671,99.60800488584452,True,5.354328688481053,0.2504571986205707,0.0467765826852183,1.3531048866724324
1386,0.3009481954758304,2.17353246411642,9.92014211937546,108.3820249214368,True,5.823388477834891,0.1680736798446481,0.0288618354218293,1.2951674729928435
1387,0.2805379716843529,2.0106589054320123,8.308560692997546,88.06710429580212,True,4.9193605252177,0.1869178370169865,0.0379963688489196,1.335308501740597
1388,0.4087452304332917,1.3463679269280486,6.951689558658715,120.70044482518388,True,5.570576084184951,0.3486039622531851,0.0625795172680404,1.3385816443488778
1389,0.4340792658370491,1.4580003380309394,9.526648177480856,64.93328278545914,True,2.806991566653545,2.1318073131269712,0.7594633836639849,0.4311778296264363
1390,0.4109059978187324,1.559977114914231,4.524494002770366,116.41213921977857,True,5.399831322126889,0.2984965771383263,0.0552788706408618,1.3573321735189596
1391,0.3004057165835394,1.3215646605337232,3.4816886559808435,96.07297256494078,True,5.309257468144017,0.3448298172160619,0.0649487841350827,1.3681574482699483
1392,0.2825335013561504,1.469590571335825,5.959259833899488,79.20415622359687,True,4.46420273087495,0.3233137026399343,0.0724236156220815,1.3752353407684366
1393,0.3992123951788903,2.3336029548900528,2.683370044772922,74.60923269782094,True,3.567241424694139,0.2455798891534881,0.0688430806654877,1.430170751704256
1394,0.3083915103794869,1.234242446027883,5.595746546840259,134.6111537777452,True,6.059142355762937,0.2522411328710058,0.041629841000698,1.334949204375966
1395,0.407015649406711,1.858461576949652,5.883378300033982,138.97773686318476,True,6.058478872614561,0.2131196793711692,0.035177093764329,1.3259644083326916
1396,0.313939079394305,2.301287058711963,3.647156700910759,81.35174205023955,True,4.417439599427291,0.1858614469485986,0.0420744738587246,1.3794409259710414
1397,0.3589233900520569,1.5965397146374556,3.1778663510021152,82.63439900944883,True,4.203840634431728,0.4107866520958417,0.0977169897286964,1.40684219456631
1398,0.3461653078769616,1.2039929232042792,7.382150800558839,95.7364878296326,True,4.885335182475991,1.536580320108666,0.3145291495290799,1.2810557651416945
1399,0.4168572027936187,2.018939708744752,8.867127661703645,67.25862511471786,True,3.019142118830116,0.6364310903586309,0.2107986525010756,1.405946614338748
1400,0.4275998092035801,1.517449521946998,8.775513581662334,139.01403144470757,True,6.057052608663773,0.2664566430725554,0.0439911389726789,1.3144696751245633
1401,0.4348234149331634,1.9985825833632092,3.70971221982028,134.3030922269096,True,5.967137232775979,0.2168051590483227,0.0363331947281967,1.341001059715582
1402,0.4338135220978603,1.6684682172773242,4.909764375417022,63.19801005427718,True,2.826476682680997,2.599843510621896,0.9198177811096844,0.4154576613605494
1403,0.4421556140249743,1.3917612210021602,5.561864370123439,108.57979213319156,True,4.763399652288098,0.7091335273389886,0.148871306021605,1.3712342629417518
1404,0.3869775615506566,1.91062327505571,8.281972041782026,133.78690677641097,True,6.058249282353865,0.2044620179384506,0.0337493570187011,1.3115378080101625
1405,0.3399723527493377,1.5765161714059166,5.241791771605442,95.1073446226417,True,4.939295770518653,0.2876875042925129,0.0582446400577271,1.3651399168983571
1406,0.3793641161613716,1.205794228367936,6.301325751730075,92.76040714854192,True,4.516595872665439,4.073588902049534,0.9019157385107232,0.4865943121288576
1407,0.3467199870595169,1.8525222561871677,4.252893632197242,80.50191027314924,True,4.1596898836942975,0.2703881096246504,0.0650019874521303,1.395849277892497
1408,0.4113742376209509,2.2891966528481307,9.714433913584966,128.35990873567204,True,5.817221450159118,0.1912001667540845,0.0328679539522867,1.305978932700853
1409,0.4146176813408014,2.12371644561439,3.4947594573599168,50.60467836261304,True,2.3569968392383496,2.2223812090004254,0.942886800696167,0.4210534995462489
1410,0.3897017268635951,1.1629022714560633,5.336080242098972,79.50309981608942,True,3.825118610673801,3.530766050113024,0.9230474684525072,0.4206168753214148
1411,0.3499020693088026,1.3500793383483851,3.652097965819098,60.97634308877236,True,3.1483852946052258,2.989213630892655,0.9494433975456203,0.3967963248964734
1412,0.2938180586358499,1.7611129542388464,9.035583094089542,92.59497946319148,True,5.059643543015744,0.2158047804330761,0.0426521707702057,1.3348218905798892
1413,0.2831797842313658,1.8652297136047524,8.303556294823801,127.66086860976225,True,6.059028206584326,0.1754598055385975,0.0289584071168254,1.3042480835328472
1414,0.3671324909154733,1.2851504006631798,6.9393336942778445,84.03139738056687,True,4.161047483519114,3.6951369310719606,0.8880304648547006,0.4824422065905085
1415,0.3674294248839519,1.5819884525087795,6.352358163398119,136.7541479101962,True,6.058883130784498,0.2255606767660632,0.0372280949965869,1.3265597479583588
1416,0.389547155583387,1.1607279692789318,3.533714289814294,117.81986503091711,True,5.671835909761291,0.5046840314420669,0.0889807179670872,1.359079304281166
1417,0.379139140570534,2.0231257873863173,8.561924052308349,80.38090176840402,True,3.866967899957484,0.2573108339654163,0.0665407214702365,1.3767548317599516
1418,0.3953992568026231,1.787838144567336,4.617420547997779,115.25432941813648,True,5.482672961575861,0.2406873942938938,0.0438996445676588,1.351345195907717
1419,0.3802009821902683,2.2843164544276098,4.106227844028865,84.94834776077599,True,4.165621299497442,0.2165316531554804,0.051980638081912,1.3923921078336874
1420,0.4466962555704076,1.2007202389246916,11.93913345620052,99.69871782400678,True,4.181014157509292,3.1015365245887545,0.7418144038135469,0.4887189894007782
1421,0.2803042517191468,1.9014886074214885,2.1096508070375326,135.7162125268907,True,6.059167891595671,0.1696780269366802,0.0280035196205787,1.334091822659035
1422,0.449169606953441,1.4313309703629749,7.052271795629929,56.88024955418686,True,2.437500033156628,2.0476363268617708,0.840055917541887,0.4123143719187627
1423,0.3220295743890594,2.2391082959045523,9.716252611854388,62.00190058263362,True,3.217750577535658,0.2188027388668294,0.0679986635366876,1.388489474762773
1424,0.4171794692982105,1.7035744887251782,8.670729556266839,74.07258280856847,True,3.335671181708212,2.521588498841606,0.7559463632594295,0.8180178571223045
1425,0.3798899876683649,2.4991770905216613,11.51968358183299,123.18086295962844,True,5.82179129264404,0.1692700218392297,0.0290752473475141,1.2895842195791225
1426,0.4312544135971364,2.3466890889819325,11.55548068902012,71.65223133925696,True,3.061929750994564,0.2747065501629566,0.0897168036182827,1.38834660706254
1427,0.3783401020049185,2.325537934568544,10.796138662983962,57.17522792391013,True,2.6750172248314685,0.2866425769656528,0.1071554135445658,1.403473325666039
1428,0.3507214445325785,2.3997354643715143,11.249479284936514,96.29607658946,True,4.771458598852783,0.1777818167959711,0.0372594277227336,1.3241157228411362
1429,0.3961247691221981,2.092002432495142,8.354508303665638,131.58048518069697,True,6.056981563197669,0.1962213006611746,0.0323958887135167,1.307988303730928
1430,0.3640001121003978,1.0577017342887125,3.099657199419676,102.29500325826456,True,5.148092569842182,4.522400714318116,0.8784614209951459,0.4839212963970052
1431,0.418906961765953,2.194088827600102,7.216747432989337,53.18048586101275,True,2.400025519267491,1.9816043878958272,0.8256597156936191,0.4871117552643951
1432,0.3304979633788217,1.9605259573562688,10.173622445802724,83.44011198113633,True,4.289146953624144,0.2224742354484414,0.0518691100710504,1.3529209451227144
1433,0.3013621300796381,1.030078245936468,2.08922049355373,113.63214664410054,True,6.058170797549526,0.5422639151794193,0.0895095125741189,1.358363134678175
1434,0.4175629169166804,1.81849897371693,9.180429697098369,138.72286611613873,True,6.057801110983492,0.2215002563938888,0.036564464949548,1.3097388823527614
1435,0.3608588361254509,2.1290197445341565,6.276061236405671,78.3096375743675,True,3.927446860351521,0.2348523599683987,0.0597977180389854,1.3861417058518146
1436,0.3311121948272885,1.2796992703341226,8.16908429827075,125.55707098179798,True,6.05857117833313,0.2756360160022191,0.0454952179134179,1.320048929257688
1437,0.323097664709763,1.8010244400147262,2.9298160029979994,60.15278983244228,True,3.240985196061128,0.9802450122972624,0.3024527891977369,1.3885811027638826
1438,0.383040427820161,1.6841853356472567,7.1795704554752495,81.29257300008098,True,3.918551335104058,0.3998665581184552,0.1020444863223507,1.3861154103112212
1439,0.315347856082424,2.207880093000349,2.7888015714957946,88.20260774727194,True,4.784578587319201,0.1873301498746888,0.0391529047868873,1.3755829698950484
1440,0.2945281983488302,1.6180668302877026,6.731276770178993,62.19806792082022,True,3.434348129232819,2.0955186822601246,0.6101648998315822,1.1265225637955705
1441,0.3261150508557516,1.5156900306257852,3.9132079635374897,87.63726618067766,True,4.670261686527754,0.3354034589102124,0.0718168448414243,1.3841496324281608
1442,0.3804401174521075,1.9174402950745133,9.76099341336892,76.82558699329567,True,3.654807452854951,0.2948323533409337,0.0806697362704088,1.3792703874232637
1443,0.2809143619209291,2.0338547334630306,3.9938827769163514,127.9833099879461,True,6.059084923179487,0.1656347966788855,0.0273366026023561,1.3176843442294155
1444,0.3448798348491456,1.370838264044549,8.061380363602236,93.4660569689867,True,4.763750540854556,0.4099707224034801,0.0860604934887998,1.3556581366726204
1445,0.3756253802747797,1.4852542385747898,3.4676750008724824,131.72602735781675,True,6.058596664147679,0.2502623600285588,0.0413069847526755,1.3448900005986757
1446,0.4360392966727565,1.0541968253790823,10.465603870715931,51.22334001802636,True,2.160414066359914,1.4223424304512142,0.6583656589719035,0.3919966468090119
1447,0.3271059992033495,2.192152730025933,11.075900050261104,72.69391828341404,True,3.718255188843623,0.2064712809313526,0.0555290776036179,1.3646403642049223
1448,0.3983087416311577,2.004914361696952,3.131140389320327,114.14185411600522,True,5.425106063226329,0.2179215656394904,0.0401690885117721,1.3614244667115822
1449,0.2883708530300387,1.4943195536568634,7.816702048215644,63.797173396471024,True,3.531307161396768,3.000778428557924,0.8497642066828874,0.5160816308615175
1450,0.359014815796305,2.498046066729387,9.851198623576568,58.34460410118729,True,2.8483799433900616,0.2220694801715096,0.0779634334551621,1.3993666304981691
1451,0.3404767553250113,1.1869548244730097,2.046473677250465,104.6826343921724,True,5.467451356755621,0.5561707764413358,0.1017239551210871,1.37688795009455
1452,0.2941896830981664,2.4664337859009384,4.877431197745242,62.73163880959851,True,3.49529889029335,0.1826426187972531,0.0522537913150896,1.398932471593506
1453,0.4302222841476055,1.3437125948544986,11.607381864152275,56.53427904600576,True,2.387489111439508,1.5074176121674423,0.6313819840872754,0.408146627733267
1454,0.3540944789107665,1.7250985695861014,8.358246330241284,65.73154772690168,True,3.2868643782193887,1.339576571544802,0.4075545618558495,1.2706645960758576
1455,0.4099058456437958,1.2416158600465914,10.881395409049606,83.20217055984187,True,3.74040448644599,2.842951454682472,0.7600652456129822,0.4608365424181349
1456,0.415203871547792,1.1273811897149142,5.886566379002209,129.09883226548024,True,5.905711395747414,0.4492355414294053,0.0760679808622024,1.3366899679577409
1457,0.2844603421107076,1.801906127617604,4.296645303625391,62.27157317042007,True,3.5277380545743102,0.3039914687098379,0.0861717803326302,1.41729109946302
1458,0.3130367063261976,2.381009976785048,3.4972526612533,85.59066229306384,True,4.651277404351081,0.1769347079268887,0.0380400248244436,1.3685759807264777
1459,0.3297357107149117,1.1826155400639595,10.362633194934013,134.14107022985155,True,6.058977418814567,0.2814345266282526,0.0464491789908857,1.3131777031525569
1460,0.3067429555253875,1.914750381353264,10.378646321585853,111.71446670414088,True,5.93862059219588,0.1877963800443396,0.031622895776694,1.299079856774492
1461,0.3824707065943762,1.210833101736014,3.3252932801147645,116.77012369568472,True,5.688628172953766,0.4593837714445852,0.0807547544817039,1.359705260557475
1462,0.3001364910385548,1.1321609968363842,7.435025692981807,135.41613799685655,True,6.059133180838253,0.2708744963572768,0.0447051563768074,1.3270955932155393
1463,0.3750279857208199,2.01831155233697,4.1147832886147935,51.403064928033146,True,2.547775629918624,2.3718818067189678,0.9309618079652978,0.4432145446226094
1464,0.3266155804070151,2.3368647110941247,7.602227750590018,138.95363969335864,True,6.0590265229621,0.1580496853675894,0.0260849964542361,1.293418120366507
1465,0.3103788607386232,2.318476999766152,9.271769941380146,64.14195047764196,True,3.4022835050424387,0.1977698292774631,0.0581285565956962,1.3811048852760233
1466,0.3371477927675845,1.485000911861266,8.430868685424363,77.23780052012971,True,3.972127792344252,0.8243585092438128,0.2075357471712401,1.3780572926174544
1467,0.3192590947275514,2.454103641834596,10.00181445793411,81.57697627398997,True,4.265591057872783,0.1736852599036427,0.0407177475635131,1.3414495262832289
1468,0.322999848199977,1.5646337732551376,8.449171914097299,116.12849940919315,True,6.054159812770411,0.2286735582526611,0.037771311845833,1.3127133290701627
1469,0.2887033722364585,1.0396176982938592,8.456437516948185,66.18735443266243,True,3.648836556932229,3.071520768513735,0.8417808582514659,0.4367361294879548
1470,0.3079385175582365,1.2593323760341946,7.001073969320284,122.36180837751785,True,6.058701456841863,0.2697226078936144,0.044518220581578,1.32555893818822
1471,0.4019331375128623,2.262968477018926,4.1486971534178725,89.14288773689965,True,4.217177100004301,0.2258774876918682,0.0535612999728272,1.3916168443281465
1472,0.4295283652057876,1.092936359509425,6.205167618796558,131.87351688005188,True,5.879918737515695,0.5449337963628843,0.0926770965193853,1.3357798714292812
1473,0.3576459921180987,1.7448644870331855,8.899862261893542,133.5750281262767,True,6.0587002565119015,0.2070136956889549,0.0341680041798496,1.3110410603587073
1474,0.4301850886561267,2.4408694164257945,8.492354118903812,107.3722491768938,True,4.747138465807354,0.2032351846199793,0.0428121459030192,1.344066269550086
1475,0.2853691741717019,2.4549795144121966,2.189308146535532,104.5940978964278,True,5.886128404715857,0.1561622365691964,0.0265305521442723,1.3155187888920197
1476,0.4266704859544721,1.669838958471734,3.381822853636044,51.05194120605333,True,2.330375369740116,2.208200156575593,0.9475727323799564,0.3797823421862061
1477,0.4300001600159788,1.553399739607336,4.405194138045516,93.51028410398854,True,4.213939855871077,1.0192978637044543,0.2418871409102615,1.3969640707687647
1478,0.3156550340989937,2.388045573556874,2.508679296682093,77.37824362013137,True,4.206359244864526,0.1840129842306068,0.0437463786421155,1.3957722575524647
1479,0.4431321756000398,1.5289171153878764,11.895655991554031,70.82181937679394,True,2.9478268859997416,1.9724451517563104,0.6691183804327658,0.4440352957567404
1480,0.3987054111325542,2.145242999070085,5.861265711884318,123.5163945599536,True,5.809823131429572,0.1986220748665635,0.0341872842551904,1.3278378734416036
1481,0.281397273049672,1.5691230247884853,7.795903002464328,80.11322275013248,True,4.484352858427748,0.2722653327193166,0.0607145203142589,1.3621505014490514
1482,0.347075416502246,1.84896554725217,3.585037706451125,139.40384992635023,True,6.059123353401457,0.1913764255381091,0.0315848373396581,1.3366269246710076
1483,0.364378698136686,1.1475629982031073,3.7136623365081673,136.51013023897534,True,6.05900245988537,0.3234068340257804,0.053376250656267,1.3473218910865907
1484,0.3994046161037342,1.5119546715164498,2.296721967087784,105.177378820839,True,5.00950358645448,0.3614521254144409,0.0721532820920209,1.3880047901503485
1485,0.3079911169724773,1.0663042578664097,8.329261357187296,108.59827479793064,True,5.827987665618057,0.5016289361630458,0.0860724086844559,1.3256398799238895
1486,0.3754518316345206,1.5840518562525734,2.9997147054153404,102.7549656960987,True,5.079691913215317,0.2994453999537131,0.0589495199846031,1.378385812720607
1487,0.3386186884579796,1.7255109636375965,9.938264845203484,85.21449166711403,True,4.335296658273333,0.2635707015584982,0.0607964626954671,1.35623435809798
1488,0.4029560733141358,2.3094658145097493,10.54784886736827,65.22615210365981,True,2.950658991276697,0.2770310171994031,0.0938878460772374,1.3965204897193066
1489,0.3165885855590836,2.1376935371752914,5.911659720071566,60.426101176028816,True,3.245208122367728,0.2435297781688706,0.0750428844579587,1.4118461223748109
1490,0.3219037730417638,2.182633303332187,6.607512201713417,55.431031925343646,True,2.939782358842729,0.2553925828293256,0.0868746565748707,1.41819813122907
1491,0.3644309774438309,1.6905695098933258,9.906136019157625,97.59710852683726,True,4.777153044414881,0.2659538421928347,0.0556720372406259,1.34324407512837
1492,0.4163722265848553,2.391400587714812,4.023072219356781,51.03289377761831,True,2.363561404548272,1.3747320405898988,0.5816358474734191,1.2297114855537532
1493,0.33358948713071,2.4182534432038416,10.210155040668116,92.38005400127253,True,4.728201250735671,0.1735159308901279,0.0366980848928818,1.3272917975108482
1494,0.3942607657966989,1.517991286126135,6.994198637599085,54.29003383847289,True,2.561425509078452,2.172984120760025,0.8483495276588464,0.4221558659643514
1495,0.3967474261579902,1.1548455770817585,11.460863036688822,95.07485553458504,True,4.367656047689864,3.3439517460361485,0.7656170059006427,0.4951103398795298
1496,0.2956682969454378,2.3242253563997783,4.899786380517098,132.78298932016986,True,6.05903898560276,0.1531996369722386,0.0252844778414968,1.29727060575315
1497,0.3858292470706276,1.5006375531384335,6.154458847815816,128.53904779267808,True,6.057296299025624,0.2596266593623869,0.0428618060840362,1.327445386879719
1498,0.3223331127552739,1.0600690410650917,3.0721401958109595,87.51306736650432,True,4.700773726076172,4.448194087856991,0.946268496860832,0.444785508605559
1499,0.3481206423981767,1.5708880517033506,4.300693813289907,91.1831520251776,True,4.694743856475659,0.3221446106263174,0.0686181441362279,1.3801683063422194
1500,0.3209312845078325,2.2561608565078224,11.932154132866303,74.4729607027385,True,3.819826692609104,0.1945594789847711,0.0509341115818735,1.35501368835707
1501,0.4272998185416187,2.4013759991249284,3.936723132749767,100.99156337121173,True,4.5732952767142585,0.2111657469452966,0.04617365251277,1.3799616671484922
1502,0.4112584589779139,1.840107069615433,4.731199656145895,93.25835422713922,True,4.33428231597314,0.304619412779699,0.0702813962203348,1.3878214123680317
1503,0.3827641383066231,2.297030423266143,10.949397590979304,61.65235997904504,True,2.868349570707804,0.2712620691571825,0.0945707845122395,1.396416279440961
1504,0.317811704967071,1.3383825308789188,3.4462807530345,125.78230524176575,True,6.0589338246053135,0.2508483463880667,0.0414014005845999,1.345821193343022
1505,0.3651717870180147,2.29908003701022,4.7243353697451145,91.09047277665836,True,4.560725282932298,0.199573193210073,0.0437590911158232,1.3715276766127855
1506,0.376828715843543,1.1838466856051053,8.279241571914419,77.3097443677502,True,3.739283604027044,3.1738956568450494,0.8487977893484473,0.4507144139957262
1507,0.4223814762452353,1.989869630013149,6.098156891344787,117.92948068177276,True,5.336507095354321,0.2277964988202772,0.0426864416649206,1.344700849784957
1508,0.3193444223851345,1.2482345242839756,6.610029547651164,68.23055042398242,True,3.638883659104626,3.2461221128157534,0.8920653741412787,0.4407700303328186
1509,0.3730824512760052,1.804536577698046,9.868899492136272,65.77583600488211,True,3.151470190416416,1.251774288548218,0.3972032774908831,1.2729116564205092
1510,0.4316014678536368,1.3929958004208518,10.9261037344372,120.3351499832836,True,5.239612163867744,0.3430754710855557,0.065477264414988,1.3290418914168305
1511,0.3888400612760413,1.5554588059787406,9.378036240533897,63.720676529052255,True,2.9842740533773195,2.316113007097442,0.7761060028908149,0.4505336700721662
1512,0.4355273762454391,1.124123400408524,6.457840759994326,76.21047343644156,True,3.372344098230299,3.0101419827929266,0.8925963351048771,0.4182054969733837
1513,0.4298678294198658,1.6553310682729752,3.419861679095469,83.52327985496228,True,3.780449278494853,1.6981611989116652,0.4491956044938052,1.2322404659030963
1514,0.4402985956515489,2.048822137761397,10.18595907594981,89.51509373273237,True,3.83911092627112,0.2792415097945455,0.0727359837101058,1.3708977124891435
1515,0.3329010153778321,1.7076976425606618,5.98922742645922,96.24193617472504,True,5.036504162492248,0.244745550019983,0.048594330933477,1.3552143345871277
1516,0.3847767447136178,2.404097480589357,9.102566403112949,90.12982118450203,True,4.285564010868993,0.2001576562347495,0.0467050907948434,1.3541049532997746
1517,0.3979554519093207,1.437897647376593,8.750407072754655,124.65273443691936,True,5.808687775078285,0.2923429570414023,0.0503285713333873,1.321817868261176
1518,0.2941089080688728,1.4348627582998548,5.895945629910447,113.5164439946016,True,6.058022623461744,0.2366160312112082,0.0390582944168667,1.3275010121409996
1519,0.3175168033205729,1.4032317012434383,11.074656610072257,116.24647288268784,True,6.04754659901638,0.2531286034676853,0.0418564122364689,1.3038625823842516
1520,0.3044636889868694,1.7424752055995911,6.157136479320334,90.5412519850827,True,4.93783446179783,0.2290651732708464,0.0463898040817361,1.3552882795056815
1521,0.3537718602425919,1.3331497172263882,5.21754195205341,81.12913211964889,True,4.133457795863592,3.804147621790876,0.9203305826898096,0.4792657134582305
1522,0.4191153667540144,1.3369530692658675,8.809668229276216,119.654758372283,True,5.384769065813103,0.3571742262836834,0.0663304631857503,1.3345293785568684
1523,0.4005626177270258,1.3655447711991495,6.615137689077323,117.30314527334352,True,5.497048738567306,0.3481951192175749,0.0633421924704136,1.3426390389445446
1524,0.3679694684016899,1.6955968469238627,4.196808265941192,116.7287178746396,True,5.801987587775351,0.2348350337649208,0.0404749286709459,1.3445481176429293
1525,0.3150580067322495,1.2323516746587564,9.705776349710591,71.56241773268972,True,3.768352369418072,3.024787610490253,0.8026817330135599,0.4654433508720639
1526,0.3159184815268401,2.3282749426071154,8.840101130627751,83.42918370099736,True,4.417468296505768,0.1785416452892445,0.0404171876978656,1.3451768204394892
1527,0.4378137443265892,1.860549758897465,8.239575810952093,108.84278050232837,True,4.755586694107034,0.2728397624016099,0.0573724715690082,1.3522290061200173
1528,0.3841028003728586,1.652535962334275,2.9629420708858425,96.18067981136537,True,4.695908329603102,0.3176477017016728,0.0676435056662446,1.391269265846769
1529,0.3769521300441015,2.4961511409471857,2.8756842423491955,78.03498123873936,True,3.863446773082972,0.2042931974116377,0.0528784811622019,1.4116298723048477
1530,0.3314202450257122,2.008476711695577,10.786565508722406,106.68462330671191,True,5.465062431893625,0.193286369455685,0.0353676416078401,1.31203137526657
1531,0.3023493634105022,2.2402616199746994,3.183775095705049,72.45475610900819,True,4.0111993030300175,0.1948018135090056,0.0485644812916312,1.4001120608769215
1532,0.4459595418373797,1.3314125155639418,10.243562518556017,132.99614645764,True,5.6651415220019725,0.3251404221726451,0.057393168539547,1.3201013654621612
1533,0.38916336516645,1.075552408279858,2.443354031644674,114.38388908428426,True,5.527458013539033,2.0498776619175136,0.3708535925368432,1.2482053475019468
1534,0.4218686644689731,1.3283571102047596,10.629084096981831,86.87997341168759,True,3.836682698778005,2.9630211228855536,0.7722872479992376,0.4786229061258393
1535,0.344073908959468,1.3013824686577855,7.824520602311494,126.74119229383513,True,6.058489254382136,0.2776483403704608,0.0458279826393413,1.3214511523658912
1536,0.2813079730083334,2.179262377831092,11.466133499959954,86.12031388942434,True,4.715089643311953,0.1734765942257958,0.0367917913229626,1.3216894103663797
1537,0.312646933982643,2.3862000965416987,2.965976457057094,135.0175567026278,True,6.059070306493568,0.1570058618255996,0.0259125334223857,1.310820421145162
1538,0.3323295312701382,1.530787725633953,8.527887414652104,135.315633633776,True,6.059029096020704,0.2169153342671829,0.0358003453737568,1.3161524068119852
1539,0.4429916411573669,1.2429676442626785,6.019980270199865,70.83808254772364,True,3.0992516155589,2.78414364595207,0.8983277227234726,0.4120330659592044
1540,0.35644140636685,1.2605786147897005,8.108294489802883,112.02932578933915,True,5.600795539728844,0.3428046762365107,0.0612064257309252,1.3319889640580422
1541,0.3823492160590112,1.244010714899542,8.716987590010232,85.93429079736627,True,4.11256823579278,3.467817437579693,0.843224291672136,0.4839356994172075
1542,0.3490756157523947,1.4164760896645587,10.54009509529492,86.52088590379157,True,4.315256371651479,0.7081084781454556,0.1640941851791896,1.357295750097414
1543,0.4401916625576588,1.6611789148957263,11.292872280159752,55.58042188519842,True,2.3109026170835523,1.4699391799257022,0.6360887598893379,0.4182381698715924
1544,0.4360849238481117,1.789480611663092,9.618142488130868,64.56061413838651,True,2.777499950058409,2.086686545625857,0.7512822981624089,0.4582823583498507
1545,0.2884968794640556,2.300854137698484,10.735943095242389,76.43027444930567,True,4.154265073097122,0.1754654659505082,0.0422374265635615,1.3423387479911528
1546,0.4164931342280252,1.5012039743189662,5.27140270696834,64.2531857352958,True,2.9563177545456174,2.7015986915451062,0.9138390781542828,0.4131442519883417
1547,0.3994570556541671,1.6190417882251584,3.370801061880719,70.42387674596749,True,3.3610421496117997,3.1961202793913643,0.9509313293677428,0.4385396031514661
1548,0.2804084387271165,1.9461355228721744,9.479779274255538,128.91129826110793,True,6.059017973999772,0.1677787632978959,0.0276907518706598,1.2951528699803363
1549,0.42740800138143,2.325138464204512,8.082700256315317,88.6104603844978,True,3.943365702442326,0.2359651793136254,0.0598385230077647,1.3750889168384468
1550,0.4463869967988589,1.8328762571319084,5.407206032081379,68.93662980333502,True,3.0071375649655336,2.730816293257864,0.908111529406924,0.4544879873676763
1551,0.4446324910699717,1.6947419840281637,7.503021165950471,125.2719542017303,True,5.420397052810703,0.2732859057903401,0.0504180603612109,1.3377518032849929
1552,0.4327423317123068,1.928615462127116,5.794838355670775,99.78125075941624,True,4.44933608075876,0.2813437984822259,0.0632327595343724,1.3759627790037705
1553,0.3697275309724851,1.3535509841421214,4.153761609996549,72.67300701501955,True,3.628610307060511,3.4170927846684567,0.9417083939875038,0.4227198882101706
1554,0.2852246620199291,1.7689782867287844,11.504022533525273,104.52036384736552,True,5.700324688530877,0.1962987314039899,0.0344364123326071,1.303948473154736
1555,0.3433722043275252,1.4993380156381906,6.377174752768739,127.7084328940948,True,6.058635391266805,0.2347166103255788,0.0387408376915881,1.3263668687576535
1556,0.3703966713202679,2.4294149263664755,5.622572287955724,71.00097804253059,True,3.51834875568748,0.2179212290121084,0.0619384956252089,1.4022558920745922
1557,0.3185515590651731,2.3361746879804173,3.8754603343859073,91.78295289800197,True,4.937856748843712,0.1774622479026958,0.0359391243871649,1.3571997664188258
1558,0.4142304275931705,1.6155807607053163,3.633239586026829,139.0966209778715,True,6.058487752667891,0.2425894239744499,0.0400412502059815,1.3432564772415665
1559,0.4040642364374402,1.9362484750846936,6.0008091648294535,51.59453382896904,True,2.410821263039824,2.1109148228186334,0.8755998858899079,0.4393583831827445
1560,0.4465455938230845,2.1046170496917878,7.364813969808832,91.45437403346702,True,3.950400198579537,0.2799911594697738,0.0708766568942689,1.3817003515407629
1561,0.3671108017523675,2.3461816228483503,2.520312188395467,101.48164153861734,True,5.085937115417999,0.188231657466106,0.0370102211636637,1.36927878340957
1562,0.3882376181302138,1.0844660220454845,7.775833802295179,128.69578760182992,True,6.0562032825583465,0.4223634016644876,0.0697406249359032,1.3225695132188695
1563,0.3055485016521685,1.1684822370257495,4.315436500046292,124.1186100163087,True,6.058942344078535,0.2929237946839375,0.0483456976563269,1.3423256393687375
1564,0.4411046746962625,2.079166944894796,11.207589036051708,93.32396022351992,True,3.9690708060846687,0.2612599954240722,0.0658239694347491,1.361611443735375
1565,0.4130347821686293,2.215646197900738,3.2497284486206963,70.66830069349024,True,3.297679706027491,0.3101765135708352,0.0940590176189322,1.4368591841504363
1566,0.2853164706836277,1.3083712263342977,3.6946268518441534,68.14395157403266,True,3.862445585692469,3.658656411206597,0.947238305378136,0.4391133695003559
1567,0.2999718265460083,1.8797289474910648,7.237693421241345,56.74004189196437,True,3.095807881024562,0.3723725624142835,0.1202828394800281,1.4112850275507514
1568,0.3614645339099044,1.9022306372543412,6.784823052288186,73.36727831767226,True,3.666669798112634,0.2928530139498416,0.0798689355939778,1.3951301320818406
1569,0.3532521359611882,2.4710076871572544,7.281250389192497,52.51733009754238,True,2.6400610358839494,0.2425963152299055,0.0918904191730851,1.422228121753672
1570,0.4440695709138705,1.141548684086529,3.018052270209001,68.22110123634671,True,3.019755473724505,2.8985546739054304,0.9598640350605648,0.3764555221156342
1571,0.425108716451414,1.984329453410256,4.247476673610764,76.68641503350938,True,3.491543070934141,0.364418593974699,0.1043717882240533,1.4216918700585923
1572,0.2905965670104051,1.3128319155351424,7.331401560594678,62.78321623388665,True,3.474380130929019,3.0182131035464126,0.8687054927232065,0.4514246173053937
1573,0.3716378368255152,1.7102567276462304,5.879341616239814,121.55917926235588,True,5.9687215319224,0.2285628744898776,0.0382934391003934,1.3286449884965688
1574,0.4425366179798294,1.640016719853866,4.808605695208809,88.11656832777672,True,3.8802086568318335,1.5424200289586478,0.3975095582148472,1.2474155234736046
1575,0.3699976241182793,1.3506253184662311,7.682392564435904,128.1577176794824,True,6.058033318761362,0.2827771691030227,0.0466780478455407,1.321081703160547
1576,0.3396085850501017,2.478933349626865,5.706534511105767,84.97181230266692,True,4.4098578312035865,0.181276413871508,0.0411070879856533,1.362633645145686
1577,0.306660301303868,1.4037179343935506,11.32421612995926,118.58693229493464,True,6.057994433172354,0.2418574743868939,0.0399236871302705,1.3034527124142885
1578,0.350384077305623,1.2773854797298752,5.936540702630138,75.49223760065496,True,3.855690069424839,3.506423923364175,0.909415399118746,0.4441695092981192
1579,0.4206298225567942,1.8499701327110492,7.072556297503318,137.5429853123592,True,6.057622154072767,0.2209375219828192,0.0364726482377701,1.3195572974924
1580,0.32452037341335,1.4339661200526337,6.090673798249642,104.80505438697584,True,5.543422702906759,0.281515856212029,0.0507837614592177,1.34232470388381
1581,0.3225342061028207,2.0701117847033235,9.640767302010383,78.27894302207659,True,4.08277746943562,0.2117209716698258,0.0518570931810037,1.360026119213407
1582,0.374145740853473,2.252312631494761,9.307815776504052,130.19190744533353,True,6.057959385384999,0.1801212227010115,0.0297329861827002,1.2984391999897382
1583,0.4058417172103717,1.0881478828512252,2.1212686309324984,108.25794288181255,True,5.101584870158353,4.519697379048592,0.8859398587067513,0.6290585022011417
1584,0.3424386689642602,1.9522472892013212,7.309245401223354,83.13287858536088,True,4.267987862795181,0.2371137767277644,0.0555563381036595,1.369245919353571
1585,0.3411257923723199,1.0818208055130678,2.445595985309811,107.9396697288903,True,5.623442926924884,1.2162879164763676,0.2162888344883551,1.369357987336235
1586,0.4390108543736627,2.3375215571878,2.24022647544047,62.747282720832416,True,2.8104886790162644,0.4151573296942914,0.1477171328936311,1.4683923141481956
1587,0.3695479378722648,1.3872333935691148,11.156137310437728,79.56863288324024,True,3.8153564368815327,2.8624228400030054,0.750237333616619,0.500308220219305
1588,0.2962551266609124,1.661925107083273,4.958631967407673,83.54750532508717,True,4.634150883247937,0.254851160856119,0.0549941439708802,1.3743789254902907
1589,0.3952321048747085,1.786042926555484,7.182460170782751,96.41875746488162,True,4.555690465253914,0.2838690153292161,0.0623108653878648,1.364210033411792
1590,0.2815854033214569,1.7405204447572813,6.372399743606895,73.57419279846957,True,4.14570359266793,0.2522475227128292,0.0608455276829132,1.3795028515148844
1591,0.3241261173360794,1.953730740375892,9.14783710785021,67.63074498245014,True,3.5226733347727373,0.2550954161227177,0.072415291422182,1.3848024552691238
1592,0.3816129611523525,2.1859734587031787,6.17559417339687,137.74767765507625,True,6.0587339840912335,0.1829049466937747,0.030188641253113,1.3165315238037922
1593,0.4179572667876755,1.9122221366934848,7.633578506577942,118.88579863602438,True,5.387812975789628,0.2328668099317358,0.0432210269692234,1.335264616789618
1594,0.3135498325269144,1.1703432056862502,3.26854304913402,52.94917304894493,True,2.892112845036472,2.7636924474559854,0.955596339264256,0.375242206711941
1595,0.3471750122653894,2.056846007602207,11.846707144188269,90.46611008615596,True,4.485351770540727,0.2088148530188224,0.046554844235472,1.3381770693792006
1596,0.3020852672223149,2.097341944129232,5.97362140408191,108.98922298261746,True,5.938400272293114,0.1761312750860945,0.0296597176023773,1.3141530623300572
1597,0.2879070192353211,1.5045987700559094,11.51431674014961,116.66182905949542,True,6.058171442928148,0.217482165540179,0.0358989783615403,1.300756876931676
1598,0.4080678966322928,1.5586499880961149,7.286994394413921,104.955845664775,True,4.85047996962381,0.3280428878666251,0.0676310158831698,1.3565622635770809
1599,0.3278725781381924,2.069383365549241,8.0772156646603,113.86338447331934,True,5.9305268020482655,0.1837781727074777,0.0309885072341305,1.307614803050014
1600,0.4391913076040289,2.470594238311172,10.269987943012842,53.26139146296221,True,2.2431779489150907,0.9347773446292972,0.416720102424955,1.267613456047182
1601,0.3699134520557667,1.188456818068205,6.490188930721912,56.605606002995046,True,2.791103599534186,2.4462192202833584,0.8764344041875098,0.4094016357962879
1602,0.3878948267540001,2.459341124153906,11.4999099657051,94.29086506126036,True,4.391440356049573,0.1899596361478869,0.0432567952075682,1.3386209516514955
1603,0.2835331096024847,1.654039909853864,10.777328570589283,71.54791327089609,True,3.912341000330659,0.2782133449389564,0.0711117320590006,1.3654065471962884
1604,0.3570567691724472,1.0088478311538955,4.465609853636567,95.86890935686006,True,4.86437836310975,4.496701160099896,0.924414349467914,0.453620599474422
1605,0.3279959947016043,2.3136041347578944,10.696652599058934,57.07477140275096,True,2.899368921765205,0.2268624880050614,0.0782454713858704,1.3936387925515803
1606,0.431208187487161,2.1684831108685034,6.504427736514151,92.28222516604224,True,4.114476718333439,0.2544745968941371,0.0618485932269928,1.380281568635778
1607,0.3316403299381431,1.81289765377734,11.532944234310502,50.38512697461372,True,2.505007334212382,1.6117053405769757,0.6433934617934856,0.4587791241973331
1608,0.3264857273530874,2.043312505029853,6.407004270362061,109.83251590112948,True,5.775878027176146,0.1875742137867786,0.0324754457944266,1.321980190523087
1609,0.4424769128894049,1.5210143518851484,2.005728344841777,81.96912432312942,True,3.643498734490095,3.521878055257535,0.9666198102166816,0.4267091860291816
1610,0.2995929338557765,2.080066835947678,5.72081010150883,103.24342391488584,True,5.661329953350131,0.1795395983725002,0.0317133252878604,1.3252541738907562
1611,0.4237158232176403,1.8466351576663984,9.976549517401436,75.04391109846463,True,3.3068742050714945,0.6749006002408247,0.2040901946635231,1.3914599461788937
1612,0.3776918844193987,2.3149295295759167,5.693523432463276,52.46219073050948,True,2.565936481600211,0.3673873136599613,0.1431786469752537,1.438735982465175
1613,0.366233279316868,1.4872948380148552,9.53666352361992,120.21139712993536,True,5.873251431794316,0.2639700761585426,0.0449444535491132,1.315489812679659
1614,0.3419248766895855,1.867207150175801,10.847447812154646,116.43292077251148,True,5.865471856160229,0.2025589517916068,0.0345341273062061,1.3033750851515769
1615,0.3270708776989374,2.39069586771555,4.286424379882715,118.1630027431828,True,6.057793711405568,0.1650464031462578,0.0272452993629528,1.3120584274224305
1616,0.4041377424657616,2.374858516249094,9.898752386765135,125.34188090971934,True,5.745733416247872,0.1853763264529705,0.0322633009615031,1.3050541739874395
1617,0.3060989128290425,2.1656003185601818,5.892992399586599,119.22767565201552,True,6.058440866853692,0.1690820006443305,0.0279085006126566,1.3080746174691915
1618,0.3733306995385885,1.4750736719414683,2.164424861987848,88.96795561603496,True,4.432279575788964,0.5192687081177897,0.117156126827888,1.4096245633429847
1619,0.4379478232666717,1.0521822787559487,6.808765935546854,129.72435475862025,True,5.692387778262935,1.0400672618783762,0.1827119483760396,1.337892021665131
1620,0.4031006233063435,2.2004010644982746,7.86565750253737,56.086928348505005,True,2.5894285631334557,0.8445041496030751,0.3261353341144675,1.2799261581304306
1621,0.3814922087972122,2.138583622174908,3.89872726394107,124.76034233452388,True,6.045117872484458,0.191905911989494,0.0317456029869974,1.3313646371903125
1622,0.3295532538420651,2.153506669956678,9.613694969455988,60.36508422078694,True,3.097626681155905,0.2458385343459995,0.0793635126664982,1.3952804027295849
1623,0.356172821942198,1.342629651502954,9.280760603285948,113.35944894503942,True,5.638494289352299,0.3078866474218926,0.0546044088407261,1.324422573695731
1624,0.2933924319432627,1.1496459717831016,7.728129546433706,78.90861268641648,True,4.345564803449652,3.794130594984023,0.8731041341213269,0.4828196702297584
1625,0.3754622384003603,1.4977547581642747,7.137103700564167,117.55051418634156,True,5.722535411509831,0.2761233429060936,0.0482519238501734,1.3314955833680815
1626,0.3342492953914164,2.230719450051396,4.220286046179361,125.50790088930836,True,6.058625498994696,0.1715805009089461,0.0283200374305057,1.3202243427443283
1627,0.4419599555296782,1.5230684847847638,4.231068048846488,87.70332006266679,True,3.874403872758709,3.379341432212549,0.8722222935954121,0.7749936620553113
1628,0.2950297535166747,2.3096859198004465,5.714252476237942,115.90387496928204,True,6.058247322743579,0.1583241964531518,0.0261336634209004,1.298366842303416
1629,0.2900528099123321,1.775011568553413,7.543946979069434,78.69632178835913,True,4.356966330077273,0.236462833989545,0.0542723574330103,1.3650080708536958
1630,0.2822976371332245,2.199663497034884,3.1947777126178183,102.82011867952404,True,5.809206664517209,0.1672934633779923,0.028797987924896,1.327612692064723
1631,0.3612308930173787,1.048750382946779,7.293486542262615,118.26381218680478,True,5.881343000480833,0.9760627210903764,0.1659591560993089,1.3299365016962597
1632,0.3533964016659078,1.6861872959612696,8.543629662006522,67.10034275707577,True,3.3557505633422124,1.9124434044768237,0.5699003452068545,1.1308945780563322
1633,0.4026801057258909,1.516712000028038,6.217756566407041,130.1822763119317,True,6.05055146382667,0.2654591813279466,0.0438735515126181,1.3270632463690455
1634,0.3113545497042058,2.4448097009399885,9.4124717205518,83.08657100370581,True,4.412633659872324,0.170516753211761,0.0386428528528005,1.337383347980619
1635,0.3648391539706003,1.218064988606926,10.32038504006672,70.63169037023506,True,3.424599509614347,2.6217680543911164,0.7655692430693481,0.4426111195988875
1636,0.4230329990319543,1.054865660621423,9.659822350409854,65.31982207801371,True,2.877749367906496,2.187166580889565,0.7600267783155431,0.4142314173953498
1637,0.2979586621695225,1.0612900167346329,9.635682540412184,92.33418719464888,True,5.002203629273106,4.1342849056974105,0.8264927244271707,0.5514975187631492
1638,0.3152036106859678,1.8316910912771256,11.17920036204066,116.5378556937244,True,6.054944237723973,0.1945480539276693,0.0321304451848757,1.2953400789807268
1639,0.4004574052814121,1.8646415609761549,7.96062280880103,85.13466208130242,True,3.9707000303732727,0.2974491280710285,0.0749110045573163,1.3785956939587818
1640,0.3024015367861195,2.4569854491968046,6.429409368866927,51.66750606172164,True,2.820466469069749,0.2033237467210303,0.0720886948846057,1.4170935916111822
1641,0.3280727548452861,1.2762322515539828,3.04212366161668,68.38242278374165,True,3.6532511353279298,3.499857413449721,0.9580117226557874,0.4108595219160387
1642,0.3902775909019976,1.1043262432703482,10.86650343812153,114.68603839642452,True,5.359451378993809,1.3981504739625596,0.2608756708648508,1.3161252095623597
1643,0.3321351591933434,1.389545204289618,4.852834393962569,99.20188561954411,True,5.215531431963649,0.3387339030802765,0.0649471501608309,1.3609548514718193
1644,0.421827296566986,1.802681789216596,11.15015543758239,79.34180605891262,True,3.4784570491552103,0.5635940611080519,0.1620241541418279,1.3803179983303164
1645,0.3559202374581539,1.1900486808272053,7.326253340059647,71.63698782671341,True,3.6006573393294903,3.1440642718190084,0.873191746817122,0.4396382606127536
1646,0.4161292834311283,2.482557021426256,6.489982525094453,72.18649680913975,True,3.3018810234178986,0.2431537075942248,0.0736409658221202,1.406350987720467
1647,0.4120165728722426,2.145614726036148,9.543729238559404,94.56381611554104,True,4.28670609812677,0.235479854693703,0.054932586770202,1.3571679886687846
1648,0.3037630419078133,1.633897487849933,6.660002409449096,79.90929128266296,True,4.357742493772764,0.2826358708040358,0.0648583231358722,1.3729943960793012
1649,0.3839342257413043,1.627549463133404,3.9295332687715967,129.0022679211575,True,6.05799383943582,0.2369505518736632,0.0391136997088347,1.3400053745253455
1650,0.3346535188705191,1.2954142033319491,3.1986415212636365,136.61780617508407,True,6.05915415459529,0.2526262915605345,0.0416933263480252,1.3488267380608563
1651,0.3455577664765424,1.956170796406849,11.335670029474878,108.220049847333,True,5.410048358098722,0.2025056414577412,0.0374313921158569,1.3134414926651776
1652,0.3554707697975574,1.0059924200166763,5.186423974978389,110.46845224643278,True,5.591985651599876,3.848072664626753,0.6881406542103365,0.971184696495318
1653,0.3307016926185633,1.351666287964996,5.190073520383819,105.88435768674184,True,5.56552535388351,0.317767711971585,0.0570957262372101,1.3484755496021767
1654,0.3664949862962354,1.613611262873249,6.413775565257598,123.8329862696594,True,6.056411431041834,0.2359002724753773,0.0389505031422208,1.3240817186536238
1655,0.3846512775411493,1.629794995257106,7.5899856434445265,71.08574388257796,True,3.405935500282455,2.836060330350244,0.8326817492918022,0.6615749492382226
1656,0.3998489345071773,1.032317655787128,5.251790933879104,134.16876435802004,True,6.058229913634428,0.4610636913489683,0.0761053472584979,1.3376704214130286
1657,0.3722928648915767,1.3977250403609285,5.246613726781608,121.90727913917335,True,5.990774207158624,0.2888023736175721,0.0482078548833421,1.3353312432100335
1658,0.3012601280448811,2.4103154399778024,5.556037665594807,128.24316886675422,True,6.058951131598965,0.1525433654219459,0.0251765300806592,1.2911264053567386
1659,0.4474396259370209,1.7239731628201098,10.401030586568725,77.20762849098713,True,3.248705109885526,2.3705663013488345,0.7296957468178347,0.5414171286333316
1660,0.4318929861565981,1.2251363094815095,9.133969530468349,106.0097435626146,True,4.659162475867597,3.2228319236035445,0.6917191534522331,0.9823017176051962
1661,0.311566600364339,1.5189250339605915,11.754640021169308,67.36884333027912,True,3.49876973213014,2.140649801936444,0.6118292902440202,0.9694326950002168
1662,0.3792020856118797,1.7055164629417985,6.046696705924414,122.7654844137942,True,5.953443792499756,0.2317972077314466,0.0389349787804276,1.3284515337851652
1663,0.3981780966825472,1.450356178903108,5.342395400332414,57.5430387283195,True,2.7289188095003256,2.4776326955580417,0.9079173359546394,0.4052175074315598
1664,0.3351990187292438,1.120780906457841,11.57105977983151,74.28090980223351,True,3.7409730126083622,2.7516485149640717,0.7355435352487365,0.4510186020112736
1665,0.3112517421895323,2.2983373513527825,11.549321070871867,117.2367686634366,True,6.056716119688511,0.1618332180322238,0.0267196307098089,1.2771300634124572
1666,0.3546933184752859,1.380463278073168,9.420968897096127,124.04853515672316,True,6.057303134607526,0.2714179466844613,0.0448083809994177,1.3120924149376436
1667,0.2848286558620279,1.1081164241924033,10.258162458274734,69.2005693882783,True,3.789978282809507,2.977483366344652,0.7856201656484022,0.4529613117470306
1668,0.4066066486244999,2.4951736853191724,9.621584738914803,106.10882609862324,True,4.854894451883116,0.190156474509488,0.0391679935360345,1.332400250322471
1669,0.3874029663794059,2.009581223641581,7.539819686452802,97.7244197750081,True,4.668233766826142,0.2331288576843283,0.0499394137759362,1.3558024588430264
1670,0.3122438547828572,2.2638342166847187,4.872031068865335,110.66789820779422,True,5.958528590453691,0.1694952247368545,0.0284458188231918,1.3150595651984551
1671,0.3255410712633885,1.1152353929228291,11.09028933863036,88.30013111991082,True,4.5507559142664045,3.563400596915206,0.7830348768529012,0.5067017591053107
1672,0.3423425739964715,2.362393383746654,7.882744663042728,109.26235446522948,True,5.580808694460787,0.1733440166854007,0.0310607344160448,1.3127813080322035
1673,0.3737641479461637,1.3841363878686883,6.987718744276361,93.77242520122762,True,4.592576723325271,0.7268850652741322,0.1582739078875591,1.367244236844102
1674,0.3081908517484538,1.3036576295605953,8.781391051293472,139.56994985645505,True,6.0591242094028726,0.232279738275163,0.038335530061374,1.3189629126187388
1675,0.2821051012090599,2.419282745820942,2.2701038489287253,53.414492218903575,True,3.057982927976265,0.1964221485089996,0.0642325850520654,1.4440227849689031
1676,0.3571410287740968,2.477129380884308,5.0641660139308815,116.08107889050513,True,5.845513313182318,0.1703849521658408,0.0291479880443694,1.318035537707189
1677,0.4434034919330234,1.2368819915958862,6.319226380504956,138.38646430779647,True,6.008087633929902,0.3693112419841314,0.0614690171791925,1.3305979842524676
1678,0.395573532067883,2.433527249959691,8.981866134621624,103.15223731059878,True,4.824440586186446,0.1920985234435329,0.0398177819815126,1.336754694107626
1679,0.4353171089563453,1.1996195676749213,6.741873926051746,96.55477442777688,True,4.270096047999795,3.8225496735911566,0.8951905602642641,0.4660307069997134
1680,0.3189815468456884,2.070715727675004,6.147908034510454,76.58918108365307,True,4.094615094194309,0.2163716142205383,0.0528429679574346,1.3790787784991698
1681,0.4456289635384647,2.451707916319598,10.754827141683409,68.79761911601031,True,2.8810969787055907,0.2848147271368584,0.0988563485512449,1.397965817175942
1682,0.3579660879071471,1.6385665408214427,4.74596916251622,65.86057903800287,True,3.342703017938594,3.091056197919753,0.9247175657937964,0.4731742431757713
1683,0.3555774028799346,1.4659029496752989,2.329508577149289,123.21603471343929,True,6.058131773894431,0.2550868958079716,0.0421065281061046,1.352606500282756
1684,0.3694187464670134,2.0983023714715525,4.891037442453416,124.50506476370671,True,6.057069596461631,0.1903727025429887,0.0314298357499803,1.324703475750013
1685,0.2943141215676547,2.022728408101864,3.599696925124962,81.49961923164098,True,4.551795226721485,0.200422948034084,0.0440316266552356,1.3801707148697515
1686,0.3966119367274405,1.51367619280441,3.5469455511130312,87.37133606460668,True,4.179614512650917,1.076497875364326,0.257559129461812,1.396740016449146
1687,0.2899062856194853,1.6054810588932982,6.879915869314938,114.0678057433363,True,6.058158530711666,0.2086386027435714,0.0344392774942887,1.3188381021898543
1688,0.4096439216178406,2.129567517170112,9.502808317018811,93.42133322089376,True,4.252743335357091,0.2377612283952635,0.0559077305273818,1.3586317163893376
1689,0.3154621080571656,1.7013361221750456,11.94293169864653,127.4790490135736,True,6.058677426673296,0.1984923125389369,0.0327616571341256,1.2973715134956572
1690,0.4186312624082011,1.2373066878835788,5.685450652547187,108.01949503885156,True,4.934556714809226,1.6445596530761473,0.3332740402274872,1.264355268098222
1691,0.3345430338691789,2.0322678337567828,6.31083965796276,105.95858764732928,True,5.514471120164238,0.1942563681397242,0.0352266543620848,1.3319966801474368
1692,0.2961653213783502,1.9282060677425004,6.763257471607021,102.17376551183548,True,5.612286881603545,0.1900115736311371,0.0338563543952063,1.3252985893825984
1693,0.328325501654496,1.0375171660596545,8.31741805288236,88.09766725869878,True,4.598184829250685,3.9703405217334726,0.8634582273589195,0.481468785266534
1694,0.3173664306488341,2.46208904503704,2.068225439809959,73.00746920291158,True,3.9659161357309496,0.1837207810134439,0.0463249283962941,1.4085921922727498
1695,0.3398926436511453,1.983711891710106,6.716915133753116,63.40726189072868,True,3.274840832491453,0.2932159251833933,0.0895359317235332,1.4084039143220175
1696,0.3861942948319602,1.939371270837131,10.307734869428566,73.41263361541814,True,3.4399288705142363,0.3210541348768976,0.0933316202055373,1.3838236170186708
1697,0.4492555482585296,2.0576153043524403,8.428125984395912,85.0402833038486,True,3.6295882350428825,0.3114582745757983,0.0858109114330757,1.387319654065624
1698,0.305354280921373,1.3685636463556443,7.996840992268241,119.18500146918024,True,6.058426689095979,0.2475863865930473,0.0408664492117493,1.3185855703790863
1699,0.3101943210930277,1.3321074693336308,3.057221439336293,79.96288541949754,True,4.376558454813121,1.8006161555474067,0.4114228506572736,1.240832988083656
1700,0.2826853835851602,1.788502004632438,9.957534641958429,135.79791838084975,True,6.059077168670294,0.1765781708002894,0.0291427499410839,1.300226782810051
1701,0.2809447775498797,1.8956703807141269,5.147368546074999,61.34224760799461,True,3.4797385441762296,0.2636330119420848,0.0757623047235278,1.4103243872739872
1702,0.302658928950398,1.183158945304309,8.734160318800992,99.75713933853002,True,5.3913783700864455,0.4080970533782304,0.0756943819121504,1.3350878693956925
1703,0.3872412627255866,1.6561706344354716,3.06749097592462,74.78634829396431,True,3.6430856853702,1.7227854801985878,0.4728918364772206,1.2281431971693255
1704,0.3740410941993968,1.87360743073032,5.404382468713303,59.90139109725805,True,2.954237903626793,2.3907875156434737,0.8092738613597791,0.9344588157075
1705,0.4038740495740061,1.405047661813969,7.257550561040034,68.49349688916215,True,3.183692514549832,2.748748944970984,0.8633839268110512,0.4390877789652836
1706,0.3772761784505133,2.149331253334873,3.479925121970317,132.6262441080019,True,6.058586666938012,0.1857658483209162,0.0306615814105043,1.3333364514104806
1707,0.3916373024921476,1.743441481622968,11.722530394469212,73.14717189029413,True,3.3520474822614443,0.6490306837511588,0.1936221629275051,1.3814724501877729
1708,0.3835931150590756,2.213519681674174,8.952996399962261,73.1226953020398,True,3.477556883328232,0.2440854929349009,0.0701887851511709,1.386517156666578
1709,0.3380502471894381,1.898022871050186,3.3950831007441176,122.54468924764193,True,6.058411027915274,0.1943019830064589,0.0320714428438704,1.3364484483890138
1710,0.3492153211117637,1.3322570515532552,2.4063858586897897,98.13473369944694,True,5.0626196950441695,0.4776321638211357,0.0943448634486001,1.386133294106631
1711,0.4231738964586898,2.397190175018136,3.5188915875488878,112.30621068938322,True,5.118037928897072,0.1993649513259164,0.038953394659363,1.3639321115775729
1712,0.2901828454280472,1.9652848742388789,7.800022012366277,67.30830788359452,True,3.7174375416979215,0.2270570708233949,0.0610789201638308,1.3827866805427056
1713,0.3215047155361834,1.5629441719520023,2.429302453978069,88.7748382918534,True,4.7792037045696345,0.2960281115522266,0.0619408859407225,1.392455434029507
1714,0.4422451634056091,2.3055039413346945,5.538924891558011,107.81994446964237,True,4.7282902473543125,0.2195428052765583,0.0464317530844055,1.3646007260101554
1715,0.4413115185835042,1.938320682226128,3.724573891621117,66.59038595103101,True,2.954463299390764,2.7799350530040914,0.9409272586250568,0.4661286959530137
1716,0.4399250817589673,2.2597341155078663,2.032411964524905,93.87304609728946,True,4.183454787816714,0.244772455649573,0.0585096452727092,1.4147325747021982
1717,0.290654871581164,1.9198273908988328,10.116595168670726,94.92947339828775,True,5.17885605660462,0.1927448349752225,0.0372176466904142,1.3220871596496653
1718,0.3344477781954938,2.1134873938432794,3.008867824049501,128.0074969522937,True,6.0588436750681804,0.1765750560102547,0.0291433589443562,1.3320937551996783
1719,0.2971677855415479,1.6815038193789256,2.216610638532177,113.22010773321412,True,6.058161569200107,0.2042864293358559,0.0337208618493199,1.3466346945905578
1720,0.2800796542444028,1.3430108660460314,11.908011126394287,59.00891787335527,True,3.187256355698291,2.1887137591917685,0.6867077871783698,0.4494645321288701
1721,0.4386153285391624,1.2182822196597003,8.007872035730529,105.60810527490762,True,4.614178115384655,3.659656323872935,0.7931328683803645,0.8189936834378182
1722,0.3631632678322068,2.1845288553055537,7.10688827531962,97.50551996238266,True,4.849590839839817,0.2016030709701347,0.0415711505626305,1.3480381653398248
1723,0.4074945811024045,2.202842496370881,10.99922790285989,92.20442448443976,True,4.168334725008395,0.2262448118120169,0.0542770258958896,1.3535613916402025
1724,0.3065262659177089,2.1444896142655194,4.0519907113038185,111.56236367919168,True,6.049895464668195,0.1736230529509999,0.0286985211504844,1.321002177300476
1725,0.373044395484163,1.9318546764331208,5.021521081682624,108.75572736374036,True,5.360242256743801,0.2185714438139036,0.0407764114651563,1.3496955720703123
1726,0.3284943995810449,2.28338717286225,10.0762732216736,101.30861977648284,True,5.231236283121185,0.1741995329169501,0.0332998785543319,1.3144812391460126
1727,0.4384410760860917,2.3212222543937977,11.96626454368532,102.3978746944804,True,4.360547076797577,0.2183350526425938,0.0500705642657436,1.3427634739247325
1728,0.3578033385947862,1.9796950945713756,5.111251343415269,94.19514146828172,True,4.763149832190739,0.2238546667921709,0.0469971919168481,1.3669485005063664
1729,0.4069603076576049,2.011259888982916,6.328598547842016,54.24824440826973,True,2.517513861869719,2.1834596835279103,0.8673079090441586,0.4617372562115394
1730,0.4072661501130854,1.1089067491853788,7.812899377485054,55.55710758995594,True,2.5478159205125595,2.0798279129355985,0.816317967161924,0.4054172246173704
1731,0.3032616227626505,1.0268732227400952,4.703697412974037,138.6089538347795,True,6.059187111358674,0.3030845341870749,0.0500206593090526,1.3430300459871956
1732,0.2946787375888952,1.3622689304998408,4.3437926095739225,85.33746180106336,True,4.752773818647519,0.3835555138955539,0.0807014027031273,1.3788897923751873
1733,0.3242362182200464,2.0359773474628566,11.016780210266957,50.32819631373811,True,2.547456830773913,1.022615360512296,0.4014259822419158,1.271354705672891
1734,0.352258028500883,1.3288273978779532,9.00966075608548,105.7428128554499,True,5.301721371915512,0.3352777902332613,0.0632394210697884,1.3355727133795878
1735,0.3459848013866652,2.1523794440290183,2.322257240086901,84.89315387950789,True,4.410818917941146,0.2105460354562213,0.0477340011850902,1.3989620508154066
1736,0.3116724765117963,1.636169578356184,5.501382325580517,127.7728565264513,True,6.058996619420089,0.2031189176604337,0.0335235238470679,1.3278093477858937
1737,0.386444198635207,2.347832231498759,8.632023036102783,120.96648175102264,True,5.743945975372779,0.1833021826617952,0.031912240025882,1.3097904573796004
1738,0.2855148686218268,1.0430260307675543,4.946415367270321,80.71352508150706,True,4.547818485265536,4.223187013884912,0.928618199597808,0.4454250093813194
1739,0.3637855022871512,1.6085874719104667,4.1581762615985465,128.0790894168019,True,6.0584557342308845,0.2297746431894454,0.0379262725138347,1.3383054720052
1740,0.3377696726449347,1.7341182197554734,6.582118054299173,121.4871803333879,True,6.058032264338714,0.2094549223266174,0.0345747452616912,1.320552505182946
1741,0.3485018486576919,1.6678263682367516,7.487310767944171,52.15220613110151,True,2.637353225228916,2.194535466856509,0.8320976674127633,0.4426396709562699
1742,0.4320992007556384,1.202824480769607,10.636131936884793,75.40872935315709,True,3.254829517541739,2.4204965240138545,0.7436630738933363,0.4342585449229892
1743,0.4116438554404886,2.372536585084772,4.242193912386086,112.00877870185022,True,5.19466537139639,0.1964710505511681,0.0378216952400832,1.355425546442909
1744,0.2810352395068505,1.0043524314543109,6.956069818411771,114.09326769077798,True,6.058400110355144,0.3931481710341277,0.0648930681158133,1.327895625175068
1745,0.3211426508334376,2.3672758155238043,9.678627946876722,66.43550976884495,True,3.4594027707953514,0.1955777351904868,0.0565351154949562,1.3768122451196554
1746,0.3166930673177087,2.485278101545878,11.182011269575227,120.33254554179705,True,6.057762448132228,0.1553081899640128,0.02563788053655,1.2691894496078628
1747,0.392284559551264,1.1484566769890538,5.774360289762342,75.77340563788934,True,3.6233853377144944,3.3070410789692715,0.9126937299622784,0.4163330919745696
1748,0.3245479088060244,2.09311102549349,6.281015541305796,98.42727597115515,True,5.204951300899694,0.1913674171260546,0.0367664183703267,1.3398385020913497
1749,0.4238425298366198,1.3259564611566843,8.930680703030795,84.07660776110056,True,3.743832859832387,3.0967526806124543,0.8271610396493762,0.4675112260044334
1750,0.3797268321273106,1.726073819254626,11.277006682637712,51.8662141506517,True,2.3946915578293986,1.5445789099218723,0.6450011922712555,0.4327580625210458
1751,0.3338143361826042,1.1219091537038768,9.580942146519856,110.65757691378,True,5.6868890277348125,0.449367584897079,0.0790181736808165,1.3234552905678592
1752,0.4037598903547212,1.7961037806327966,3.774631940530918,119.5710555643946,True,5.618543302611881,0.238252303537008,0.0424046395488759,1.3532891901781057
1753,0.3972145324002066,1.488461387772626,8.213783076521068,98.78146015976276,True,4.628930755164117,0.3872903591160463,0.0836673477312181,1.3585994506477124
1754,0.3551075689596966,1.283479537430302,6.669865321172956,121.1200981982724,True,6.054806656240179,0.3130009656988938,0.0516946260168869,1.3263021305380778
1755,0.4183811294817823,1.865515169848716,4.963313635138554,80.93827833578649,True,3.716754823840575,0.3714415266874139,0.0999370537719779,1.407922656059689
1756,0.4363914612565072,1.0633583673580065,2.0520014920047585,79.14870222504749,True,3.5572497098410176,3.4522116057219616,0.9704721026953852,0.3801899284671632
1757,0.3336679702729472,1.6878252304362278,9.879995223332884,101.69469798015616,True,5.2204179307337455,0.2373361964311477,0.0454630643715127,1.3293344499531008
1758,0.3132171568371175,1.6659070853477247,5.094169493936315,77.46683393545855,True,4.195442925799652,0.3014787532998988,0.0718586234235177,1.3890974782119954
1759,0.3781662709768372,2.314196101293234,9.400564887047206,50.27330355241197,True,2.376938969604004,0.5506961384921933,0.2316829104720088,1.4202952354829574
1760,0.4225738850557828,1.0456019526920248,8.049573517122301,50.88955887707869,True,2.262465720925613,1.776758593878818,0.7853195641576023,0.3959317007124348
1761,0.3657682336392083,1.275278241098687,10.098090405580407,69.56033938065062,True,3.3723574877114406,2.5999528934905847,0.7709600488573862,0.4450528720629934
1762,0.314126649100508,1.2022812339313995,5.715101687741722,114.2050450374489,True,6.056643507188447,0.3282694052329704,0.0541998889060182,1.3320709541320817
1763,0.3110786228720145,1.4009279718432248,8.024374679884595,69.51277288279535,True,3.722360137794635,3.1695169440494286,0.8514804658120086,0.4931726721632277
1764,0.2873221778887913,1.4416447292489074,2.142079890245869,94.89170132878728,True,5.356255979147662,0.2717821411883262,0.0507410665670939,1.3753410248058184
1765,0.41989550437828,1.6727407478766632,10.85363328348255,112.8622176967686,True,5.015682226510043,0.276761696616658,0.0551792725531639,1.3334848808967896
1766,0.3524729746799398,1.0668923426082255,2.791401573695612,124.97236773297342,True,6.058471640076236,0.4697800293314916,0.07754101318622,1.3535172443140842
1767,0.3862987036895263,1.758469148951056,6.65667329138949,98.27523291635788,True,4.722139329540253,0.2764751595331928,0.0585487085913897,1.3619433153949374
1768,0.3868191954870552,2.156102627849952,8.041016713404971,85.84421842694917,True,4.093100420525531,0.2338484820319731,0.0571323588493703,1.370304485588994
1769,0.4308556419694251,1.9990049007322896,5.229422105968231,89.3319849991629,True,4.008322069624636,0.301339734270084,0.0751785233411404,1.394488386153657
1770,0.3606812310654834,1.2528708298605191,3.2610254120845426,86.30563230764129,True,4.375824100779803,4.1476491872557935,0.9478555562863354,0.4636341421893606
1771,0.3929112304979214,1.000932437640662,6.966271571039492,76.13277955832552,True,3.614505225484108,3.1969687919577825,0.8844831014263085,0.4227735537782977
1772,0.2915446048520401,1.974753907762064,10.492600777598112,86.01917986638213,True,4.673616310178866,0.1947309435109569,0.0416660099133179,1.3355674834067033
1773,0.3447838592192029,2.492673224329222,11.736619247371667,117.71314298181758,True,5.867274232508555,0.1623916824361224,0.0276775340645176,1.281111510229171
1774,0.3566292951575905,2.084998423094404,2.0138253591022472,138.55953895878275,True,6.059099465401076,0.180421344835968,0.0297769240901585,1.3418467997181236
1775,0.4214961457325015,1.293807912799214,9.577140488365169,56.25219642033724,True,2.473763581172761,1.8095847749789813,0.7315107994762758,0.4107356668738924
1776,0.3089620058342797,2.0994664228825086,6.271792910477433,122.7394314698644,True,6.058670789908711,0.1719356511815987,0.0283784442402735,1.3091572971070136
1777,0.4203063141980386,1.7813894990496737,11.925210400836155,51.72870233986751,True,2.2014323627309524,1.3146418302011171,0.5971756627445318,0.4203433184758296
1778,0.3704672753638414,1.117351488435048,11.880967333761769,133.20966289777033,True,6.058314827731599,0.3264523240671894,0.0538850048816994,1.3064257776131178
1779,0.3613124696037942,1.105982481015827,6.558850562577268,55.50566652287771,True,2.7727888571041603,2.4229446253852225,0.8738294728707517,0.4055104866784149
1780,0.416561071771452,1.5639949138004492,7.850222360657886,101.21592013045075,True,4.599191640848899,0.3562916427834146,0.0774683184799083,1.3610341883727486
1781,0.4451302788932206,1.1162516820143251,11.553414361627215,63.16435201160934,True,2.612928375721084,1.7144968869042148,0.6561591595219555,0.4088296685608918
1782,0.3764876429827752,1.367271552736504,5.232747298578063,126.33504857747944,True,6.057387149875835,0.2890802513053818,0.0477235884305838,1.3340976762428325
1783,0.3649889102578443,1.9611832372234808,3.788452950313192,91.36954515623609,True,4.590171836057098,0.2361044423240199,0.0514369506756485,1.383680415826865
1784,0.4068934426018449,2.4503254513906745,7.956443118981237,116.3229699033624,True,5.361850718621061,0.1872776585346284,0.0349278016794156,1.3250230725094203
1785,0.3527241283627096,1.2912153394584305,6.1261726580778495,50.940730346959775,True,2.584759055243909,2.276530361187667,0.8807514791636327,0.4055343864744762
1786,0.4498425803731993,1.7232070207741526,3.013303527056533,89.83562887164514,True,3.9268969762792576,0.5949806911156176,0.1515142094915265,1.4191175056610352
1787,0.372673094596446,1.883049331580119,7.947207594132971,67.92193834299951,True,3.3083959372007072,0.4053326413730233,0.1225163641435197,1.4013532358566545
1788,0.397215062908355,1.970816085813013,3.6859564106411886,122.0115076827208,True,5.790831402039068,0.2129014389581242,0.0367652629090802,1.3456472595223985
1789,0.3563422562858271,2.1310341063539617,4.614034583962695,102.46255431636224,True,5.193152192761387,0.1984155850843082,0.0382071577568774,1.3531909671595947
1790,0.3006051600945847,2.0331630287028357,5.067146386535404,61.79908807694815,True,3.410989071993007,0.2471286273958731,0.0724507238750778,1.4125729290287374
1791,0.3628808042691958,1.637186938131101,8.056410336772283,128.87614403654717,True,6.058303117807597,0.2247925990730879,0.0371048781650325,1.3160562726717258
1792,0.2846295630843048,1.7394836464166643,7.742481247164335,75.58045985933936,True,4.211955581901713,0.2462478340036603,0.0584640149249813,1.3691529918365402
1793,0.3692724871464588,2.4072628864073446,11.41320801632847,113.0447421094679,True,5.441106626832278,0.1745526785525549,0.032080363522333,1.303634811021197
1794,0.444720183700742,1.135020204509862,8.810388334208424,74.91537080766135,True,3.208624030675792,2.606767571202026,0.8124253718354767,0.4280777149955339
1795,0.2975729975001065,2.1276726877797327,10.56655029985194,70.72894275473038,True,3.7936860314234586,0.1997004094892802,0.0526402047599993,1.3625431480369277
1796,0.3162042800229429,1.3191979036806667,7.878697055027593,56.06037814949549,True,2.973088669385546,2.482666691571662,0.8350462995389774,0.4310217194679304
1797,0.3292011486341081,1.1315058699479157,9.647366845333774,113.4378111597217,True,5.864565120906794,0.3778677793895506,0.0644323614111601,1.3181283181560266
1798,0.389942921689089,1.8943804691146249,10.911020125717169,65.93198070787969,True,3.0409237598231824,0.6336098480909251,0.2083609778259508,1.3947981665740583
1799,0.4212588930067368,2.107087064890819,6.481476015308576,60.58883509046159,True,2.743331124009554,1.793293234679581,0.6536918635102889,1.1142045843056096
1800,0.3540031844237429,1.6454920688534012,7.304971802575888,130.2808007806413,True,6.058615733512733,0.2181965888680394,0.0360142643906433,1.3195864598461275
1801,0.4282734470042483,2.2019482535320574,11.107281155890538,53.10317628346567,True,2.2570317909428814,1.433876802685503,0.6352931351872971,0.4709561767096657
1802,0.4076552396688002,2.118532480056277,9.682428691351582,107.69958163296825,True,4.919098144093494,0.21838899630687,0.0443961453725203,1.3363846550266971
1803,0.3617140068713121,1.1420489232430155,5.795923671478474,66.01692816025016,True,3.3148163902442604,3.011085200059579,0.9083716398052744,0.4072928208468438
1804,0.3729312746223033,1.9669633069650327,2.2136241822516,60.02619576635807,True,3.004130443256648,0.9985442367833076,0.3323904389786845,1.3765646028053626
1805,0.3091368225395862,1.044851394352426,3.242381089045482,85.76889681598854,True,4.694886601944589,4.438275788304872,0.9453424895218064,0.4435048816535456
1806,0.3580589607017794,2.0844211913057884,10.439865551798448,106.41563193908992,True,5.244772060623402,0.1988300907900412,0.03791014909548,1.3207050519979182
1807,0.4368936919234827,1.5842585034584424,10.063485018496914,77.93500711612884,True,3.3549271957081057,2.578241220868456,0.7684939405441498,0.4782742447076442
1808,0.2878032745650026,1.7549696103213974,3.046970755523342,136.9498124626229,True,6.0591729151095,0.1800705227379355,0.0297186637946742,1.335991637708541
1809,0.3232340110189418,1.721780521764968,5.102589700508602,111.6119077094186,True,5.919180213506968,0.2136188443881937,0.0360892618036425,1.3324231105226807
1810,0.3077466314489415,2.0827825812460907,5.8514820637141085,120.16309709803896,True,6.0585158282342455,0.1735449892168938,0.0286448024792028,1.3119680809800314
1811,0.3666604375441751,2.2772596020708384,3.8256045156040432,138.86613703986507,True,6.05900112357484,0.1737593133134333,0.0286778810185984,1.325526921066936
1812,0.4382881257508667,2.4275492865667374,4.372325943510961,100.06187276360392,True,4.440055633967648,0.2157977971581997,0.048602498470354,1.381396366046813
1813,0.4221324600528635,1.5522918454083223,8.487311470074731,89.41780130419588,True,4.007955695184395,0.9047187806042803,0.22573073392286,1.3769476386048989
1814,0.3711668942560705,1.322568968828466,7.171441316353277,95.40270707098747,True,4.687531871231694,0.9591821726122914,0.2046241388776429,1.3636403958224763
1815,0.4395548606560172,1.705879999583967,11.452266578942153,137.0739917540668,True,5.863771303625572,0.2468800664652444,0.0421026083184039,1.3066007769834769
1816,0.3357121934824671,1.5564590582125553,6.0383981052018125,112.16169906714936,True,5.8268961057248125,0.2439986018390922,0.0418745413358869,1.3329093436184114
1817,0.30848240238787,1.5472316532720554,7.870699881085582,68.31867375453197,True,3.674997434779022,1.3655271319025697,0.3715722680455908,1.278713418355076
1818,0.3634682112701611,1.4333204291216857,10.341450688503862,82.00594206306141,True,3.9994473561251738,2.097271209217888,0.5243902525697474,1.1315863489399014
1819,0.4242116445677315,1.2117574340404205,9.16193920691319,84.52671012672795,True,3.755835251788729,3.084288920379941,0.8211992043343858,0.4562502329750941
1820,0.3369739140336417,2.478185596901507,7.859208749095299,131.62402727837332,True,6.058782284624405,0.1572552527751713,0.0259549271434036,1.2888366090002763
1821,0.3061857391940634,1.6788148430137353,2.8560129386520154,68.75974766476958,True,3.793159957475096,0.3801938566314076,0.1002314326033543,1.423267044718722
1822,0.3276361869250568,1.9906095770304328,2.258158080312206,111.81798089255132,True,5.929465484991741,0.1905093855241528,0.0321292679764065,1.3459591177871246
1823,0.4246845408665736,1.1993916614503606,2.341769104156949,137.48072474013009,True,6.058034476164344,0.3825137143700242,0.0631415545545415,1.3562592157783817
1824,0.3989416003604235,2.0799405748832447,10.335460752490189,90.33606141450396,True,4.16256179856928,0.2397920586723194,0.0576068465229125,1.3578815454821314
1825,0.4450312135667336,1.526755230641094,8.925604778347637,95.7885292747438,True,4.113457453506928,1.3162315159675773,0.3199817989719145,1.298138715927768
1826,0.297889837673961,1.4459106644505866,10.61463704286838,104.45958184428828,True,5.626961329295232,0.252037771637081,0.0447910971637419,1.3166758479521636
1827,0.3288642550017904,2.345204072492284,8.703065885771961,102.3673981643561,True,5.319403729260053,0.171392657050155,0.0322202761387311,1.3158382185665711
1828,0.434325786894299,1.9640364931672127,7.463443063438962,133.46723696280358,True,5.871338076286997,0.2202896256820054,0.037519492630088,1.3215193914262415
1829,0.2908061037616069,2.4347718755126078,11.492707080880615,139.2202841129445,True,6.05893623617462,0.1475888550055896,0.0243588724575803,1.2526899711706236
1830,0.3051559640233888,1.6824723613445425,8.688035590021773,76.86813910917645,True,4.138501008975952,0.2697181814569794,0.0651729166845653,1.3683148127822902
1831,0.3164028897738108,1.025238047935847,8.25015976787409,117.66070589435348,True,6.057855023704074,0.4279974957827988,0.0706516570812716,1.3208754042966118
1832,0.3981264726167621,2.368430235066457,9.75394228386508,132.49014625534096,True,6.0565203565887336,0.1806203874541573,0.0298224684835187,1.2955564250237006
1833,0.4373043002686145,2.1770065232766296,3.658054764005864,82.49442208619162,True,3.682637550380423,0.2940164179488827,0.0798385434153057,1.4185535279951915
1834,0.4105053976361041,2.237883811082289,9.329339285154091,127.04441375017164,True,5.778152785337022,0.1947360571637805,0.0337021301440754,1.309822357793352
1835,0.4293835205661969,1.081536210270279,4.335610365540917,85.63755018076725,True,3.867321827492856,3.640079420859756,0.941240368200642,0.4093859201420651
1836,0.389793303462027,2.326347378699098,3.778300928319784,135.25354695850797,True,6.058552220804844,0.1793666949832037,0.0296055375023863,1.328062944034082
1837,0.3999975331185519,1.5864024376818002,7.844815729306915,79.73790590457895,True,3.722801546100149,2.2054335139663386,0.5924123235300196,1.1201170076859452
1838,0.3781789995463079,2.3975684476499977,8.01255519937361,103.12770542723123,True,4.98569239271637,0.1878665844018353,0.0376811422775081,1.3354842589544875
1839,0.3474297842875914,1.9103940553930705,8.608619350661737,58.205484404615135,True,2.9277986871496378,1.2211212755789738,0.4170782919394632,1.281040625188936
1840,0.3934342795290103,1.7291724305957807,6.9205144507802165,57.38794823338832,True,2.7148298405788966,2.3250389100129776,0.8564215978697206,0.4458351047790292
1841,0.4407193423442878,1.5759313973233549,10.044152796997274,104.324741118878,True,4.487674273792308,0.3799424253567209,0.0846635477925742,1.353867640758938
1842,0.4280773243573931,2.132555913349222,8.398508921053148,74.3971846379894,True,3.292985484472696,0.3173892546927234,0.0963834356966644,1.3983916724658705
1843,0.3898594199795231,2.2563829061137386,3.0822581757881,76.94843480510994,True,3.730592995578898,0.2430262100499162,0.0651441232902986,1.4197380090983645
1844,0.4358832663381587,2.220282085638093,3.642870987217842,99.48422657097962,True,4.443646808385596,0.2362459927635792,0.0531648897742637,1.3898796135930498
1845,0.4150347142377947,1.5877157991913933,3.360275015860529,70.15717829356686,True,3.262198951790245,3.106828300582092,0.95237241704008,0.4209503043422185
1846,0.3599748797905725,1.5191577613633886,4.6722529525433,104.30921584589176,True,5.257292872051536,0.2959670463235849,0.0562964730188391,1.3601950993733634
1847,0.3343970708883739,1.638081824238791,3.6136959463114486,139.68436041366914,True,6.059155223672104,0.2034023894852828,0.0335694303870321,1.340365029525855
1848,0.4476866323042413,1.0564462607972858,9.360722831551817,59.94957938766037,True,2.524471945503622,1.8841358067213243,0.746348482928158,0.4050241232436384
1849,0.2807318573072253,1.3612604397055723,8.385000695758961,109.95037967970852,True,6.056483691117992,0.248797680827739,0.0410795592816683,1.3149673468584693
1850,0.3051993250731228,1.114558921425483,5.018393472735575,51.95680860430268,True,2.85021157417735,2.6218608953261517,0.9198829024062514,0.3864059914768383
1851,0.4007389229518178,2.0297397410167948,7.720202999573642,107.52909771886918,True,5.018574635018926,0.2243772389923367,0.0447093558052645,1.3438846208209356
1852,0.3678399215492252,1.7955913966496846,3.751175064105994,127.14182309659586,True,6.058264148007767,0.2116517637506605,0.0349360408493018,1.338188552987991
1853,0.3109319115722606,1.421803754220805,11.69670903127335,61.077399432144176,True,3.163112493100984,2.1919255542300777,0.6929647804214529,0.4561871045288854
1854,0.296557482249792,2.1573417739023952,9.99269259464146,55.48565643713125,True,2.9732948982432905,0.2322845657789006,0.0781236216818389,1.3955192757067167
1855,0.3790160221961716,1.3726016466597453,10.483586246470074,53.30766173879931,True,2.4924839976322994,1.7231235793076691,0.6913278403971806,0.4148029136360764
1856,0.2997413561481917,1.4326099555734857,9.395036741027502,64.30273151307034,True,3.46330415304109,2.7662440814577023,0.7987297560997331,0.480037986200569
1857,0.3701340528727436,1.4673032946730964,11.890837462885615,115.71584498592516,True,5.551931455591776,0.2740351366172024,0.0493585230309716,1.31501991529116
1858,0.3212491830952728,1.896899345779971,9.7899516847312,76.75546330470378,True,4.0062314694212935,0.2370093624852944,0.0591601769129757,1.3650384174206671
1859,0.4143773908912612,1.8847316855785652,6.778881286032151,60.71376439749287,True,2.7764922285314544,2.3932264524349383,0.861960436208664,0.4689221717699432
1860,0.4287601952400843,2.4521357928636016,3.5514302785079304,91.57306676319033,True,4.146080573274631,0.2191831702274621,0.052865149712792,1.398411460542968
1861,0.3033708887687731,1.588259584106609,10.161788709314123,67.48837590718605,True,3.59786986410908,0.6696014536203977,0.186110526203317,1.380369358882144
1862,0.410264821633353,1.839633137958821,4.583800359336268,87.74086250246415,True,4.088989873875166,0.3330758351543037,0.0814567522610774,1.3975653871685982
1863,0.2876994368878536,1.5350476157275663,3.8352209039699128,87.05576819257163,True,4.900747394363874,0.2698939660929188,0.0550720011407467,1.3755534388071098
1864,0.3834678510676888,1.7163947491732032,6.684432459393458,78.50060938996008,True,3.790788905344495,0.4222661876865268,0.1113926937717869,1.3934200037796107
1865,0.3931790205887784,2.2940706767933143,5.014807915321155,61.47922029185537,True,2.9450121751101785,0.2958332277489766,0.1004522936269046,1.4321366550339496
1866,0.3439240133472861,1.341247388557237,11.103936042039791,84.46189126218309,True,4.227475143982306,2.124528824167542,0.5025526471023135,1.1380555915429342
1867,0.4422835891160312,1.0745514399556662,11.719113331683516,87.98837130701065,True,3.7118513093324426,2.7049556861674944,0.7287349251751054,0.4466080557429479
1868,0.4110399546358965,2.41190435734278,7.513063466973397,108.29653789071014,True,4.971135577456926,0.1963700360103799,0.0395020479628191,1.3412255870385992
1869,0.3501691878901496,1.4122940619980031,7.232877219812531,77.40912482825655,True,3.929360718637592,3.183876591274457,0.8102785209239807,0.8059097704292437
1870,0.3591772539983993,2.1580627101921834,3.14724936476091,101.94040322180312,True,5.164753170410605,0.1979458768251224,0.0383262994946543,1.364868329782953
1871,0.2829500447386789,2.1431571898824666,7.0836783919350745,115.96912025127604,True,6.058410174413227,0.1626983849821736,0.0268549636452984,1.2974169185006317
1872,0.4045113380398299,1.425233760343726,7.930264686790543,113.7200010340812,True,5.268644081777847,0.3319886390454282,0.0630121590854173,1.3416730667793626
1873,0.4479802104275923,1.9119189038771864,7.250505272698337,96.67653007175302,True,4.168495125879212,0.304981523518639,0.0731634593081868,1.3764465825386774
1874,0.4034767592161908,1.5516232915661434,2.03669120329369,60.663917728594704,True,2.8907501555865114,2.8053394799471696,0.9704538022857904,0.3878407228748903
1875,0.4157023690224715,1.7772007034250588,6.679058873140518,84.81002942419343,True,3.88163442502598,0.3796507957029515,0.0978069426773518,1.3903192955367425
1876,0.3085997349390193,2.2181983259710307,6.515177731446035,101.8468276003398,True,5.500485476987165,0.1747321411825236,0.0317666762167748,1.322467669900972
1877,0.4050671709342804,1.599562269493874,6.121984066534637,57.80546696108031,True,2.696800936129226,2.382493666643368,0.8834518094105271,0.4254214113987422
1878,0.441494954155178,1.2964762777040588,4.266418315999352,101.59193838369798,True,4.485129439272802,3.8610103474981936,0.860847027889612,0.790888153328817
1879,0.3939110170535408,1.1554956723979324,10.783186676710717,79.11411375408807,True,3.6534795444855326,2.777600749439024,0.7602617492771958,0.4482388009775166
1880,0.2967399712600477,1.6874861513037689,7.342689473374006,102.91249079962212,True,5.637053422895867,0.2140714676441749,0.037975774147303,1.327360926212334
1881,0.3959239070939541,1.1033273414809155,2.8260974333021185,89.20529204715717,True,4.279797202882846,4.099340437897059,0.9578352065690794,0.4215587863942778
1882,0.3526424501862398,2.469120726713812,9.874445458074682,86.40107918095788,True,4.301226094323035,0.1812999174553326,0.0421507527108656,1.345219831591808
1883,0.3702367412636735,2.2869658431750093,10.018331824814368,101.97673100408564,True,4.941139114448675,0.1918097971155373,0.0388189428940899,1.3288477859141503
1884,0.3865468621076732,1.4763830165073737,4.144353670270523,61.91293645479156,True,3.011009447359243,2.828401281341244,0.9393531740067594,0.4025221606573734
1885,0.3961995435522137,2.0317123360772995,4.321757969357758,90.68107429493767,True,4.327915241113667,0.2509215040682991,0.05797745336707,1.388914395153591
1886,0.3488031830407119,1.3822709905380783,7.242340257720239,70.06754132603011,True,3.5619832732355103,3.1079908270767698,0.8725450370387734,0.4602498273233597
1887,0.3438254485607021,1.1979946216712107,7.185578949792175,101.71979238069952,True,5.210685136167333,0.8375873559423527,0.1607441889222329,1.3484628226014714
1888,0.4364596419699637,1.1648341289355946,3.171584616994211,97.11862105708468,True,4.342002693362435,4.135483677323373,0.9524369212495504,0.4363610125249839
1889,0.3661645731772606,2.47350883066796,3.730728796374031,80.24479808828524,True,4.029549219419227,0.1978412613054112,0.0490976162673416,1.396218231996254
1890,0.4485623068918195,1.857030134343995,10.234398437162016,88.45520010926006,True,3.734166267228441,0.3807256103758858,0.1019573267846122,1.3757566114893276
1891,0.403989859986463,1.952587099999891,3.464816825290982,107.21147537886635,True,5.051789172434164,0.2361460527669799,0.0467450332360554,1.372236396842864
1892,0.3594829745839114,1.994517497224896,11.911749347003507,97.432253466934,True,4.7431951243831065,0.2148653246263611,0.045299701781572,1.3315333698526044
1893,0.3480785689456769,1.2734805412405028,2.2499564265133665,109.5808467302514,True,5.649633746630949,0.3802546972975055,0.0673060793585536,1.368499327715775
1894,0.3576982682493048,1.694478960582814,8.1599093367477,139.8034863727652,True,6.059013380713985,0.2071464978807466,0.034188156530583,1.3159487449710872
1895,0.2951080242728228,1.697614800792068,10.46419757798364,129.25442077417847,True,6.058992995376053,0.1903603302543291,0.0314178165248917,1.302242362114499
1896,0.3553478709255008,1.628216956171446,6.309271401191333,139.9101038912318,True,6.059069851256155,0.2124190264505289,0.035058025681366,1.3261380757471506
1897,0.4138224711797217,1.410670463325574,10.818144362217236,52.25424222962161,True,2.287436543972092,1.4993349340766355,0.655465148542686,0.4067252578126328
1898,0.3199651986963038,1.582891610658724,11.186919007635188,65.5750419537787,True,3.3767032156452785,2.1107388985903555,0.6250886630517806,0.9717712473791448
1899,0.3476345613383696,2.448472220398628,6.0279777612880405,139.8830000536148,True,6.059020598051994,0.1610677968947927,0.0265831406723682,1.3012590702629798
1900,0.2922401569949479,1.1230116064144935,10.502436904917662,137.40917614465258,True,6.059113599209431,0.2634552829799433,0.0434808291124163,1.314543462322778
1901,0.2878287276496233,1.3397607732156147,7.82610696098687,128.97206669939186,True,6.0590852391318375,0.2282517572455357,0.0376709929365906,1.321105648947314
1902,0.3483975756225808,1.62482757824506,9.091158237470747,91.9065995118039,True,4.633152392368517,0.2818300533970625,0.0608290057243267,1.3521289490179464
1903,0.3852582265254102,1.957438552112776,7.482983793398276,78.94359803805841,True,3.784264725273117,0.2830459170076639,0.0747954853996732,1.386651023389757
1904,0.4179300286752,1.0017363760954745,9.69636895738288,64.49699498047873,True,2.865271763721185,2.17099780273441,0.7576935040587188,0.4118595284757447
1905,0.2931478097247899,2.0059435830498717,8.659467550512106,53.14378722219716,True,2.8931805512282742,0.304947385607759,0.105402127592174,1.4078777178278026
1906,0.3735495264365852,1.8917085806677336,5.730261508392674,68.40941468852708,True,3.37193702357159,0.3856421637756608,0.114368139464,1.4135272707898503
1907,0.4275558406358803,1.8468712662085809,2.33745562912955,86.2384116700232,True,3.9290780608558737,0.4015660077992125,0.1022036217096025,1.4249806756832903
1908,0.3542146108506097,1.1135672691346916,8.584418364498577,119.5698839625281,True,5.9747301884954105,0.3980758433754698,0.0666265807520448,1.3203845294378702
1909,0.3389477616697586,1.6427880759009068,7.687136890641934,93.00321773878602,True,4.790981556666958,0.2720732493644142,0.056788623822984,1.353867129547679
1910,0.3060073716285481,1.641313765437041,11.71336421669571,82.86328501694082,True,4.370146000143423,0.2581923138595794,0.0590809354770082,1.3469549788050177
1911,0.3774359898378205,1.248809587628973,10.034681112467696,134.9876749829598,True,6.058471721230487,0.2984211591796625,0.0492568378480526,1.312518014888873
1912,0.3010530438638238,1.5807248077008458,7.060901087521701,99.44498995621736,True,5.424393565625415,0.238409885541941,0.0439514357978656,1.3374865816618122
1913,0.438395100359069,2.3319695437394588,7.898928720885332,111.5257207277605,True,4.874237669685978,0.2114463474386502,0.0433803933594958,1.3451953688257996
1914,0.2945525611427584,2.052417696652411,9.804288060375058,115.45020343726392,True,6.057849311941644,0.1706555846297767,0.0281709854177734,1.2919160039201951
1915,0.3327490697847723,1.1920063852774037,4.916729650654708,133.0279159058872,True,6.059070508666419,0.2848784002036771,0.0470168485077388,1.3391788600041887
1916,0.3511326452240743,1.658161845045175,3.861141961999471,128.5984464022386,True,6.058693535562552,0.217054492928067,0.0358252966013263,1.3390062837032426
1917,0.2833462367778269,2.27911622337072,10.36504035295391,62.50217573569705,True,3.415364973033198,0.1895348337328028,0.0554947524581761,1.372658670709554
1918,0.3796254953608969,2.1269488217846475,4.427660035168113,137.59121291523394,True,6.058823594317538,0.185521706230049,0.0306200871080066,1.3279105237971294
1919,0.4056074438432981,2.0755272569180416,5.635442563973825,51.12621927049049,True,2.3886112332223592,2.1161644444675654,0.885939249985336,0.4505744889147611
1920,0.4195702618363622,1.6077476499286143,6.982741572520972,96.85171697443266,True,4.396946311369461,0.377204428051154,0.0857878175759828,1.3723385953440732
1921,0.4067329765853839,1.234874196966465,4.712513569878945,76.60970509878125,True,3.59307540343539,3.3535575976574465,0.9333390539065958,0.4104540069349109
1922,0.3786532060847859,1.7684735326346,9.934841414235946,109.69592947563068,True,5.249483847984434,0.2410738026229237,0.0459233344846818,1.3286971116545838
1923,0.2895702898933894,1.620831406673599,6.653763383632301,82.82371371888009,True,4.607533253047897,0.2606990785160294,0.0565810519855882,1.3642430059892212
1924,0.2994379894273841,1.543127311068237,11.459443074465714,62.66400597740412,True,3.3134621535255526,2.34678413664792,0.708257414122241,0.5122401219469381
1925,0.3324313961981932,1.3071038195298097,2.9872372705652483,131.46609660410633,True,6.059069945183932,0.2574233242073351,0.0424856168580705,1.349848526513207
1926,0.3410786688794818,2.040617893986153,2.844095236919593,66.89916430926186,True,3.507191751549951,0.2716458066276161,0.0774539363317008,1.431745545173333
1927,0.347883292416927,1.8837504016715088,3.8428258913825175,51.98992962570589,True,2.691820912474294,2.5276184825711625,0.9389994969047928,0.4384722804751386
1928,0.3709987906716212,1.6223231716202695,3.663631556405207,107.68796216487088,True,5.346794183068569,0.2676259593870203,0.0500535367967778,1.3638323037715798
1929,0.3893491069010989,2.074126839337074,11.061154441465913,89.80529947401477,True,4.1828086316857895,0.2333120298679367,0.0557787961181254,1.3536535889407353
1930,0.3359133297698127,1.4433523866675269,3.814716094829775,50.02703497736589,True,2.6384727428582653,2.4874791292792824,0.942772342830644,0.3864817517168744
1931,0.3227671877128973,1.1444551174844468,4.419410622646215,129.32303227248445,True,6.059029981151388,0.3037392151293022,0.0501300069605503,1.3425212634559882
1932,0.3746389974974519,1.731135973069229,4.101725323365788,131.20528271309604,True,6.058528660550625,0.2175213832035056,0.035903334850897,1.3374260857995357
1933,0.3097215768924303,1.0133193058896075,2.5558833500707165,102.13714967236416,True,5.575003211731251,3.3418447717203685,0.5994336944395406,1.0945039281173503
1934,0.3892472292624235,1.253919733605522,9.829540664065568,96.10517723111748,True,4.521363912535277,3.083813283540459,0.6820537658981013,0.9830238321253616
1935,0.4346568465387225,1.77365661835488,8.590918791441258,56.934011689293065,True,2.470851379795375,1.9149528858907023,0.7750174298420532,0.4351265932735613
1936,0.411428123812607,1.385062913573342,4.277292750197226,125.93099227864444,True,5.828175398303034,0.3239653259329313,0.0555860631832149,1.3474705533582465
1937,0.2898355344248027,1.5243911148653884,5.265715759111982,114.33797522765684,True,6.058334661708296,0.218688267810184,0.0360970926866096,1.32960173602789
1938,0.3758032604523081,2.3103634504570065,9.387877566162588,95.99409499090584,True,4.625736816747106,0.197817283675586,0.0427644916933891,1.3421299269398692
1939,0.368049762685526,2.291479010080593,11.48826066587203,113.96455539355276,True,5.494539842757362,0.1815644927972599,0.0330445311151195,1.3044773018891225
1940,0.3362401273777647,1.9037934491997464,3.908726448854724,59.66234539728833,True,3.1417174163037638,0.4528794127084898,0.1441502696449712,1.4368138974815785
1941,0.4442510396529337,1.2984971020882436,11.116362214738228,91.1580138732608,True,3.855634354502503,2.9151632588647693,0.7560787644348388,0.4757279791917055
1942,0.4047818914312503,1.6969814368052276,10.429738925224587,98.1908317486066,True,4.483789077655473,0.2955312387762001,0.0659110483695478,1.3509120003216846
1943,0.3366025057109114,1.557285533305081,7.846579742293913,72.390757729672,True,3.7368892621747194,1.3669569854615513,0.365800774269141,1.2807450843953996
1944,0.3286879589713602,1.3788447701901732,11.313992220361644,132.7231994352586,True,6.058889308927588,0.2391102350312407,0.0394643676158465,1.306715679753483
1945,0.4121101174292687,1.1715290079333585,2.4774754263141467,114.87996548229567,True,5.346851354493925,1.2119208451032737,0.226660657787817,1.377837527734826
1946,0.3019827909791163,1.78677614920129,7.446534309826728,88.88690236072142,True,4.8392491343043895,0.2232824416244838,0.0461398939024823,1.3499892615916955
1947,0.3880740490364253,2.1000707201933864,6.546435600716664,101.14247444176442,True,4.84599090169402,0.2179978934534151,0.0449852048581455,1.3544682865215307
1948,0.2859349678462109,2.4269406775827864,4.476825798904919,135.46691006644932,True,6.059017030059963,0.147522800084754,0.0243476457241933,1.2825131415133848
1949,0.2989343262323493,2.110093001995488,6.163102244464627,78.60779884769482,True,4.324341271071838,0.1974955537726584,0.045670667829532,1.367986658633713
1950,0.3189134147952864,1.7343968714991975,11.21822917712517,104.38324704374504,True,5.43534956427014,0.2172385250297223,0.0399677191799702,1.315968478851954
1951,0.384531060314997,1.0347354316966233,5.926094832962238,83.7797258637971,True,4.054025044004412,3.703563089664337,0.913552099324502,0.4259527169993351
1952,0.3609246682522434,2.36722704204283,4.93433528448363,55.14850458357978,True,2.7829168172509138,0.268938093061188,0.0966389262496378,1.4364926855009772
1953,0.4416953804167259,1.314811987757868,3.2122296445155434,117.75567261888308,True,5.199376272862175,0.4857153183034942,0.093417997239141,1.3757566391545342
1954,0.4156129024141222,1.4465055042416768,2.100135959732155,84.62949364129905,True,3.9387043603386127,3.790870544818945,0.9624663843754552,0.4504424822340951
1955,0.4265699016365769,1.4533164705640602,3.238412225530562,70.4636121140736,True,3.21352936917686,3.070612490422464,0.9555265061134312,0.4018391892503388
1956,0.3493610309886517,1.266094860728724,7.451048623664628,102.68840356740408,True,5.209940920798841,0.4182513689673036,0.0802794840336064,1.3466846845512648
1957,0.4457666301421043,1.8893607036677575,7.415164216779919,65.08913055545415,True,2.804560162241396,2.35891012542129,0.8410980649229706,0.4684340298814478
1958,0.3719623399492875,2.109480117160406,6.636981896186092,88.23481041889877,True,4.340172754389003,0.2261176972386751,0.052098778098179,1.3698686110170413
1959,0.4172528374401907,2.274460929413689,4.97629319313525,71.40527573679714,True,3.285644325687099,0.2897307688725374,0.0881808072186719,1.4206325015329746
1960,0.3820105206955786,1.0987983795858336,3.3246506778701264,94.07300594698276,True,4.606590952345842,4.361495415576152,0.9467945951127094,0.4450650491611752
1961,0.4024758990013093,2.1367925019518,7.397464068034758,72.53211381699393,True,3.3778823347735423,0.2835009849789645,0.0839286147005386,1.4006427329929894
1962,0.4111367253108943,1.6437226109388208,11.332265003292989,108.68721074382874,True,4.887073425484559,0.2805441901436569,0.0574053560727585,1.335351025733647
1963,0.4009905946344543,1.3753874145911698,2.283693718241946,110.1293570356209,True,5.227162462003884,0.4399269599547438,0.0841617154914472,1.3819054328736682
1964,0.440378265964272,1.2825683286917702,8.915792057016235,66.03164633634219,True,2.8392442139453515,2.2373861532018813,0.7880217355776024,0.4226648444636369
1965,0.2987329057534367,2.26972080960191,2.3643637119085765,115.81250191429154,True,6.058387951761111,0.163520684270241,0.0269907912091874,1.323028097173892
1966,0.3528665611915039,1.178151924351856,5.704913534877926,109.03170785006,True,5.533341966298494,0.4673715095805559,0.0844645988675813,1.3479724554787915
1967,0.3324799548305323,2.295479337205234,2.7048328584364407,69.43805007109428,True,3.686809271720908,0.2109669106775427,0.0572220842276087,1.420758856502239
1968,0.3514627886401862,1.99218737372846,8.642290268839034,103.76943341081196,True,5.21659052493249,0.2069849393313919,0.0396782032904663,1.331161336872836
1969,0.4157749013565334,2.0269170810105197,3.05014741668124,55.3123216867263,True,2.5747102162018103,2.4540145249871745,0.9531226114476352,0.4269863445987298
1970,0.38146676396223,1.4784779427980326,6.748352938919441,79.53311839465793,True,3.852260577213183,2.9760792318276854,0.7725539776389302,0.8204023851088555
1971,0.2837349168972118,2.0834802155067464,9.408509827262264,109.79512944638812,True,6.039047076030196,0.1671837594906114,0.0276837980207484,1.2907378415310813
1972,0.3557599788858479,1.1540056772462317,11.732322529529828,130.23901514121434,True,6.058333052397924,0.3099182570341245,0.0511556981687325,1.3064960125629494
1973,0.2912962331975179,1.4723877330816415,8.828082751603903,106.80548530766616,True,5.854397247903359,0.2387048792318202,0.0407736047152092,1.3172822150327843
1974,0.3755753532601592,2.105444467984399,3.580207875981268,66.32127208325923,True,3.288640440281392,0.3110136712419505,0.0945721117555006,1.4336134521190074
1975,0.3293544873278284,2.3712822776507174,4.660274172412702,106.04017902924036,True,5.586011691150088,0.1713664974041173,0.0306777906812499,1.3286277069374903
1976,0.4497488442669884,1.7648593066608846,11.271905950355135,75.79270044986556,True,3.146673238709486,2.1686204029111007,0.6891787733894148,0.6508903218475153
1977,0.3975967329201983,1.100228369743128,3.350076207349841,105.02865556968216,True,5.006081372320718,4.521040217125443,0.903109614262938,0.4872059138385904
1978,0.3497500709901601,1.5048449696855797,9.41549759626747,132.53088280542983,True,6.058725351908386,0.2313771462410068,0.0381890798479794,1.3123362587501628
1979,0.3268447879546575,1.6922117822309597,6.975351167501863,106.36573247638668,True,5.586369948085383,0.2257420844197078,0.0404094405700926,1.3323407543030394
1980,0.3841546123690662,2.0639542930981247,5.765931659616932,81.60908363256547,True,3.953227036428253,0.258330096036994,0.065346637988795,1.3905608737749755
1981,0.4323331287053829,2.3131046713963594,2.044075084526225,91.33518304392868,True,4.126074700469989,0.237059957353363,0.0574541118526914,1.4159773752407756
1982,0.3883745961186782,1.825230360283828,9.00351973136096,83.94992152942035,True,3.9690538516674585,0.2991147114901331,0.0753617165875616,1.3731601789497732
1983,0.3049840496973608,2.328122016730463,4.03688570414989,60.51624518178,True,3.333123977090432,0.2062687041723553,0.0618844980235066,1.4187415020206506
1984,0.3908217486348802,2.248578365124394,10.333925903176372,118.82197170727562,True,5.559072140108821,0.1914599622452641,0.034440992564906,1.3105096911452638
1985,0.2888257462467701,1.609477970230615,9.136560565672031,78.82188480241936,True,4.333522438519849,0.2656911053858214,0.0613106564360078,1.3599313430435136
1986,0.4359242311259841,1.2330618197654022,11.670336425634174,109.29137543382576,True,4.694538470826313,2.2943589065110945,0.4887293864496229,1.1428528374828582
1987,0.365655608065388,1.923321755361956,3.996723551923678,131.82737243615878,True,6.058688708870798,0.1967468372519367,0.0324735015621236,1.334132141521116
1988,0.4043646275545659,1.9667060947852963,3.600811602439962,107.16449610360628,True,5.044729014432451,0.2346186294714408,0.0465076773797405,1.3712153693394278
1989,0.3123544006124437,1.2503077364931072,8.654475970500593,117.5926516623389,True,6.057948906009248,0.2888823999327913,0.0476865032067588,1.3167544237678008
1990,0.356997937471217,2.4480554210982017,5.381544464102152,77.05804314029513,True,3.902749472418853,0.1990065221854089,0.0509913648292849,1.3874741033349194
1991,0.3420363346601088,1.2596394016294257,5.177448563654118,68.00681944948482,True,3.5305539023917056,3.2608174989072496,0.923599409344316,0.4166348314055272
1992,0.4352875807418629,1.3742178775006797,6.251815048092528,80.36824892913006,True,3.562479071041057,3.20334817819231,0.8991907360893494,0.4396663160066678
1993,0.2942353793311127,1.5399894184305367,7.556100353697259,50.54452114234197,True,2.76982873926018,2.316510590913746,0.8363371200821914,0.4417881049103447
1994,0.432163694965233,2.2720312353901373,11.950484521226706,80.67001918917693,True,3.4466975155798973,0.2562216141718615,0.0743382942697113,1.373852711170756
1995,0.2808161404022823,1.8288278622490213,3.290365306023214,116.15122238232568,True,6.058690344287649,0.1828586838587944,0.0301812229158072,1.3328670677363363
1996,0.4208646930350384,2.016098508377544,10.245275229319446,87.08237863399327,True,3.86327500798013,0.2735194399520183,0.0707998885368051,1.3696913280534946
1997,0.3409733788340674,1.6211070398002378,10.50719411789418,75.15751428745648,True,3.785254248072608,0.4193826820143982,0.1107937946910544,1.3729466882343782
1998,0.4285720154062896,1.1403520272276364,5.674722481854814,110.7797401826502,True,4.973930052284491,3.6407482753146647,0.7319661187520108,0.9508582230495048
1999,0.3655834973203777,2.4058906486806526,11.998838769210035,125.87215674292996,True,6.046301280534853,0.1683463928265111,0.0278428720329363,1.2814949232249666
